property_type,area_units,area_m2,land_area,rooms,floor,total_floors,has_repair,has_kupca,has_mortgage,photo_count,city,location_level_2,location_level_3,floor_ratio,is_first_floor,is_top_floor,area_per_room,description_has_parking,description_has_furnished,price_azn
menziller/yeni-tikili,m²,50.0,,2.0,6.0,16.0,True,False,False,10,Bakı,28-may,,0.375,False,False,25.0,False,,750
menziller/yeni-tikili,m²,40.0,,1.0,1.0,6.0,True,False,False,6,Bakı,sabuncu,nardaran,0.16666666666666666,True,False,40.0,False,,250
menziller/yeni-tikili,m²,157.0,,3.0,10.0,20.0,True,False,False,18,Bakı,xetai,ag-sheher,0.5,False,False,52.333333333333336,True,,1999
menziller/yeni-tikili,m²,55.0,,2.0,14.0,19.0,True,False,False,14,Bakı,hezi-aslanov,,0.7368421052631579,False,False,27.5,False,,550
menziller/yeni-tikili,m²,140.0,,3.0,4.0,7.0,True,False,False,27,Bakı,xetai,ag-sheher,0.5714285714285714,False,False,46.666666666666664,False,,2400
menziller/yeni-tikili,m²,60.0,,2.0,5.0,19.0,True,False,False,19,Bakı,hezi-aslanov,,0.2631578947368421,False,False,30.0,False,True,600
qarajlar,m²,24.0,,,,,,False,False,7,Bakı,neriman-nerimanov,,,,,,False,,250
menziller/yeni-tikili,m²,157.0,,3.0,10.0,20.0,True,False,False,15,Bakı,xetai,ag-sheher,0.5,False,False,52.333333333333336,True,,2000
menziller/yeni-tikili,m²,63.0,,2.0,5.0,12.0,True,False,False,11,Bakı,8-noyabr,,0.4166666666666667,False,False,31.5,False,,1099
menziller/yeni-tikili,m²,170.0,,4.0,4.0,6.0,True,False,False,10,Bakı,xetai,ag-sheher,0.6666666666666666,False,False,42.5,False,,2999
menziller/kohne-tikili,m²,55.0,,2.0,3.0,9.0,True,False,False,8,Bakı,xalqlar-dostlugu,,0.3333333333333333,False,False,27.5,False,,500
menziller/yeni-tikili,m²,80.0,,3.0,15.0,16.0,True,False,False,8,Xırdalan,,,0.9375,False,False,26.666666666666668,False,,600
menziller/yeni-tikili,m²,130.0,,3.0,13.0,20.0,True,False,False,12,Bakı,8-noyabr,,0.65,False,False,43.333333333333336,False,,1200
menziller/yeni-tikili,m²,140.0,,3.0,14.0,18.0,True,False,False,14,Bakı,8-noyabr,,0.7777777777777778,False,False,46.666666666666664,True,,1200
menziller/yeni-tikili,m²,70.0,,2.0,5.0,20.0,True,False,False,9,Bakı,sah-ismayil-xetai,,0.25,False,False,35.0,False,True,1500
menziller/yeni-tikili,m²,122.0,,3.0,3.0,17.0,True,False,False,17,Bakı,elmler-akademiyasi,,0.17647058823529413,False,False,40.666666666666664,False,,1700
heyet-evleri,m²,300.0,8.0,4.0,,,True,False,False,8,Bakı,xezer,buzovna,,,,75.0,False,,250
menziller/yeni-tikili,m²,168.0,,4.0,3.0,7.0,True,False,False,21,Bakı,xetai,ag-sheher,0.42857142857142855,False,False,42.0,True,,4000
menziller/yeni-tikili,m²,70.0,,2.0,3.0,20.0,True,False,False,19,Bakı,sah-ismayil-xetai,,0.15,False,False,35.0,False,,1400
menziller/yeni-tikili,m²,130.0,,3.0,4.0,7.0,True,False,False,13,Bakı,xetai,ag-sheher,0.5714285714285714,False,False,43.333333333333336,True,,2200
menziller/yeni-tikili,m²,70.0,,2.0,10.0,20.0,True,False,False,13,Bakı,xetai,ag-sheher,0.5,False,False,35.0,False,,1500
menziller/yeni-tikili,m²,100.0,,2.0,2.0,6.0,True,False,False,10,Bakı,iceri-seher-metrosu,,0.3333333333333333,False,False,50.0,False,,2000
menziller/kohne-tikili,m²,50.0,,1.0,1.0,5.0,True,False,False,10,Bakı,insaatcilar,,0.2,True,False,50.0,False,,600
menziller/kohne-tikili,m²,80.0,,3.0,3.0,5.0,True,False,False,9,Bakı,elmler-akademiyasi,,0.6,False,False,26.666666666666668,False,True,800
menziller/yeni-tikili,m²,140.0,,3.0,2.0,15.0,True,False,False,22,Bakı,nizami-metrosu,,0.13333333333333333,False,False,46.666666666666664,False,True,1300
menziller/yeni-tikili,m²,90.0,,2.0,10.0,16.0,True,False,False,9,Bakı,8-noyabr,,0.625,False,False,45.0,False,,900
menziller/yeni-tikili,m²,98.0,,2.0,4.0,18.0,True,False,False,21,Bakı,sah-ismayil-xetai,,0.2222222222222222,False,False,49.0,False,,1800
menziller/yeni-tikili,m²,65.0,,2.0,2.0,4.0,True,False,False,10,Bakı,iceri-seher-metrosu,,0.5,False,False,32.5,False,,950
ofisler,m²,350.0,,8.0,,,True,False,False,15,Bakı,nesimi,,,,,43.75,False,,2500
menziller/yeni-tikili,m²,210.0,,4.0,9.0,18.0,True,False,False,18,Bakı,28-may,,0.5,False,False,52.5,False,,1900
menziller/yeni-tikili,m²,65.0,,2.0,10.0,17.0,True,False,False,13,Bakı,sah-ismayil-xetai,,0.5882352941176471,False,False,32.5,False,True,699
menziller/kohne-tikili,m²,70.0,,3.0,9.0,9.0,True,False,False,12,Bakı,qara-qarayev,,1.0,False,True,23.333333333333332,False,,800
menziller/yeni-tikili,m²,60.0,,2.0,10.0,19.0,True,False,False,10,Bakı,qara-qarayev,,0.5263157894736842,False,False,30.0,False,True,700
menziller/yeni-tikili,m²,75.0,,3.0,16.0,16.0,True,False,False,21,Bakı,yasamal,,1.0,False,True,25.0,False,,1000
menziller/yeni-tikili,m²,75.0,,2.0,14.0,17.0,True,False,False,5,Bakı,xetai,hezi-aslanov-qesebesi,0.8235294117647058,False,False,37.5,False,,125
menziller/yeni-tikili,m²,105.0,,2.0,8.0,16.0,True,False,False,12,Bakı,sah-ismayil-xetai,,0.5,False,False,52.5,False,,1200
ofisler,m²,250.0,,7.0,,,True,False,False,15,Bakı,xetai,ag-sheher,,,,35.714285714285715,False,False,7500
menziller/yeni-tikili,m²,100.0,,3.0,2.0,7.0,True,False,False,18,Bakı,sabuncu,sea-breeze,0.2857142857142857,False,False,33.333333333333336,False,,4500
menziller/kohne-tikili,m²,120.0,,4.0,8.0,9.0,True,False,False,14,Bakı,nesimi-metrosu,,0.8888888888888888,False,False,30.0,False,,800
menziller/yeni-tikili,m²,75.0,,2.0,2.0,7.0,True,False,False,17,Bakı,sabuncu,sea-breeze,0.2857142857142857,False,False,37.5,False,,4500
menziller/yeni-tikili,m²,60.0,,2.0,4.0,6.0,True,False,False,10,Bakı,nesimi,,0.6666666666666666,False,False,30.0,False,,1100
menziller/kohne-tikili,m²,80.0,,3.0,3.0,5.0,True,False,False,9,Bakı,elmler-akademiyasi,,0.6,False,False,26.666666666666668,False,,750
menziller/yeni-tikili,m²,60.0,,2.0,3.0,16.0,True,False,False,19,Bakı,elmler-akademiyasi,,0.1875,False,False,30.0,False,True,1350
menziller/kohne-tikili,m²,31.0,,1.0,1.0,5.0,True,False,False,6,Bakı,bineqedi,7-ci-mikrorayon,0.2,True,False,31.0,False,,450
menziller/yeni-tikili,m²,105.0,,2.0,18.0,27.0,True,False,False,28,Bakı,nesimi,,0.6666666666666666,False,False,52.5,True,True,1600
menziller/yeni-tikili,m²,60.0,,2.0,10.0,19.0,True,False,False,15,Bakı,qara-qarayev,,0.5263157894736842,False,False,30.0,False,,665
menziller/kohne-tikili,m²,56.0,,2.0,5.0,5.0,True,False,False,4,Bakı,bineqedi,9-cu-mikrorayon,1.0,False,True,28.0,False,,700
menziller/yeni-tikili,m²,65.0,,2.0,10.0,19.0,True,False,False,14,Bakı,qara-qarayev,,0.5263157894736842,False,False,32.5,False,,700
menziller/kohne-tikili,m²,90.0,,4.0,1.0,9.0,True,False,False,20,Bakı,qara-qarayev,,0.1111111111111111,True,False,22.5,False,,700
menziller/kohne-tikili,m²,50.0,,3.0,5.0,5.0,True,False,False,5,Bakı,elmler-akademiyasi,,1.0,False,True,16.666666666666668,False,,800
menziller/yeni-tikili,m²,55.0,,2.0,11.0,18.0,True,False,False,10,Bakı,20-yanvar,,0.6111111111111112,False,False,27.5,False,,850
menziller/yeni-tikili,m²,50.0,,2.0,8.0,19.0,True,False,False,14,Bakı,nesimi,,0.42105263157894735,False,False,25.0,False,,750
menziller/kohne-tikili,m²,70.0,,3.0,3.0,5.0,True,False,False,16,Bakı,qara-qarayev,,0.6,False,False,23.333333333333332,False,,800
menziller/yeni-tikili,m²,60.0,,2.0,3.0,16.0,True,False,False,12,Bakı,elmler-akademiyasi,,0.1875,False,False,30.0,False,,1300
menziller/yeni-tikili,m²,80.0,,2.0,10.0,18.0,True,False,False,28,Bakı,sah-ismayil-xetai,,0.5555555555555556,False,False,40.0,False,True,1400
menziller/kohne-tikili,m²,45.0,,2.0,1.0,2.0,True,False,False,5,Bakı,genclik,,0.5,True,False,22.5,False,True,600
menziller/yeni-tikili,m²,150.0,,3.0,5.0,14.0,True,False,False,16,Bakı,8-noyabr,,0.35714285714285715,False,False,50.0,False,,1300
menziller/yeni-tikili,m²,98.0,,3.0,4.0,18.0,True,False,False,22,Bakı,sah-ismayil-xetai,,0.2222222222222222,False,False,32.666666666666664,False,,2200
ofisler,m²,160.0,,5.0,,,True,False,False,10,Bakı,sahil,,,,,32.0,False,,2500
menziller/kohne-tikili,m²,31.0,,1.0,1.0,5.0,True,False,False,6,Sumqayıt,,,0.2,True,False,31.0,False,,250
menziller/yeni-tikili,m²,64.0,,2.0,6.0,19.0,True,False,False,7,Bakı,memar-ecemi,,0.3157894736842105,False,False,32.0,False,,699
ofisler,m²,400.0,,10.0,,,True,False,False,14,Bakı,nesimi-metrosu,,,,,40.0,False,,2200
menziller/yeni-tikili,m²,110.0,,3.0,14.0,20.0,True,False,False,11,Bakı,nesimi,,0.7,False,False,36.666666666666664,False,True,1200
menziller/yeni-tikili,m²,100.0,,3.0,15.0,16.0,True,False,False,7,Bakı,xalqlar-dostlugu,,0.9375,False,False,33.333333333333336,False,True,1000
menziller/yeni-tikili,m²,85.0,,2.0,13.0,17.0,True,False,False,16,Bakı,azadliq-prospekti,,0.7647058823529411,False,False,42.5,False,True,800
menziller/yeni-tikili,m²,67.0,,2.0,14.0,19.0,True,False,False,19,Bakı,neriman-nerimanov,,0.7368421052631579,False,False,33.5,False,True,1000
obyektler,m²,170.0,,,,,True,False,False,4,Bakı,sah-ismayil-xetai,,,,,,False,,1999
heyet-evleri,m²,50.0,1.0,1.0,,,True,False,False,9,Bakı,suraxani,yeni-gunesli,,,,50.0,False,,200
menziller/yeni-tikili,m²,145.0,,3.0,17.0,20.0,True,False,False,13,Bakı,elmler-akademiyasi,,0.85,False,False,48.333333333333336,False,True,1350
menziller/yeni-tikili,m²,50.0,,1.0,3.0,5.0,True,False,False,13,Bakı,sabuncu,,0.6,False,False,50.0,False,True,5999
menziller/yeni-tikili,m²,76.0,,2.0,10.0,17.0,True,False,False,11,Bakı,memar-ecemi,,0.5882352941176471,False,False,38.0,False,True,1000
menziller/kohne-tikili,m²,80.0,,3.0,7.0,9.0,True,False,False,17,Bakı,sabuncu,bakixanov,0.7777777777777778,False,False,26.666666666666668,False,,550
menziller/kohne-tikili,m²,65.0,,3.0,8.0,9.0,True,False,False,20,Bakı,bineqedi,8-ci-mikrorayon,0.8888888888888888,False,False,21.666666666666668,False,,600
menziller/kohne-tikili,m²,60.0,,2.0,3.0,5.0,True,False,False,5,Bakı,nizami-metrosu,,0.6,False,False,30.0,False,,650
ofisler,m²,165.0,,7.0,,,True,False,False,13,Bakı,memar-ecemi,,,,,23.571428571428573,False,,2500
menziller/yeni-tikili,m²,60.0,,2.0,13.0,16.0,True,False,False,18,Bakı,sabuncu,,0.8125,False,False,30.0,False,True,750
menziller/yeni-tikili,m²,100.0,,3.0,2.0,16.0,True,False,False,5,Bakı,yasamal,yeni-yasamal,0.125,False,False,33.333333333333336,False,True,600
menziller/yeni-tikili,m²,79.0,,2.0,7.0,17.0,True,False,False,18,Bakı,neriman-nerimanov,,0.4117647058823529,False,False,39.5,False,,1200
menziller/yeni-tikili,m²,181.0,,4.0,18.0,18.0,True,False,False,16,Bakı,sah-ismayil-xetai,,1.0,False,True,45.25,False,True,2500
menziller/yeni-tikili,m²,65.0,,3.0,4.0,5.0,True,False,False,17,Bakı,sebail,badamdar,0.8,False,False,21.666666666666668,False,True,600
ofisler,m²,64.0,,2.0,,,True,False,False,6,Bakı,28-may,,,,,32.0,False,True,1280
menziller/yeni-tikili,m²,113.0,,3.0,16.0,20.0,True,False,False,17,Bakı,sah-ismayil-xetai,,0.8,False,False,37.666666666666664,False,,1600
menziller/yeni-tikili,m²,70.0,,2.0,4.0,8.0,True,False,False,13,Bakı,nesimi,,0.5,False,False,35.0,False,,1000
menziller/yeni-tikili,m²,105.0,,3.0,5.0,16.0,True,False,False,13,Bakı,genclik,,0.3125,False,False,35.0,False,,900
menziller/yeni-tikili,m²,160.0,,3.0,5.0,15.0,True,False,False,26,Bakı,sahil,,0.3333333333333333,False,False,53.333333333333336,False,,2000
ofisler,m²,64.0,,2.0,,,True,False,False,6,Bakı,28-may,,,,,32.0,False,,1280
menziller/yeni-tikili,m²,124.0,,3.0,17.0,17.0,True,False,False,12,Bakı,azadliq-prospekti,,1.0,False,True,41.333333333333336,False,True,1400
menziller/yeni-tikili,m²,130.0,,3.0,17.0,17.0,True,False,False,13,Bakı,neriman-nerimanov,,1.0,False,True,43.333333333333336,False,,1300
menziller/kohne-tikili,m²,65.0,,2.0,2.0,5.0,True,False,False,4,Bakı,elmler-akademiyasi,,0.4,False,False,32.5,False,,750
menziller/yeni-tikili,m²,200.0,,4.0,7.0,17.0,True,False,False,11,Bakı,sahil,,0.4117647058823529,False,False,50.0,False,,1300
menziller/kohne-tikili,m²,57.0,,2.0,3.0,4.0,True,False,False,7,Bakı,elmler-akademiyasi,,0.75,False,False,28.5,False,,130
ofisler,m²,49.0,,2.0,,,True,False,False,7,Bakı,28-may,,,,,24.5,False,,980
menziller/yeni-tikili,m²,120.0,,3.0,9.0,16.0,True,False,False,12,Bakı,neftciler,,0.5625,False,False,40.0,False,,750
ofisler,m²,70.0,,1.0,,,True,False,False,8,Bakı,iceri-seher-metrosu,,,,,70.0,False,,1200
menziller/kohne-tikili,m²,72.0,,4.0,2.0,5.0,True,False,False,8,Bakı,xalqlar-dostlugu,,0.4,False,False,18.0,False,,700
menziller/yeni-tikili,m²,85.0,,3.0,7.0,18.0,True,False,False,30,Bakı,bakmil,,0.3888888888888889,False,False,28.333333333333332,False,,1499
menziller/yeni-tikili,m²,180.0,,4.0,5.0,17.0,True,False,False,24,Bakı,nizami-metrosu,,0.29411764705882354,False,False,45.0,False,,1500
menziller/yeni-tikili,m²,75.0,,3.0,7.0,18.0,True,False,False,14,Bakı,nizami-metrosu,,0.3888888888888889,False,False,25.0,False,,850
menziller/yeni-tikili,m²,85.0,,2.0,12.0,17.0,True,False,False,8,Bakı,28-may,,0.7058823529411765,False,False,42.5,False,,1100
menziller/yeni-tikili,m²,160.0,,3.0,18.0,23.0,True,False,False,15,Bakı,nizami-metrosu,,0.782608695652174,False,False,53.333333333333336,False,,1500
menziller/yeni-tikili,m²,90.0,,2.0,5.0,20.0,True,False,False,21,Bakı,elmler-akademiyasi,,0.25,False,False,45.0,False,,2000
heyet-evleri,m²,200.0,5.0,2.0,,,True,False,False,26,Bakı,xezer,merdekan,,,,100.0,False,,150
menziller/yeni-tikili,m²,75.0,,2.0,2.0,16.0,True,False,False,24,Bakı,insaatcilar,,0.125,False,False,37.5,False,,650
menziller/kohne-tikili,m²,60.0,,2.0,4.0,10.0,True,False,False,12,Bakı,xetai,,0.4,False,False,30.0,False,True,590
menziller/kohne-tikili,m²,60.0,,2.0,3.0,9.0,True,False,False,7,Bakı,nerimanov,,0.3333333333333333,False,False,30.0,False,True,750
menziller/yeni-tikili,m²,75.0,,2.0,6.0,12.0,True,False,False,14,Bakı,nesimi-metrosu,,0.5,False,False,37.5,False,,900
menziller/kohne-tikili,m²,60.0,,2.0,1.0,5.0,True,False,False,10,Bakı,sahil,,0.2,True,False,30.0,False,,70
menziller/yeni-tikili,m²,70.0,,2.0,16.0,20.0,True,False,False,17,Bakı,sebail,badamdar,0.8,False,False,35.0,False,,800
menziller/yeni-tikili,m²,60.0,,2.0,11.0,19.0,True,False,False,14,Bakı,qara-qarayev,,0.5789473684210527,False,False,30.0,False,,700
ofisler,m²,45.0,,1.0,,,True,False,False,4,Bakı,neriman-nerimanov,,,,,45.0,False,,799
heyet-evleri,m²,80.0,8.0,3.0,,,True,False,False,13,İsmayıllı,,,,,,26.666666666666668,False,,80
menziller/kohne-tikili,m²,73.0,,3.0,3.0,3.0,True,False,False,16,Bakı,nerimanov,,1.0,False,True,24.333333333333332,False,True,800
heyet-evleri,m²,110.0,2.0,3.0,,,True,False,False,8,Bakı,xezer,merdekan,,,,36.666666666666664,False,,250
menziller/yeni-tikili,m²,145.0,,3.0,5.0,16.0,True,False,False,12,Bakı,sah-ismayil-xetai,,0.3125,False,False,48.333333333333336,False,,1295
menziller/kohne-tikili,m²,50.0,,2.0,3.0,5.0,True,False,False,15,Bakı,elmler-akademiyasi,,0.6,False,False,25.0,False,,800
menziller/yeni-tikili,m²,60.0,,2.0,7.0,12.0,True,False,False,7,Xırdalan,,,0.5833333333333334,False,False,30.0,False,,450
menziller/yeni-tikili,m²,60.0,,2.0,10.0,19.0,True,False,False,15,Bakı,qara-qarayev,,0.5263157894736842,False,False,30.0,False,,700
menziller/yeni-tikili,m²,42.0,,1.0,10.0,15.0,True,False,False,10,Bakı,28-may,,0.6666666666666666,False,False,42.0,False,,730
obyektler,m²,120.0,,,,,True,False,False,4,Bakı,xezer,buzovna,,,,,False,,1500
menziller/kohne-tikili,m²,80.0,,3.0,4.0,9.0,True,False,False,8,Bakı,genclik,,0.4444444444444444,False,False,26.666666666666668,False,,599
menziller/yeni-tikili,m²,75.0,,3.0,2.0,16.0,True,False,False,12,Bakı,dernegul,,0.125,False,False,25.0,True,True,1100
menziller/yeni-tikili,m²,50.0,,2.0,3.0,8.0,True,False,False,9,Bakı,sabuncu,bakixanov,0.375,False,False,25.0,False,,699
menziller/yeni-tikili,m²,55.0,,2.0,3.0,17.0,True,False,False,12,Bakı,neftciler,,0.17647058823529413,False,False,27.5,False,,700
menziller/yeni-tikili,m²,120.0,,3.0,13.0,19.0,True,False,False,20,Bakı,sah-ismayil-xetai,,0.6842105263157895,False,False,40.0,False,True,1600
menziller/yeni-tikili,m²,140.0,,3.0,8.0,17.0,True,False,False,16,Bakı,nesimi,,0.47058823529411764,False,False,46.666666666666664,False,,1000
menziller/kohne-tikili,m²,60.0,,2.0,2.0,9.0,True,False,False,18,Bakı,8-noyabr,,0.2222222222222222,False,False,30.0,False,True,700
heyet-evleri,m²,450.0,5.0,8.0,,,True,False,False,10,Bakı,genclik,,,,,56.25,False,,4000
heyet-evleri,m²,100.0,3.0,2.0,,,True,False,False,27,Qəbələ,,,,,,50.0,False,,80
obyektler,m²,180.0,,,,,True,False,False,15,Bakı,nesimi,,,,,,False,,2700
heyet-evleri,m²,100.0,2.0,3.0,,,True,False,False,10,Bakı,bineqedi,bileceri,,,,33.333333333333336,False,,400
menziller/kohne-tikili,m²,65.0,,2.0,7.0,9.0,True,False,False,6,Bakı,memar-ecemi,,0.7777777777777778,False,False,32.5,False,,750
menziller/yeni-tikili,m²,80.0,,3.0,4.0,7.0,True,False,False,21,Bakı,20-yanvar,,0.5714285714285714,False,False,26.666666666666668,False,,800
heyet-evleri,m²,75.0,2.5,3.0,,,True,False,False,10,Bakı,abseron,hokmeli,,,,25.0,False,,350
menziller/yeni-tikili,m²,65.0,,2.0,12.0,25.0,True,False,False,8,Bakı,sah-ismayil-xetai,,0.48,False,False,32.5,False,,900
menziller/yeni-tikili,m²,100.0,,2.0,8.0,19.0,True,False,False,28,Bakı,nesimi,,0.42105263157894735,False,False,50.0,False,True,1200
menziller/yeni-tikili,m²,65.0,,2.0,6.0,17.0,True,False,False,12,Bakı,hezi-aslanov,,0.35294117647058826,False,False,32.5,False,,650
menziller/yeni-tikili,m²,120.0,,3.0,5.0,18.0,True,False,False,28,Bakı,insaatcilar,,0.2777777777777778,False,False,40.0,False,,850
menziller/kohne-tikili,m²,55.0,,2.0,4.0,5.0,True,False,False,7,Bakı,insaatcilar,,0.8,False,False,27.5,False,,578
obyektler,m²,150.0,,,,,True,False,False,16,Bakı,nerimanov,,,,,,False,,3500
ofisler,m²,70.0,,1.0,,,True,False,False,7,Bakı,elmler-akademiyasi,,,,,70.0,False,,700
menziller/kohne-tikili,m²,80.0,,3.0,9.0,9.0,True,False,False,4,Bakı,genclik,,1.0,False,True,26.666666666666668,False,,190
menziller/yeni-tikili,m²,170.0,,3.0,3.0,9.0,True,False,False,13,Bakı,memar-ecemi,,0.3333333333333333,False,False,56.666666666666664,False,,950
heyet-evleri,m²,400.0,12.0,5.0,,,True,False,False,11,Bakı,sabuncu,sea-breeze,,,,80.0,False,True,350
heyet-evleri,m²,400.0,16.0,5.0,,,True,False,False,30,Bakı,xezer,merdekan,,,,80.0,False,True,300
heyet-evleri,m²,220.0,6.0,4.0,,,True,False,False,13,Bakı,xezer,merdekan,,,,55.0,False,True,5000
menziller/yeni-tikili,m²,86.0,,2.0,13.0,20.0,True,False,False,7,Bakı,yasamal,yasamal-qesebesi,0.65,False,False,43.0,False,True,850
menziller/kohne-tikili,m²,65.0,,2.0,6.0,9.0,,False,False,18,Bakı,bineqedi,8-ci-mikrorayon,0.6666666666666666,False,False,32.5,False,,500
menziller/yeni-tikili,m²,90.0,,2.0,8.0,18.0,True,False,False,6,Bakı,nesimi,,0.4444444444444444,False,False,45.0,False,,900
obyektler,m²,50.0,,,,,True,False,False,6,Bakı,28-may,,,,,,False,,300
menziller/yeni-tikili,m²,99.0,,3.0,7.0,14.0,True,False,False,19,Xırdalan,,,0.5,False,False,33.0,False,,600
menziller/yeni-tikili,m²,95.0,,3.0,7.0,24.0,True,False,False,6,Bakı,neftciler,,0.2916666666666667,False,False,31.666666666666668,True,,900
menziller/yeni-tikili,m²,50.0,,2.0,3.0,5.0,True,False,False,11,Bakı,xetai,hezi-aslanov-qesebesi,0.6,False,False,25.0,False,,600
heyet-evleri,m²,350.0,8.0,5.0,,,True,False,False,10,Bakı,xezer,merdekan,,,,70.0,False,,6999
heyet-evleri,m²,250.0,8.0,4.0,,,True,False,False,10,Bakı,xezer,merdekan,,,,62.5,False,,4000
heyet-evleri,m²,350.0,12.0,5.0,,,True,False,False,10,Bakı,xezer,buzovna,,,,70.0,False,,4500
heyet-evleri,m²,250.0,6.0,4.0,,,True,False,False,6,Bakı,xezer,buzovna,,,,62.5,False,,4000
heyet-evleri,m²,250.0,8.0,4.0,,,True,False,False,30,Bakı,xezer,merdekan,,,,62.5,False,,4000
heyet-evleri,m²,250.0,8.0,4.0,,,True,False,False,23,Bakı,xezer,merdekan,,,,62.5,False,,5000
heyet-evleri,m²,300.0,8.0,4.0,,,True,False,False,26,Bakı,xezer,merdekan,,,,75.0,False,,6000
heyet-evleri,m²,350.0,12.0,5.0,,,True,False,False,21,Bakı,sabuncu,nardaran,,,,70.0,False,,5000
heyet-evleri,m²,300.0,12.0,5.0,,,True,False,False,13,Bakı,xezer,merdekan,,,,60.0,False,,4000
heyet-evleri,m²,200.0,6.0,4.0,,,True,False,False,14,Bakı,sabuncu,bilgeh,,,,50.0,False,,4000
heyet-evleri,m²,250.0,6.0,4.0,,,True,False,False,13,Bakı,xezer,merdekan,,,,62.5,False,,4000
heyet-evleri,m²,400.0,8.0,5.0,,,True,False,False,19,Bakı,xezer,merdekan,,,,80.0,False,,5000
heyet-evleri,m²,250.0,6.0,4.0,,,True,False,False,9,Bakı,xezer,merdekan,,,,62.5,False,,3999
heyet-evleri,m²,250.0,6.0,4.0,,,True,False,False,11,Bakı,xezer,merdekan,,,,62.5,False,,4000
heyet-evleri,m²,400.0,18.0,6.0,,,True,False,False,9,Bakı,xezer,merdekan,,,,66.66666666666667,False,,5000
heyet-evleri,m²,350.0,12.0,5.0,,,True,False,False,19,Bakı,xezer,merdekan,,,,70.0,False,,4000
heyet-evleri,m²,250.0,6.0,4.0,,,True,False,False,27,Bakı,sabuncu,bilgeh,,,,62.5,False,,5000
heyet-evleri,m²,400.0,12.0,6.0,,,True,False,False,21,Bakı,xezer,merdekan,,,,66.66666666666667,False,,5000
heyet-evleri,m²,400.0,16.0,5.0,,,True,False,False,16,Bakı,xezer,merdekan,,,,80.0,False,,5000
heyet-evleri,m²,350.0,8.0,5.0,,,True,False,False,28,Bakı,xezer,merdekan,,,,70.0,False,,5000
heyet-evleri,m²,350.0,8.0,5.0,,,True,False,False,14,Bakı,xezer,merdekan,,,,70.0,False,,5000
heyet-evleri,m²,400.0,16.0,5.0,,,True,False,False,29,Bakı,xezer,merdekan,,,,80.0,False,,5000
heyet-evleri,m²,350.0,10.0,5.0,,,True,False,False,16,Bakı,xezer,merdekan,,,,70.0,False,,5000
heyet-evleri,m²,300.0,8.0,5.0,,,True,False,False,10,Bakı,xezer,buzovna,,,,60.0,False,,4000
menziller/yeni-tikili,m²,105.0,,3.0,10.0,16.0,True,False,False,9,Bakı,8-noyabr,,0.625,False,False,35.0,False,,850
heyet-evleri,m²,300.0,8.0,4.0,,,True,False,False,27,Bakı,sabuncu,nardaran,,,,75.0,False,,4000
heyet-evleri,m²,500.0,30.0,5.0,,,True,False,False,21,Bakı,xezer,merdekan,,,,100.0,False,,5000
heyet-evleri,m²,400.0,8.0,5.0,,,True,False,False,27,Bakı,xezer,merdekan,,,,80.0,False,,4500
menziller/yeni-tikili,m²,45.0,,2.0,2.0,12.0,True,False,False,12,Bakı,suraxani,massiv-d,0.16666666666666666,False,False,22.5,False,,550
heyet-evleri,m²,350.0,12.0,5.0,,,True,False,False,19,Bakı,sabuncu,nardaran,,,,70.0,False,,5000
heyet-evleri,m²,400.0,16.0,5.0,,,True,False,False,29,Bakı,xezer,suvelan,,,,80.0,False,,5000
heyet-evleri,m²,400.0,12.0,6.0,,,True,False,False,19,Bakı,xezer,merdekan,,,,66.66666666666667,False,,5000
heyet-evleri,m²,350.0,9.0,5.0,,,True,False,False,10,Bakı,xezer,merdekan,,,,70.0,False,,5000
heyet-evleri,m²,250.0,6.0,4.0,,,True,False,False,10,Bakı,xezer,merdekan,,,,62.5,False,,4000
heyet-evleri,m²,350.0,10.0,6.0,,,True,False,False,12,Bakı,sabuncu,bilgeh,,,,58.333333333333336,False,,5000
heyet-evleri,m²,250.0,6.0,4.0,,,True,False,False,17,Bakı,xezer,merdekan,,,,62.5,False,,4000
heyet-evleri,m²,400.0,8.0,5.0,,,True,False,False,28,Bakı,xezer,merdekan,,,,80.0,False,,4500
ofisler,m²,70.0,,3.0,,,True,False,False,11,Bakı,nizami-metrosu,,,,,23.333333333333332,True,,1800
heyet-evleri,m²,400.0,16.0,6.0,,,True,False,False,10,Bakı,xezer,merdekan,,,,66.66666666666667,False,,5000
heyet-evleri,m²,350.0,12.0,5.0,,,True,False,False,13,Bakı,xezer,merdekan,,,,70.0,False,,5000
heyet-evleri,m²,400.0,30.0,5.0,,,,False,False,27,Bakı,abseron,novxani,,,,80.0,False,,5000
heyet-evleri,m²,400.0,6.0,5.0,,,True,False,False,19,Bakı,xezer,merdekan,,,,80.0,False,,5000
menziller/yeni-tikili,m²,72.0,,2.0,7.0,20.0,True,False,False,14,Bakı,insaatcilar,,0.35,False,False,36.0,False,,800
heyet-evleri,m²,400.0,18.0,5.0,,,True,False,False,13,Bakı,xezer,merdekan,,,,80.0,False,,5000
heyet-evleri,m²,350.0,8.0,5.0,,,True,False,False,10,Bakı,xezer,merdekan,,,,70.0,False,,4000
heyet-evleri,m²,400.0,25.0,6.0,,,True,False,False,10,Bakı,sabuncu,bilgeh,,,,66.66666666666667,False,,5000
heyet-evleri,m²,350.0,12.0,5.0,,,True,False,False,11,Bakı,sabuncu,bilgeh,,,,70.0,False,,5000
heyet-evleri,m²,400.0,40.0,5.0,,,True,False,False,26,Bakı,sabuncu,bilgeh,,,,80.0,False,,5000
heyet-evleri,m²,170.0,3.0,2.0,,,True,False,False,11,Bakı,suraxani,hovsan,,,,85.0,False,,500
heyet-evleri,m²,400.0,10.0,5.0,,,True,False,False,13,Bakı,sabuncu,bilgeh,,,,80.0,False,,5000
menziller/yeni-tikili,m²,90.0,,2.0,7.0,17.0,True,False,False,16,Bakı,neftciler,,0.4117647058823529,False,False,45.0,False,,780
heyet-evleri,m²,400.0,20.0,5.0,,,True,False,False,12,Bakı,sabuncu,bilgeh,,,,80.0,False,,5000
menziller/yeni-tikili,m²,120.0,,4.0,2.0,17.0,True,False,False,13,Bakı,hezi-aslanov,,0.11764705882352941,False,False,30.0,False,,900
menziller/yeni-tikili,m²,140.0,,3.0,9.0,16.0,True,False,False,18,Bakı,neriman-nerimanov,,0.5625,False,False,46.666666666666664,False,True,1000
menziller/yeni-tikili,m²,79.0,,2.0,6.0,17.0,True,False,False,12,Bakı,hezi-aslanov,,0.35294117647058826,False,False,39.5,False,,670
menziller/yeni-tikili,m²,80.0,,3.0,4.0,10.0,True,False,False,9,Bakı,yasamal,,0.4,False,False,26.666666666666668,False,,850
menziller/yeni-tikili,m²,95.0,,2.0,6.0,16.0,True,False,False,10,Bakı,nizami-metrosu,,0.375,False,False,47.5,True,True,1400
menziller/yeni-tikili,m²,60.0,,2.0,6.0,17.0,True,False,False,7,Bakı,sah-ismayil-xetai,,0.35294117647058826,False,False,30.0,False,,900
menziller/yeni-tikili,m²,65.0,,2.0,2.0,15.0,True,False,False,9,Bakı,hezi-aslanov,,0.13333333333333333,False,False,32.5,False,,700
menziller/yeni-tikili,m²,105.0,,3.0,15.0,16.0,True,False,False,13,Bakı,xalqlar-dostlugu,,0.9375,False,False,35.0,False,,999
ofisler,m²,75.0,,3.0,,,True,False,False,15,Bakı,genclik,,,,,25.0,False,True,1700
menziller/kohne-tikili,m²,78.0,,3.0,4.0,5.0,True,False,False,8,Bakı,insaatcilar,,0.8,False,False,26.0,False,,600
heyet-evleri,m²,120.0,3.0,4.0,,,True,False,False,10,Bakı,azadliq-prospekti,,,,,30.0,False,,700
menziller/kohne-tikili,m²,80.0,,2.0,7.0,9.0,True,False,False,10,Bakı,insaatcilar,,0.7777777777777778,False,False,40.0,False,,700
menziller/kohne-tikili,m²,20.0,,1.0,1.0,1.0,True,False,False,10,Bakı,elmler-akademiyasi,,1.0,True,True,20.0,False,,440
menziller/yeni-tikili,m²,80.0,,2.0,7.0,12.0,True,False,False,17,Bakı,sabuncu,bakixanov,0.5833333333333334,False,False,40.0,False,,1000
menziller/kohne-tikili,m²,75.0,,3.0,2.0,5.0,True,False,False,5,Bakı,elmler-akademiyasi,,0.4,False,False,25.0,False,True,800
menziller/yeni-tikili,m²,100.0,,2.0,5.0,17.0,True,False,False,16,Bakı,sah-ismayil-xetai,,0.29411764705882354,False,False,50.0,False,,1799
menziller/yeni-tikili,m²,89.0,,3.0,7.0,12.0,True,False,False,12,Bakı,8-noyabr,,0.5833333333333334,False,False,29.666666666666668,False,True,900
menziller/yeni-tikili,m²,60.0,,2.0,6.0,16.0,True,False,False,17,Xırdalan,,,0.375,False,False,30.0,False,True,500
menziller/yeni-tikili,m²,230.0,,4.0,13.0,24.0,True,False,False,29,Bakı,elmler-akademiyasi,,0.5416666666666666,False,False,57.5,False,True,2199
menziller/kohne-tikili,m²,50.0,,2.0,1.0,5.0,True,False,False,6,Bakı,memar-ecemi,,0.2,True,False,25.0,False,,150
menziller/yeni-tikili,m²,100.0,,3.0,10.0,17.0,True,False,False,9,Bakı,8-noyabr,,0.5882352941176471,False,False,33.333333333333336,False,,850
menziller/kohne-tikili,m²,75.0,,3.0,9.0,9.0,True,False,False,12,Bakı,qara-qarayev,,1.0,False,True,25.0,False,,800
obyektler,m²,30.0,,,,,True,False,False,5,Bakı,ehmedli,,,,,,False,,600
menziller/kohne-tikili,m²,40.0,,1.0,5.0,5.0,True,False,False,6,Bakı,genclik,,1.0,False,True,40.0,False,,550
menziller/yeni-tikili,m²,90.0,,3.0,10.0,15.0,True,False,False,10,Bakı,nerimanov,,0.6666666666666666,False,False,30.0,False,,900
menziller/yeni-tikili,m²,60.0,,2.0,11.0,16.0,True,False,False,13,Xırdalan,,,0.6875,False,False,30.0,False,,450
menziller/kohne-tikili,m²,75.0,,3.0,3.0,5.0,True,False,False,14,Bakı,genclik,,0.6,False,False,25.0,False,,850
menziller/yeni-tikili,m²,45.0,,2.0,16.0,20.0,True,False,False,6,Bakı,insaatcilar,,0.8,False,False,22.5,False,,700
ofisler,m²,80.0,,4.0,,,True,False,False,7,Bakı,28-may,,,,,20.0,False,,1959
menziller/yeni-tikili,m²,130.0,,3.0,4.0,7.0,True,False,False,27,Bakı,xetai,ag-sheher,0.5714285714285714,False,False,43.333333333333336,False,True,2800
menziller/yeni-tikili,m²,86.0,,2.0,10.0,19.0,True,False,False,9,Bakı,20-yanvar,,0.5263157894736842,False,False,43.0,False,True,800
menziller/yeni-tikili,m²,80.0,,3.0,5.0,18.0,True,False,False,13,Bakı,nerimanov,,0.2777777777777778,False,False,26.666666666666668,False,True,830
menziller/yeni-tikili,m²,80.0,,3.0,12.0,14.0,True,False,False,13,Bakı,yasamal,yeni-yasamal,0.8571428571428571,False,False,26.666666666666668,False,,830
menziller/yeni-tikili,m²,72.0,,3.0,11.0,17.0,True,False,False,13,Bakı,nerimanov,,0.6470588235294118,False,False,24.0,False,,1300
menziller/kohne-tikili,m²,80.0,,3.0,3.0,5.0,True,False,False,9,Bakı,elmler-akademiyasi,,0.6,False,False,26.666666666666668,False,True,750
menziller/kohne-tikili,m²,90.0,,3.0,2.0,5.0,True,False,False,8,Bakı,neriman-nerimanov,,0.4,False,False,30.0,False,,850
menziller/yeni-tikili,m²,70.0,,2.0,6.0,16.0,True,False,False,19,Bakı,nesimi,,0.375,False,False,35.0,False,True,850
menziller/yeni-tikili,m²,130.0,,3.0,9.0,13.0,True,False,False,14,Bakı,koroglu,,0.6923076923076923,False,False,43.333333333333336,False,True,1100
menziller/yeni-tikili,m²,70.0,,2.0,5.0,16.0,True,False,False,14,Bakı,28-may,,0.3125,False,False,35.0,False,True,1100
menziller/yeni-tikili,m²,120.0,,3.0,5.0,9.0,True,False,False,15,Bakı,iceri-seher-metrosu,,0.5555555555555556,False,False,40.0,False,,1500
menziller/yeni-tikili,m²,50.0,,2.0,2.0,12.0,True,False,False,9,Bakı,suraxani,yeni-gunesli,0.16666666666666666,False,False,25.0,False,,550
menziller/yeni-tikili,m²,85.0,,3.0,12.0,14.0,True,False,False,13,Bakı,yasamal,,0.8571428571428571,False,False,28.333333333333332,False,,830
menziller/yeni-tikili,m²,94.0,,3.0,3.0,16.0,True,False,False,12,Bakı,ehmedli,,0.1875,False,False,31.333333333333332,False,True,800
menziller/yeni-tikili,m²,100.0,,3.0,5.0,17.0,True,False,False,6,Bakı,nerimanov,,0.29411764705882354,False,False,33.333333333333336,False,True,1300
menziller/yeni-tikili,m²,150.0,,3.0,4.0,7.0,True,False,False,29,Bakı,sah-ismayil-xetai,,0.5714285714285714,False,False,50.0,False,,2200
menziller/yeni-tikili,m²,65.0,,2.0,4.0,6.0,True,False,False,13,Bakı,8-noyabr,,0.6666666666666666,False,False,32.5,False,,1099
menziller/yeni-tikili,m²,80.0,,2.0,3.0,11.0,True,False,False,18,Bakı,nizami-metrosu,,0.2727272727272727,False,False,40.0,True,True,1500
menziller/yeni-tikili,m²,90.0,,2.0,2.0,32.0,True,False,False,10,Bakı,28-may,,0.0625,False,False,45.0,False,True,1800
menziller/kohne-tikili,m²,70.0,,3.0,4.0,4.0,True,False,False,8,Bakı,genclik,,1.0,False,True,23.333333333333332,False,,600
menziller/yeni-tikili,m²,108.0,,3.0,5.0,16.0,True,False,False,10,Bakı,elmler-akademiyasi,,0.3125,False,False,36.0,False,True,999
menziller/yeni-tikili,m²,60.0,,3.0,14.0,17.0,True,False,False,10,Bakı,nesimi,,0.8235294117647058,False,False,20.0,False,True,1200
menziller/yeni-tikili,m²,98.0,,2.0,5.0,18.0,True,False,False,18,Bakı,sah-ismayil-xetai,,0.2777777777777778,False,False,49.0,False,True,1800
menziller/yeni-tikili,m²,100.0,,3.0,13.0,18.0,True,False,False,15,Bakı,insaatcilar,,0.7222222222222222,False,False,33.333333333333336,False,,1000
heyet-evleri,m²,75.0,12.0,3.0,,,True,False,False,27,Bakı,xezer,turken,,,,25.0,False,,150
ofisler,m²,80.0,,3.0,,,True,False,False,6,Bakı,nerimanov,,,,,26.666666666666668,False,,1950
menziller/kohne-tikili,m²,50.0,,2.0,2.0,10.0,True,False,False,5,Bakı,xetai,kohne-gunesli,0.2,False,False,25.0,False,,550
menziller/yeni-tikili,m²,115.0,,3.0,11.0,18.0,True,False,False,24,Bakı,sah-ismayil-xetai,,0.6111111111111112,False,False,38.333333333333336,True,,1400
menziller/yeni-tikili,m²,80.0,,2.0,7.0,14.0,True,False,False,9,Xırdalan,,,0.5,False,False,40.0,False,True,450
menziller/yeni-tikili,m²,95.0,,3.0,4.0,19.0,True,False,False,14,Bakı,20-yanvar,,0.21052631578947367,False,False,31.666666666666668,False,True,1050
menziller/yeni-tikili,m²,55.0,,2.0,1.0,5.0,True,False,False,17,Bakı,memar-ecemi,,0.2,True,False,27.5,False,True,500
menziller/yeni-tikili,m²,50.0,,2.0,12.0,20.0,True,False,False,15,Bakı,20-yanvar,,0.6,False,False,25.0,False,True,599
heyet-evleri,m²,60.0,1.0,2.0,,,True,False,False,7,Bakı,insaatcilar,,,,,30.0,False,,600
menziller/yeni-tikili,m²,82.0,,2.0,6.0,18.0,True,False,False,20,Bakı,28-may,,0.3333333333333333,False,False,41.0,False,,1300
obyektler,m²,240.0,,,,,True,False,False,7,Bakı,bineqedi,bineqedi-qesebesi,,,,,False,,1100
menziller/yeni-tikili,m²,60.0,,2.0,11.0,17.0,True,False,False,5,Bakı,dernegul,,0.6470588235294118,False,False,30.0,False,True,750
menziller/yeni-tikili,m²,100.0,,3.0,18.0,18.0,True,False,False,14,Bakı,qara-qarayev,,1.0,False,True,33.333333333333336,False,,1300
obyektler,m²,170.0,,,,,True,False,False,12,Bakı,elmler-akademiyasi,,,,,,False,,2000
menziller/yeni-tikili,m²,95.0,,2.0,2.0,6.0,True,False,False,10,Bakı,xetai,,0.3333333333333333,False,False,47.5,False,,2000
menziller/kohne-tikili,m²,55.0,,2.0,1.0,5.0,True,False,False,5,Bakı,sabuncu,bakixanov,0.2,True,False,27.5,False,,550
menziller/kohne-tikili,m²,70.0,,3.0,3.0,4.0,True,False,False,11,Bakı,nerimanov,,0.75,False,False,23.333333333333332,False,,800
heyet-evleri,m²,60.0,2.0,2.0,,,True,False,False,6,Bakı,abseron,mammadli,,,,30.0,True,,450
menziller/kohne-tikili,m²,70.0,,2.0,3.0,5.0,True,False,False,8,Bakı,neriman-nerimanov,,0.6,False,False,35.0,False,,700
menziller/yeni-tikili,m²,85.0,,3.0,7.0,7.0,True,False,False,8,Xırdalan,,,1.0,False,True,28.333333333333332,False,True,500
menziller/kohne-tikili,m²,35.0,,2.0,7.0,9.0,True,False,False,5,Bakı,bineqedi,bileceri,0.7777777777777778,False,False,17.5,False,,400
ofisler,m²,310.0,,5.0,,,True,False,False,14,Bakı,nerimanov,,,,,62.0,False,True,2000
menziller/yeni-tikili,m²,100.0,,2.0,7.0,14.0,True,False,False,13,Bakı,memar-ecemi,,0.5,False,False,50.0,False,,780
menziller/yeni-tikili,m²,110.0,,3.0,6.0,16.0,True,False,False,15,Bakı,nesimi,,0.375,False,False,36.666666666666664,False,,1050
menziller/kohne-tikili,m²,50.0,,2.0,5.0,5.0,False,False,False,9,Bakı,insaatcilar,,1.0,False,True,25.0,False,,750
menziller/yeni-tikili,m²,80.0,,2.0,7.0,17.0,True,False,False,19,Bakı,sah-ismayil-xetai,,0.4117647058823529,False,False,40.0,False,True,1400
heyet-evleri,m²,170.0,6.0,5.0,,,True,False,False,10,Bakı,xezer,merdekan,,,,34.0,False,,800
menziller/yeni-tikili,m²,120.0,,1.0,14.0,14.0,True,False,False,4,Bakı,insaatcilar,,1.0,False,True,120.0,False,,150
menziller/kohne-tikili,m²,45.0,,2.0,4.0,5.0,True,False,False,8,Bakı,insaatcilar,,0.8,False,False,22.5,False,True,580
menziller/yeni-tikili,m²,65.0,,2.0,15.0,16.0,True,False,False,5,Sumqayıt,,,0.9375,False,False,32.5,False,,430
menziller/yeni-tikili,m²,30.0,,1.0,20.0,20.0,True,False,False,9,Bakı,nerimanov,,1.0,False,True,30.0,False,,650
menziller/kohne-tikili,m²,50.0,,2.0,5.0,5.0,True,False,False,6,Bakı,bineqedi,bineqedi-qesebesi,1.0,False,True,25.0,False,,500
ofisler,m²,85.0,,4.0,,,True,False,False,20,Bakı,sahil,,,,,21.25,False,,2200
menziller/kohne-tikili,m²,110.0,,4.0,2.0,9.0,True,False,False,18,Bakı,memar-ecemi,,0.2222222222222222,False,False,27.5,False,,600
ofisler,m²,65.0,,2.0,,,True,False,False,9,Bakı,sahil,,,,,32.5,False,,1250
menziller/yeni-tikili,m²,90.0,,2.0,6.0,12.0,True,False,False,17,Bakı,insaatcilar,,0.5,False,False,45.0,False,,650
heyet-evleri,m²,27.0,1.0,1.0,,,True,False,False,6,Bakı,neriman-nerimanov,,,,,27.0,False,,420
obyektler,m²,250.0,,,,,True,False,False,30,Bakı,iceri-seher-metrosu,,,,,,False,,3200
menziller/kohne-tikili,m²,75.0,,3.0,7.0,9.0,True,False,False,12,Bakı,ehmedli,,0.7777777777777778,False,False,25.0,False,,150
heyet-evleri,m²,62.0,6.0,2.0,,,True,False,False,11,Qusar,,,,,,31.0,False,,70
heyet-evleri,m²,130.0,4.0,4.0,,,True,False,False,12,Bakı,abseron,qobu,,,,32.5,False,,450
menziller/kohne-tikili,m²,52.0,,2.0,1.0,5.0,True,False,False,5,Bakı,memar-ecemi,,0.2,True,False,26.0,False,,500
heyet-evleri,m²,200.0,12.0,4.0,,,True,False,False,28,Bakı,xezer,simal-dres,,,,50.0,False,,250
heyet-evleri,m²,90.0,3.0,3.0,,,True,False,False,11,Şəki,,,,,,30.0,True,,90
heyet-evleri,m²,120.0,5.0,2.0,,,True,False,False,6,Bakı,xezer,merdekan,,,,60.0,False,,150
heyet-evleri,m²,150.0,6.0,3.0,,,True,False,False,26,İsmayıllı,,,,,,50.0,False,,80
heyet-evleri,m²,90.0,6.0,3.0,,,True,False,False,9,Bakı,xezer,buzovna,,,,30.0,False,,400
menziller/yeni-tikili,m²,145.0,,3.0,12.0,16.0,True,False,False,16,Bakı,28-may,,0.75,False,False,48.333333333333336,False,,1500
menziller/yeni-tikili,m²,146.0,,3.0,4.0,16.0,True,False,False,16,Bakı,nerimanov,,0.25,False,False,48.666666666666664,False,,1000
menziller/yeni-tikili,m²,75.0,,2.0,5.0,7.0,True,False,False,9,Bakı,sabuncu,sea-breeze,0.7142857142857143,False,False,37.5,False,,300
menziller/yeni-tikili,m²,80.0,,2.0,1.0,7.0,,False,False,7,Bakı,abseron,masazir,0.14285714285714285,True,False,40.0,False,,500
obyektler,m²,80.0,,,,,True,False,False,14,Bakı,xetai,ag-sheher,,,,,False,,7000
menziller/kohne-tikili,m²,50.0,,2.0,3.0,5.0,True,False,False,8,Bakı,memar-ecemi,,0.6,False,False,25.0,False,,500
heyet-evleri,m²,160.0,7.0,4.0,,,True,False,False,24,Bakı,xezer,merdekan,,,,40.0,False,True,250
menziller/kohne-tikili,m²,80.0,,3.0,5.0,5.0,True,False,False,15,Bakı,elmler-akademiyasi,,1.0,False,True,26.666666666666668,False,True,850
heyet-evleri,m²,150.0,5.0,4.0,,,True,False,False,30,Bakı,xezer,suvelan,,,,37.5,False,,1500
obyektler,m²,200.0,,,,,True,False,False,30,Bakı,neriman-nerimanov,,,,,,False,,3000
menziller/yeni-tikili,m²,75.0,,2.0,12.0,12.0,True,False,False,16,Bakı,qara-qarayev,,1.0,False,True,37.5,False,True,699
menziller/yeni-tikili,m²,60.0,,2.0,6.0,15.0,True,False,False,12,Bakı,neriman-nerimanov,,0.4,False,False,30.0,False,,1099
heyet-evleri,m²,120.0,6.0,3.0,,,True,False,False,11,Şəki,,,,,,40.0,False,,90
obyektler,m²,180.0,,,,,True,False,False,17,Bakı,sebail,badamdar,,,,,False,,1000
menziller/yeni-tikili,m²,74.0,,3.0,15.0,16.0,True,False,False,30,Xırdalan,,,0.9375,False,False,24.666666666666668,False,True,600
menziller/yeni-tikili,m²,55.0,,2.0,2.0,6.0,True,False,False,10,Bakı,abseron,masazir,0.3333333333333333,False,False,27.5,False,,400
heyet-evleri,m²,450.0,10.0,6.0,,,True,False,False,23,Bakı,xezer,merdekan,,,,75.0,False,,3800
menziller/yeni-tikili,m²,80.0,,3.0,3.0,19.0,True,False,False,9,Bakı,neriman-nerimanov,,0.15789473684210525,False,False,26.666666666666668,False,,1100
obyektler,m²,200.0,,,,,True,False,False,15,Bakı,nerimanov,,,,,,True,,5000
obyektler,m²,550.0,,,,,True,False,False,30,Bakı,xetai,,,,,,False,,7500
obyektler,m²,40.0,,,,,True,False,False,7,Bakı,iceri-seher-metrosu,,,,,,False,,1500
heyet-evleri,m²,200.0,3.0,6.0,,,True,False,False,17,Bakı,xezer,buzovna,,,,33.333333333333336,False,,300
menziller/kohne-tikili,m²,60.0,,2.0,3.0,8.0,True,False,False,12,Bakı,elmler-akademiyasi,,0.375,False,False,30.0,False,,800
obyektler,m²,15000.0,,,,,True,False,False,6,Quba,,,,,,,False,,2500
ofisler,m²,30.0,,2.0,,,True,False,False,5,Bakı,8-noyabr,,,,,15.0,False,,500
menziller/kohne-tikili,m²,65.0,,2.0,4.0,9.0,True,False,False,16,Bakı,neriman-nerimanov,,0.4444444444444444,False,False,32.5,False,,650
qarajlar,m²,20.0,,,,,,False,False,4,Bakı,insaatcilar,,,,,,False,,150
obyektler,m²,220.0,,,,,True,False,False,7,Bakı,suraxani,bulbule,,,,,False,,2800
menziller/kohne-tikili,m²,100.0,,3.0,8.0,12.0,True,False,False,7,Bakı,28-may,,0.6666666666666666,False,False,33.333333333333336,False,,1200
menziller/yeni-tikili,m²,75.0,,3.0,10.0,18.0,True,False,False,5,Bakı,ehmedli,,0.5555555555555556,False,False,25.0,False,True,850
menziller/kohne-tikili,m²,80.0,,3.0,2.0,2.0,True,False,False,7,Bakı,ehmedli,,1.0,False,True,26.666666666666668,False,,145
menziller/kohne-tikili,m²,100.0,,3.0,3.0,9.0,True,False,False,11,Bakı,elmler-akademiyasi,,0.3333333333333333,False,False,33.333333333333336,False,,1200
heyet-evleri,m²,150.0,7.0,5.0,,,True,False,False,25,Xaçmaz,nabran,,,,,30.0,False,,130
heyet-evleri,m²,150.0,10.0,5.0,,,True,False,False,7,Bakı,abseron,novxani,,,,30.0,False,,1500
menziller/yeni-tikili,m²,150.0,,3.0,15.0,27.0,True,False,False,10,Bakı,8-noyabr,,0.5555555555555556,False,False,50.0,True,,1300
menziller/yeni-tikili,m²,67.0,,2.0,7.0,17.0,True,False,False,22,Bakı,neriman-nerimanov,,0.4117647058823529,False,False,33.5,False,,1100
menziller/kohne-tikili,m²,90.0,,4.0,3.0,5.0,True,False,False,21,Bakı,neftciler,,0.6,False,False,22.5,False,,600
menziller/yeni-tikili,m²,63.0,,2.0,9.0,19.0,True,False,False,12,Bakı,insaatcilar,,0.47368421052631576,False,False,31.5,False,,850
heyet-evleri,m²,300.0,5.0,5.0,,,True,False,False,29,Bakı,xezer,merdekan,,,,60.0,False,,300
heyet-evleri,m²,300.0,5.0,5.0,,,True,False,False,22,Bakı,xezer,buzovna,,,,60.0,False,,250
heyet-evleri,m²,400.0,6.0,5.0,,,True,False,False,27,Bakı,xezer,suvelan,,,,80.0,False,,300
menziller/yeni-tikili,m²,65.0,,2.0,12.0,18.0,True,False,False,11,Bakı,qara-qarayev,,0.6666666666666666,False,False,32.5,False,,800
heyet-evleri,m²,300.0,18.0,4.0,,,True,False,False,19,Bakı,sabuncu,bilgeh,,,,75.0,False,,4000
menziller/yeni-tikili,m²,67.0,,2.0,4.0,19.0,True,False,False,9,Bakı,sah-ismayil-xetai,,0.21052631578947367,False,False,33.5,False,,800
obyektler,m²,100.0,,,,,True,False,False,11,Bakı,sabuncu,,,,,,False,,1500
menziller/yeni-tikili,m²,80.0,,3.0,16.0,17.0,True,False,False,15,Bakı,hezi-aslanov,,0.9411764705882353,False,False,26.666666666666668,False,,180
menziller/yeni-tikili,m²,93.0,,2.0,11.0,16.0,True,False,False,11,Bakı,nizami-metrosu,,0.6875,False,False,46.5,False,,1300
menziller/yeni-tikili,m²,60.0,,2.0,16.0,20.0,True,False,False,8,Bakı,20-yanvar,,0.8,False,False,30.0,False,,800
menziller/yeni-tikili,m²,100.0,,2.0,8.0,18.0,True,False,False,19,Bakı,nerimanov,,0.4444444444444444,False,False,50.0,False,,1200
obyektler,m²,1000.0,,,,,True,False,False,7,Bakı,qaradag,lokbatan,,,,,False,,9000
menziller/kohne-tikili,m²,65.0,,2.0,5.0,5.0,True,False,False,9,Bakı,neriman-nerimanov,,1.0,False,True,32.5,False,,550
menziller/yeni-tikili,m²,70.0,,2.0,3.0,17.0,True,False,False,8,Bakı,sah-ismayil-xetai,,0.17647058823529413,False,False,35.0,False,,750
menziller/yeni-tikili,m²,80.0,,2.0,10.0,16.0,True,False,False,16,Bakı,sah-ismayil-xetai,,0.625,False,False,40.0,False,,1400
menziller/yeni-tikili,m²,75.0,,3.0,10.0,16.0,True,False,False,29,Bakı,neriman-nerimanov,,0.625,False,False,25.0,False,,1200
menziller/yeni-tikili,m²,75.0,,3.0,12.0,16.0,True,False,False,21,Bakı,bakmil,,0.75,False,False,25.0,False,,1300
obyektler,m²,40.0,,,,,True,False,False,4,Bakı,nerimanov,,,,,,False,,649
menziller/yeni-tikili,m²,70.0,,2.0,6.0,12.0,True,False,False,12,Bakı,nesimi-metrosu,,0.5,False,False,35.0,False,,900
menziller/yeni-tikili,m²,87.0,,2.0,14.0,17.0,True,False,False,10,Bakı,nesimi,,0.8235294117647058,False,False,43.5,False,True,1099
menziller/yeni-tikili,m²,67.0,,2.0,18.0,22.0,True,False,False,12,Bakı,sah-ismayil-xetai,,0.8181818181818182,False,False,33.5,False,,850
obyektler,m²,130.0,,,,,True,False,False,3,Bakı,nesimi,,,,,,True,,4500
menziller/yeni-tikili,m²,103.0,,3.0,8.0,16.0,True,False,False,15,Bakı,sah-ismayil-xetai,,0.5,False,False,34.333333333333336,False,,1500
ofisler,m²,130.0,,4.0,,,True,False,False,10,Bakı,sahil,,,,,32.5,False,,1500
menziller/yeni-tikili,m²,55.0,,2.0,2.0,6.0,True,False,False,10,Bakı,abseron,masazir,0.3333333333333333,False,False,27.5,False,,400
menziller/yeni-tikili,m²,148.0,,3.0,23.0,27.0,True,False,False,23,Bakı,8-noyabr,,0.8518518518518519,False,False,49.333333333333336,False,,1700
menziller/yeni-tikili,m²,108.0,,3.0,11.0,27.0,True,False,False,5,Bakı,8-noyabr,,0.4074074074074074,False,False,36.0,False,True,1200
menziller/yeni-tikili,m²,52.0,,2.0,6.0,12.0,True,False,False,8,Bakı,insaatcilar,,0.5,False,False,26.0,False,,630
menziller/yeni-tikili,m²,104.0,,3.0,2.0,6.0,True,False,False,20,Bakı,xetai,ag-sheher,0.3333333333333333,False,False,34.666666666666664,False,,2000
obyektler,m²,415.0,,,,,True,False,False,9,Bakı,insaatcilar,,,,,,False,,9450
menziller/yeni-tikili,m²,105.0,,3.0,6.0,16.0,True,False,False,12,Bakı,memar-ecemi,,0.375,False,False,35.0,False,,900
obyektler,m²,5000.0,,,,,False,False,False,23,Xaçmaz,xachmaz,,,,,,False,,1000
menziller/yeni-tikili,m²,145.0,,4.0,4.0,15.0,True,False,False,14,Bakı,iceri-seher-metrosu,,0.26666666666666666,False,False,36.25,False,,2400
menziller/yeni-tikili,m²,120.0,,3.0,1.0,10.0,True,False,False,8,Bakı,nerimanov,,0.1,True,False,40.0,False,True,900
menziller/kohne-tikili,m²,60.0,,2.0,9.0,9.0,True,False,False,13,Bakı,nesimi-metrosu,,1.0,False,True,30.0,False,,550
menziller/yeni-tikili,m²,70.0,,2.0,14.0,16.0,True,False,False,11,Bakı,nerimanov,,0.875,False,False,35.0,True,,1000
menziller/yeni-tikili,m²,62.0,,2.0,21.0,24.0,True,False,False,5,Bakı,sah-ismayil-xetai,,0.875,False,False,31.0,False,,1200
menziller/yeni-tikili,m²,112.0,,3.0,11.0,17.0,True,False,False,10,Bakı,memar-ecemi,,0.6470588235294118,False,False,37.333333333333336,False,,900
heyet-evleri,m²,120.0,28.0,4.0,,,True,False,False,20,İsmayıllı,,,,,,30.0,False,,150
menziller/yeni-tikili,m²,65.0,,2.0,15.0,17.0,True,False,False,10,Bakı,nesimi,,0.8823529411764706,False,False,32.5,False,,1000
menziller/yeni-tikili,m²,52.0,,2.0,9.0,19.0,True,False,False,14,Bakı,28-may,,0.47368421052631576,False,False,26.0,False,True,1200
obyektler,m²,500.0,,,,,False,False,False,18,Bakı,nizami-metrosu,,,,,,False,,1500
ofisler,m²,310.0,,5.0,,,True,False,False,11,Bakı,nerimanov,,,,,62.0,False,,2000
menziller/yeni-tikili,m²,106.0,,2.0,15.0,17.0,True,False,False,8,Bakı,8-noyabr,,0.8823529411764706,False,False,53.0,False,True,1000
menziller/yeni-tikili,m²,80.0,,3.0,13.0,16.0,True,False,False,12,Bakı,20-yanvar,,0.8125,False,False,26.666666666666668,False,True,800
menziller/yeni-tikili,m²,110.0,,3.0,5.0,17.0,True,False,False,9,Bakı,memar-ecemi,,0.29411764705882354,False,False,36.666666666666664,False,,900
menziller/kohne-tikili,m²,45.0,,2.0,5.0,5.0,True,False,False,19,Bakı,xalqlar-dostlugu,,1.0,False,True,22.5,False,,500
menziller/yeni-tikili,m²,86.0,,2.0,12.0,21.0,True,False,False,26,Bakı,8-noyabr,,0.5714285714285714,False,False,43.0,False,,750
menziller/yeni-tikili,m²,111.0,,3.0,4.0,7.0,True,False,False,13,Bakı,xetai,ag-sheher,0.5714285714285714,False,False,37.0,False,,2900
ofisler,m²,200.0,,7.0,,,True,False,False,11,Bakı,iceri-seher-metrosu,,,,,28.571428571428573,False,,3000
menziller/yeni-tikili,m²,120.0,,3.0,7.0,7.0,True,False,False,30,Bakı,sah-ismayil-xetai,,1.0,False,True,40.0,False,,1600
menziller/yeni-tikili,m²,230.0,,4.0,15.0,20.0,True,False,False,22,Bakı,nesimi,,0.75,False,False,57.5,False,,150
menziller/kohne-tikili,m²,50.0,,2.0,2.0,5.0,True,False,False,11,Bakı,elmler-akademiyasi,,0.4,False,False,25.0,False,,600
menziller/kohne-tikili,m²,35.0,,1.0,5.0,5.0,True,False,False,12,Bakı,elmler-akademiyasi,,1.0,False,True,35.0,False,,450
menziller/yeni-tikili,m²,60.0,,1.0,12.0,13.0,True,False,False,9,Bakı,8-noyabr,,0.9230769230769231,False,False,60.0,False,,700
menziller/yeni-tikili,m²,65.0,,2.0,2.0,18.0,True,False,False,18,Bakı,sah-ismayil-xetai,,0.1111111111111111,False,False,32.5,False,,1290
menziller/yeni-tikili,m²,150.0,,3.0,14.0,17.0,True,False,False,14,Bakı,genclik,,0.8235294117647058,False,False,50.0,True,True,1500
menziller/kohne-tikili,m²,100.0,,3.0,4.0,4.0,True,False,False,18,Bakı,nesimi,,1.0,False,True,33.333333333333336,False,,1000
menziller/yeni-tikili,m²,60.0,,2.0,9.0,18.0,True,False,False,13,Bakı,28-may,,0.5,False,False,30.0,False,,1200
heyet-evleri,m²,500.0,12.0,6.0,,,True,False,False,11,Bakı,xezer,merdekan,,,,83.33333333333333,False,,500
heyet-evleri,m²,200.0,6.0,4.0,,,True,False,False,19,Bakı,xezer,merdekan,,,,50.0,False,,250
menziller/yeni-tikili,m²,125.0,,3.0,12.0,16.0,True,False,False,16,Bakı,nizami-metrosu,,0.75,False,False,41.666666666666664,False,,1095
heyet-evleri,m²,240.0,6.0,4.0,,,True,False,False,18,Bakı,sabuncu,nardaran,,,,60.0,False,,250
heyet-evleri,m²,200.0,7.0,4.0,,,True,False,False,30,Bakı,xezer,merdekan,,,,50.0,False,,250
heyet-evleri,m²,350.0,6.0,5.0,,,True,False,False,20,Bakı,xezer,merdekan,,,,70.0,False,True,300
heyet-evleri,m²,180.0,6.0,4.0,,,True,False,False,17,Bakı,xezer,suvelan,,,,45.0,False,,250
heyet-evleri,m²,400.0,12.0,5.0,,,True,False,False,29,Bakı,xezer,merdekan,,,,80.0,True,,350
heyet-evleri,m²,600.0,30.0,5.0,,,True,False,False,30,Bakı,xezer,merdekan,,,,120.0,False,True,400
heyet-evleri,m²,250.0,8.0,4.0,,,True,False,False,13,Bakı,sabuncu,bilgeh,,,,62.5,False,,250
heyet-evleri,m²,200.0,6.0,4.0,,,True,False,False,14,Bakı,xezer,merdekan,,,,50.0,False,,250
heyet-evleri,m²,300.0,8.0,4.0,,,True,False,False,20,Bakı,xezer,merdekan,,,,75.0,False,,300
heyet-evleri,m²,160.0,8.0,4.0,,,True,False,False,30,Bakı,xezer,suvelan,,,,40.0,False,,200
menziller/yeni-tikili,m²,70.0,,2.0,8.0,18.0,True,False,False,15,Bakı,elmler-akademiyasi,,0.4444444444444444,False,False,35.0,False,,1200
heyet-evleri,m²,550.0,8.0,6.0,,,True,False,False,30,Bakı,xezer,suvelan,,,,91.66666666666667,True,,300
heyet-evleri,m²,400.0,12.0,5.0,,,True,False,False,9,Bakı,sabuncu,nardaran,,,,80.0,True,True,300
menziller/yeni-tikili,m²,193.0,,4.0,7.0,15.0,True,False,False,20,Bakı,28-may,,0.4666666666666667,False,False,48.25,False,,2500
heyet-evleri,m²,180.0,6.0,4.0,,,True,False,False,11,Bakı,abseron,novxani,,,,45.0,False,,250
heyet-evleri,m²,250.0,6.0,4.0,,,True,False,False,17,Bakı,sabuncu,nardaran,,,,62.5,False,,250
ofisler,m²,20.0,,1.0,,,True,False,False,8,Bakı,nerimanov,,,,,20.0,False,,300
heyet-evleri,m²,90.0,6.0,3.0,,,True,False,False,7,Bakı,sabuncu,nardaran,,,,30.0,False,,2500
menziller/yeni-tikili,m²,90.0,,2.0,14.0,14.0,True,False,False,16,Bakı,sabuncu,,1.0,False,True,45.0,False,True,599
ofisler,m²,530.0,,18.0,,,,False,False,30,Bakı,memar-ecemi,,,,,29.444444444444443,False,,4999
menziller/yeni-tikili,m²,75.0,,2.0,6.0,17.0,True,False,False,10,Bakı,elmler-akademiyasi,,0.35294117647058826,False,False,37.5,False,True,900
obyektler,m²,600.0,,,,,False,False,False,3,Xırdalan,abseron,,,,,,False,,8500
heyet-evleri,m²,200.0,8.0,4.0,,,True,False,False,20,Bakı,xezer,suvelan,,,,50.0,False,,1500
heyet-evleri,m²,260.0,8.0,5.0,,,True,False,False,30,Bakı,xezer,merdekan,,,,52.0,False,,1200
heyet-evleri,m²,300.0,10.0,5.0,,,True,False,False,23,Bakı,xezer,suvelan,,,,60.0,False,,1500
heyet-evleri,m²,220.0,6.0,4.0,,,True,False,False,16,Bakı,xezer,merdekan,,,,55.0,True,,1500
heyet-evleri,m²,150.0,12.0,4.0,,,True,False,False,18,Bakı,xezer,suvelan,,,,37.5,False,,2000
ofisler,m²,960.0,,20.0,,,True,False,False,30,Bakı,20-yanvar,,,,,48.0,False,,20000
menziller/yeni-tikili,m²,60.0,,2.0,4.0,16.0,True,False,False,18,Bakı,insaatcilar,,0.25,False,False,30.0,False,True,750
ofisler,m²,300.0,,1.0,,,True,False,False,15,Bakı,qara-qarayev,,,,,300.0,False,,3600
obyektler,m²,500.0,,,,,False,False,False,10,Bakı,20-yanvar,,,,,,False,,6500
menziller/yeni-tikili,m²,80.0,,2.0,15.0,22.0,True,False,False,9,Bakı,nizami-metrosu,,0.6818181818181818,False,False,40.0,False,,999
ofisler,m²,720.0,,17.0,,,True,False,False,28,Bakı,8-noyabr,,,,,42.35294117647059,False,,8000
menziller/yeni-tikili,m²,70.0,,3.0,16.0,18.0,True,False,False,9,Bakı,bakmil,,0.8888888888888888,False,False,23.333333333333332,False,,1200
menziller/yeni-tikili,m²,80.0,,2.0,14.0,17.0,True,False,False,15,Bakı,sah-ismayil-xetai,,0.8235294117647058,False,False,40.0,False,,1700
menziller/yeni-tikili,m²,85.0,,2.0,9.0,18.0,True,False,False,16,Bakı,elmler-akademiyasi,,0.5,False,False,42.5,False,,1400
obyektler,m²,860.0,,,,,True,False,False,30,Bakı,sahil,,,,,,False,,34400
menziller/yeni-tikili,m²,200.0,,4.0,11.0,18.0,True,False,False,12,Bakı,nizami-metrosu,,0.6111111111111112,False,False,50.0,False,,1500
obyektler,m²,80.0,,,,,False,False,False,5,Bakı,iceri-seher-metrosu,,,,,,False,,3500
menziller/yeni-tikili,m²,60.0,,2.0,16.0,20.0,True,False,False,13,Bakı,20-yanvar,,0.8,False,False,30.0,False,,800
heyet-evleri,m²,70.0,1.0,3.0,,,True,False,False,9,Bakı,20-yanvar,,,,,23.333333333333332,False,,600
menziller/kohne-tikili,m²,60.0,,3.0,4.0,4.0,True,False,False,10,Bakı,genclik,,1.0,False,True,20.0,False,,599
menziller/yeni-tikili,m²,68.0,,2.0,2.0,21.0,True,False,False,14,Bakı,insaatcilar,,0.09523809523809523,False,False,34.0,False,True,800
menziller/yeni-tikili,m²,60.0,,2.0,11.0,17.0,True,False,False,7,Bakı,insaatcilar,,0.6470588235294118,False,False,30.0,False,,730
obyektler,m²,135.0,,,,,True,False,False,29,Bakı,28-may,,,,,,False,,1800
menziller/yeni-tikili,m²,50.0,,2.0,7.0,11.0,True,False,False,8,Bakı,insaatcilar,,0.6363636363636364,False,False,25.0,False,,600
menziller/yeni-tikili,m²,78.0,,2.0,12.0,18.0,True,False,False,8,Bakı,elmler-akademiyasi,,0.6666666666666666,False,False,39.0,True,,1500
menziller/yeni-tikili,m²,50.0,,2.0,6.0,14.0,True,False,False,6,Bakı,28-may,,0.42857142857142855,False,False,25.0,False,,750
menziller/yeni-tikili,m²,140.0,,3.0,17.0,20.0,True,False,False,14,Bakı,neriman-nerimanov,,0.85,False,False,46.666666666666664,False,,999
obyektler,m²,40.0,,,,,True,False,False,7,Bakı,neriman-nerimanov,,,,,,False,,1500
menziller/yeni-tikili,m²,120.0,,3.0,7.0,15.0,True,False,False,9,Bakı,sah-ismayil-xetai,,0.4666666666666667,False,False,40.0,False,,1000
menziller/kohne-tikili,m²,50.0,,2.0,5.0,5.0,True,False,False,12,Bakı,insaatcilar,,1.0,False,True,25.0,False,,750
menziller/yeni-tikili,m²,145.0,,3.0,17.0,20.0,True,False,False,12,Bakı,elmler-akademiyasi,,0.85,False,False,48.333333333333336,False,True,1350
menziller/kohne-tikili,m²,90.0,,3.0,3.0,5.0,True,False,False,11,Bakı,elmler-akademiyasi,,0.6,False,False,30.0,False,,750
menziller/yeni-tikili,m²,130.0,,3.0,3.0,16.0,True,False,False,19,Bakı,neriman-nerimanov,,0.1875,False,False,43.333333333333336,False,True,800
menziller/yeni-tikili,m²,110.0,,2.0,4.0,20.0,True,False,False,19,Bakı,nizami-metrosu,,0.2,False,False,55.0,False,True,2000
menziller/kohne-tikili,m²,60.0,,2.0,5.0,5.0,True,False,False,18,Bakı,memar-ecemi,,1.0,False,True,30.0,False,,549
menziller/yeni-tikili,m²,65.0,,2.0,10.0,19.0,True,False,False,13,Bakı,qara-qarayev,,0.5263157894736842,False,False,32.5,False,True,700
menziller/kohne-tikili,m²,45.0,,2.0,6.0,9.0,True,False,False,13,Bakı,nerimanov,,0.6666666666666666,False,False,22.5,False,,500
menziller/yeni-tikili,m²,70.0,,2.0,16.0,17.0,True,False,False,6,Bakı,genclik,,0.9411764705882353,False,False,35.0,False,True,800
menziller/yeni-tikili,m²,105.0,,3.0,10.0,24.0,True,False,False,29,Bakı,sah-ismayil-xetai,,0.4166666666666667,False,False,35.0,False,,1500
menziller/kohne-tikili,m²,85.0,,3.0,3.0,5.0,True,False,False,8,Bakı,elmler-akademiyasi,,0.6,False,False,28.333333333333332,False,True,750
menziller/kohne-tikili,m²,50.0,,2.0,3.0,9.0,True,False,False,16,Bakı,hezi-aslanov,,0.3333333333333333,False,False,25.0,False,,400
menziller/yeni-tikili,m²,100.0,,2.0,16.0,19.0,True,False,False,13,Bakı,neriman-nerimanov,,0.8421052631578947,False,False,50.0,False,,1500
heyet-evleri,m²,70.0,2.0,3.0,,,True,False,False,8,Bakı,suraxani,hovsan,,,,23.333333333333332,False,,150
menziller/kohne-tikili,m²,45.0,,1.0,2.0,5.0,True,False,False,10,Bakı,suraxani,hovsan,0.4,False,False,45.0,False,True,350
menziller/kohne-tikili,m²,50.0,,3.0,4.0,4.0,True,False,False,7,Bakı,genclik,,1.0,False,True,16.666666666666668,False,,599
menziller/yeni-tikili,m²,120.0,,3.0,10.0,16.0,True,False,False,11,Bakı,8-noyabr,,0.625,False,False,40.0,False,,999
menziller/kohne-tikili,m²,60.0,,2.0,3.0,5.0,True,False,False,6,Bakı,elmler-akademiyasi,,0.6,False,False,30.0,False,,700
menziller/kohne-tikili,m²,60.0,,2.0,4.0,9.0,True,False,False,8,Bakı,nerimanov,,0.4444444444444444,False,False,30.0,False,True,750
menziller/yeni-tikili,m²,75.0,,3.0,16.0,18.0,True,False,False,10,Bakı,bakmil,,0.8888888888888888,False,False,25.0,False,,1200
obyektler,m²,2600.0,,,,,True,False,False,30,Bakı,nesimi,,,,,,True,,28000
menziller/yeni-tikili,m²,75.0,,2.0,19.0,19.0,True,False,False,11,Bakı,nerimanov,,1.0,False,True,37.5,False,,700
menziller/yeni-tikili,m²,70.0,,2.0,10.0,18.0,True,False,False,10,Bakı,elmler-akademiyasi,,0.5555555555555556,False,False,35.0,False,,1600
menziller/yeni-tikili,m²,80.0,,2.0,10.0,16.0,True,False,False,15,Bakı,elmler-akademiyasi,,0.625,False,False,40.0,False,,1700
menziller/kohne-tikili,m²,110.0,,3.0,4.0,5.0,True,False,False,12,Bakı,elmler-akademiyasi,,0.8,False,False,36.666666666666664,False,,850
menziller/yeni-tikili,m²,140.0,,3.0,15.0,18.0,True,False,False,14,Bakı,8-noyabr,,0.8333333333333334,False,False,46.666666666666664,False,,1200
menziller/yeni-tikili,m²,130.0,,3.0,3.0,10.0,True,False,False,19,Bakı,nerimanov,,0.3,False,False,43.333333333333336,False,,800
heyet-evleri,m²,127.0,1.0,3.0,,,True,False,False,17,Xırdalan,,,,,,42.333333333333336,False,,600
menziller/yeni-tikili,m²,50.0,,2.0,3.0,3.0,True,False,False,12,Bakı,iceri-seher-metrosu,,1.0,False,True,25.0,False,,60
menziller/yeni-tikili,m²,150.0,,3.0,17.0,17.0,True,False,False,24,Bakı,elmler-akademiyasi,,1.0,False,True,50.0,False,,1800
menziller/yeni-tikili,m²,130.0,,3.0,13.0,16.0,True,False,False,19,Bakı,nesimi,,0.8125,False,False,43.333333333333336,False,,1199
menziller/yeni-tikili,m²,140.0,,3.0,8.0,16.0,True,False,False,11,Bakı,elmler-akademiyasi,,0.5,False,False,46.666666666666664,False,,1300
menziller/kohne-tikili,m²,50.0,,2.0,1.0,5.0,True,False,False,8,Bakı,memar-ecemi,,0.2,True,False,25.0,False,,550
menziller/yeni-tikili,m²,85.0,,2.0,8.0,15.0,True,False,False,18,Bakı,neriman-nerimanov,,0.5333333333333333,False,False,42.5,False,,900
menziller/yeni-tikili,m²,85.0,,2.0,17.0,18.0,True,False,False,11,Bakı,nesimi,,0.9444444444444444,False,False,42.5,False,True,700
menziller/yeni-tikili,m²,150.0,,3.0,5.0,14.0,True,False,False,11,Bakı,8-noyabr,,0.35714285714285715,False,False,50.0,False,True,1200
menziller/yeni-tikili,m²,150.0,,3.0,4.0,18.0,True,False,False,13,Bakı,sah-ismayil-xetai,,0.2222222222222222,False,False,50.0,False,,1500
menziller/yeni-tikili,m²,70.0,,2.0,7.0,16.0,True,False,False,14,Bakı,28-may,,0.4375,False,False,35.0,False,,1200
menziller/kohne-tikili,m²,60.0,,2.0,3.0,5.0,True,False,False,17,Bakı,iceri-seher-metrosu,,0.6,False,False,30.0,False,,800
menziller/kohne-tikili,m²,90.0,,3.0,5.0,5.0,True,False,False,7,Bakı,28-may,,1.0,False,True,30.0,False,,850
menziller/yeni-tikili,m²,115.0,,3.0,13.0,19.0,True,False,False,13,Bakı,insaatcilar,,0.6842105263157895,False,False,38.333333333333336,False,,850
menziller/kohne-tikili,m²,50.0,,3.0,4.0,4.0,True,False,False,8,Bakı,genclik,,1.0,False,True,16.666666666666668,False,True,600
menziller/yeni-tikili,m²,157.0,,2.0,12.0,20.0,True,False,False,17,Bakı,xetai,ag-sheher,0.6,False,False,78.5,False,True,2500
menziller/yeni-tikili,m²,80.0,,3.0,16.0,18.0,True,False,False,9,Bakı,bakmil,,0.8888888888888888,False,False,26.666666666666668,False,,1200
menziller/kohne-tikili,m²,55.0,,2.0,3.0,5.0,True,False,False,5,Bakı,20-yanvar,,0.6,False,False,27.5,False,,550
menziller/yeni-tikili,m²,100.0,,2.0,2.0,16.0,True,False,False,6,Bakı,yasamal,,0.125,False,False,50.0,False,,600
menziller/yeni-tikili,m²,70.0,,2.0,2.0,12.0,True,False,False,15,Bakı,insaatcilar,,0.16666666666666666,False,False,35.0,False,,600
ofisler,m²,116.0,,5.0,,,True,False,False,14,Bakı,xetai,ag-sheher,,,,23.2,False,,3000
menziller/yeni-tikili,m²,195.0,,4.0,8.0,16.0,True,False,False,10,Bakı,nesimi,,0.5,False,False,48.75,False,,1700
menziller/yeni-tikili,m²,125.0,,3.0,12.0,16.0,True,False,False,21,Bakı,nizami-metrosu,,0.75,False,False,41.666666666666664,False,True,1100
menziller/yeni-tikili,m²,110.0,,3.0,16.0,19.0,True,False,False,27,Bakı,elmler-akademiyasi,,0.8421052631578947,False,False,36.666666666666664,False,,1000
menziller/yeni-tikili,m²,75.0,,2.0,7.0,18.0,True,False,False,12,Bakı,elmler-akademiyasi,,0.3888888888888889,False,False,37.5,False,,1800
menziller/yeni-tikili,m²,70.0,,2.0,5.0,17.0,True,False,False,5,Bakı,genclik,,0.29411764705882354,False,False,35.0,False,True,799
menziller/yeni-tikili,m²,35.0,,1.0,5.0,19.0,True,False,False,7,Bakı,20-yanvar,,0.2631578947368421,False,False,35.0,False,,585
menziller/yeni-tikili,m²,70.0,,3.0,5.0,5.0,True,False,False,10,Bakı,neriman-nerimanov,,1.0,False,True,23.333333333333332,False,,750
ofisler,m²,700.0,,17.0,,,True,False,False,25,Bakı,qara-qarayev,,,,,41.1764705882353,False,,8000
menziller/yeni-tikili,m²,50.0,,2.0,6.0,9.0,True,False,False,13,Xırdalan,abseron,,0.6666666666666666,False,False,25.0,False,,390
menziller/yeni-tikili,m²,120.0,,3.0,10.0,18.0,True,False,False,11,Bakı,elmler-akademiyasi,,0.5555555555555556,False,False,40.0,False,,2500
menziller/yeni-tikili,m²,75.0,,2.0,12.0,16.0,True,False,False,10,Bakı,sah-ismayil-xetai,,0.75,False,False,37.5,False,True,700
menziller/kohne-tikili,m²,50.0,,2.0,3.0,5.0,True,False,False,8,Bakı,neftciler,,0.6,False,False,25.0,False,True,599
menziller/yeni-tikili,m²,65.0,,2.0,10.0,17.0,True,False,False,11,Bakı,elmler-akademiyasi,,0.5882352941176471,False,False,32.5,False,,850
menziller/kohne-tikili,m²,80.0,,3.0,3.0,5.0,True,False,False,9,Bakı,insaatcilar,,0.6,False,False,26.666666666666668,False,,750
menziller/kohne-tikili,m²,70.0,,3.0,1.0,9.0,True,False,False,9,Bakı,suraxani,qaracuxur,0.1111111111111111,True,False,23.333333333333332,False,,500
ofisler,m²,170.0,,5.0,,,True,False,False,10,Bakı,elmler-akademiyasi,,,,,34.0,True,,4000
menziller/kohne-tikili,m²,100.0,,3.0,4.0,5.0,True,False,False,9,Bakı,elmler-akademiyasi,,0.8,False,False,33.333333333333336,True,,850
menziller/yeni-tikili,m²,85.0,,2.0,3.0,14.0,True,False,False,5,Bakı,neriman-nerimanov,,0.21428571428571427,False,False,42.5,False,,850
menziller/yeni-tikili,m²,70.0,,2.0,2.0,21.0,True,False,False,14,Bakı,insaatcilar,,0.09523809523809523,False,False,35.0,False,True,800
menziller/kohne-tikili,m²,70.0,,3.0,5.0,8.0,True,False,False,9,Bakı,neriman-nerimanov,,0.625,False,False,23.333333333333332,False,,747
menziller/yeni-tikili,m²,80.0,,2.0,8.0,17.0,True,False,False,14,Bakı,insaatcilar,,0.47058823529411764,False,False,40.0,False,,800
menziller/yeni-tikili,m²,210.0,,4.0,13.0,16.0,True,False,False,9,Bakı,28-may,,0.8125,False,False,52.5,False,,2100
menziller/yeni-tikili,m²,150.0,,4.0,6.0,7.0,True,False,False,10,Bakı,xetai,ag-sheher,0.8571428571428571,False,False,37.5,False,True,1800
menziller/kohne-tikili,m²,44.0,,2.0,2.0,10.0,True,False,False,4,Bakı,genclik,,0.2,False,False,22.0,False,,700
menziller/kohne-tikili,m²,110.0,,3.0,3.0,5.0,True,False,False,9,Bakı,8-noyabr,,0.6,False,False,36.666666666666664,False,True,799
menziller/yeni-tikili,m²,115.0,,3.0,2.0,27.0,True,False,False,20,Bakı,8-noyabr,,0.07407407407407407,False,False,38.333333333333336,True,,1250
menziller/yeni-tikili,m²,150.0,,3.0,5.0,14.0,True,False,False,17,Bakı,8-noyabr,,0.35714285714285715,False,False,50.0,False,,1300
menziller/yeni-tikili,m²,220.0,,4.0,13.0,27.0,True,False,False,18,Bakı,elmler-akademiyasi,,0.48148148148148145,False,False,55.0,False,,3000
heyet-evleri,m²,100.0,1.0,3.0,,,True,False,False,5,Bakı,bineqedi,bileceri,,,,33.333333333333336,False,,600
menziller/kohne-tikili,m²,95.0,,2.0,8.0,9.0,True,False,False,18,Bakı,28-may,,0.8888888888888888,False,False,47.5,False,,900
heyet-evleri,m²,66.0,2.0,3.0,,,True,False,False,7,Bakı,sebail,badamdar,,,,22.0,False,True,500
menziller/yeni-tikili,m²,70.0,,2.0,3.0,18.0,True,False,False,9,Bakı,nerimanov,,0.16666666666666666,False,False,35.0,False,,1000
menziller/kohne-tikili,m²,80.0,,3.0,3.0,5.0,True,False,False,9,Bakı,insaatcilar,,0.6,False,False,26.666666666666668,False,True,750
menziller/yeni-tikili,m²,70.0,,3.0,16.0,18.0,True,False,False,9,Bakı,bakmil,,0.8888888888888888,False,False,23.333333333333332,False,True,1200
menziller/kohne-tikili,m²,80.0,,3.0,3.0,5.0,True,False,False,9,Bakı,elmler-akademiyasi,,0.6,False,False,26.666666666666668,False,True,750
menziller/yeni-tikili,m²,124.0,,3.0,18.0,20.0,True,False,False,16,Bakı,sah-ismayil-xetai,,0.9,False,False,41.333333333333336,False,,2200
menziller/yeni-tikili,m²,70.0,,2.0,17.0,20.0,True,False,False,9,Bakı,sah-ismayil-xetai,,0.85,False,False,35.0,False,,1200
menziller/yeni-tikili,m²,50.0,,2.0,8.0,16.0,True,False,False,7,Bakı,memar-ecemi,,0.5,False,False,25.0,False,,150
menziller/kohne-tikili,m²,80.0,,3.0,4.0,4.0,True,False,False,10,Bakı,genclik,,1.0,False,True,26.666666666666668,False,,600
menziller/yeni-tikili,m²,145.0,,3.0,2.0,18.0,True,False,False,10,Bakı,nesimi-metrosu,,0.1111111111111111,False,False,48.333333333333336,False,,1000
menziller/kohne-tikili,m²,70.0,,2.0,2.0,5.0,True,False,False,16,Bakı,yasamal,,0.4,False,False,35.0,False,,600
menziller/yeni-tikili,m²,60.0,,2.0,16.0,16.0,True,False,False,14,Bakı,20-yanvar,,1.0,False,True,30.0,False,,699
menziller/yeni-tikili,m²,190.0,,3.0,10.0,12.0,True,False,False,19,Bakı,genclik,,0.8333333333333334,False,False,63.333333333333336,False,,1600
menziller/yeni-tikili,m²,110.0,,3.0,7.0,16.0,True,False,False,14,Bakı,genclik,,0.4375,False,False,36.666666666666664,False,True,1199
menziller/yeni-tikili,m²,90.0,,2.0,8.0,15.0,True,False,False,13,Bakı,neriman-nerimanov,,0.5333333333333333,False,False,45.0,False,,900
menziller/yeni-tikili,m²,50.0,,2.0,9.0,16.0,True,False,False,11,Bakı,8-noyabr,,0.5625,False,False,25.0,False,,750
menziller/yeni-tikili,m²,80.0,,2.0,6.0,17.0,True,False,False,18,Bakı,genclik,,0.35294117647058826,False,False,40.0,False,,1200
menziller/yeni-tikili,m²,135.0,,3.0,14.0,18.0,True,False,False,13,Bakı,genclik,,0.7777777777777778,False,False,45.0,False,True,1500
menziller/kohne-tikili,m²,55.0,,3.0,4.0,4.0,True,False,False,10,Bakı,genclik,,1.0,False,True,18.333333333333332,False,,600
obyektler,m²,68.0,,,,,True,False,False,6,Bakı,neftciler,,,,,,False,,850
menziller/yeni-tikili,m²,90.0,,3.0,6.0,16.0,True,False,False,6,Bakı,sah-ismayil-xetai,,0.375,False,False,30.0,False,,750
ofisler,m²,55.0,,2.0,,,True,False,False,11,Bakı,28-may,,,,,27.5,False,,900
menziller/yeni-tikili,m²,85.0,,2.0,8.0,15.0,True,False,False,13,Bakı,neriman-nerimanov,,0.5333333333333333,False,False,42.5,False,,899
menziller/yeni-tikili,m²,103.0,,3.0,5.0,16.0,True,False,False,15,Bakı,sah-ismayil-xetai,,0.3125,False,False,34.333333333333336,True,True,1500
menziller/kohne-tikili,m²,46.0,,2.0,6.0,9.0,True,False,False,9,Bakı,nerimanov,,0.6666666666666666,False,False,23.0,False,True,500
menziller/yeni-tikili,m²,80.0,,3.0,5.0,15.0,True,False,False,9,Bakı,xalqlar-dostlugu,,0.3333333333333333,False,False,26.666666666666668,False,True,750
ofisler,m²,160.0,,3.0,,,True,False,False,15,Bakı,genclik,,,,,53.333333333333336,False,,1599
menziller/kohne-tikili,m²,50.0,,2.0,5.0,5.0,True,False,False,18,Bakı,xalqlar-dostlugu,,1.0,False,True,25.0,False,,500
menziller/yeni-tikili,m²,70.0,,3.0,9.0,9.0,True,False,False,11,Bakı,qara-qarayev,,1.0,False,True,23.333333333333332,False,,800
menziller/yeni-tikili,m²,145.0,,3.0,6.0,14.0,True,False,False,17,Bakı,nesimi,,0.42857142857142855,False,False,48.333333333333336,False,,1700
menziller/yeni-tikili,m²,65.0,,2.0,2.0,13.0,True,False,False,10,Bakı,yasamal,,0.15384615384615385,False,False,32.5,False,,598
menziller/yeni-tikili,m²,90.0,,2.0,8.0,16.0,True,False,False,13,Bakı,neriman-nerimanov,,0.5,False,False,45.0,False,,900
heyet-evleri,m²,60.0,4.0,2.0,,,True,False,False,8,Qəbələ,,,,,,30.0,False,,70
menziller/yeni-tikili,m²,90.0,,2.0,8.0,9.0,True,False,False,12,Bakı,28-may,,0.8888888888888888,False,False,45.0,False,,850
menziller/yeni-tikili,m²,77.0,,2.0,10.0,18.0,True,False,False,9,Bakı,28-may,,0.5555555555555556,False,False,38.5,False,,1200
menziller/kohne-tikili,m²,62.0,,2.0,1.0,5.0,True,False,False,6,Bakı,neftciler,,0.2,True,False,31.0,False,,590
menziller/yeni-tikili,m²,70.0,,2.0,3.0,17.0,True,False,False,13,Bakı,elmler-akademiyasi,,0.17647058823529413,False,False,35.0,False,,1300
ofisler,m²,250.0,,7.0,,,True,False,False,13,Bakı,8-noyabr,,,,,35.714285714285715,False,,3000
menziller/yeni-tikili,m²,250.0,,4.0,3.0,3.0,True,False,False,25,Bakı,sahil,,1.0,False,True,62.5,False,,3300
menziller/yeni-tikili,m²,51.0,,2.0,3.0,17.0,True,False,False,9,Bakı,20-yanvar,,0.17647058823529413,False,False,25.5,False,,700
ofisler,m²,25.0,,1.0,,,True,False,False,5,Bakı,nerimanov,,,,,25.0,False,,550
menziller/yeni-tikili,m²,105.0,,3.0,10.0,18.0,True,False,False,19,Bakı,28-may,,0.5555555555555556,False,False,35.0,False,,1800
menziller/yeni-tikili,m²,120.0,,3.0,8.0,17.0,True,False,False,13,Bakı,qara-qarayev,,0.47058823529411764,False,False,40.0,False,,1000
menziller/yeni-tikili,m²,106.0,,2.0,8.0,16.0,True,False,False,14,Bakı,memar-ecemi,,0.5,False,False,53.0,False,,700
menziller/kohne-tikili,m²,80.0,,3.0,3.0,9.0,True,False,False,9,Bakı,neriman-nerimanov,,0.3333333333333333,False,False,26.666666666666668,False,True,899
menziller/yeni-tikili,m²,85.0,,2.0,10.0,14.0,True,False,False,14,Bakı,nesimi,,0.7142857142857143,False,False,42.5,False,,1100
heyet-evleri,m²,85.0,1.0,3.0,,,True,False,False,13,Bakı,iceri-seher-metrosu,,,,,28.333333333333332,False,,500
menziller/yeni-tikili,m²,110.0,,2.0,11.0,26.0,True,False,False,13,Bakı,8-noyabr,,0.4230769230769231,False,False,55.0,False,,1500
menziller/yeni-tikili,m²,56.0,,1.0,10.0,16.0,True,False,False,6,Bakı,nizami,,0.625,False,False,56.0,False,,600
heyet-evleri,m²,150.0,12.0,4.0,,,True,False,False,18,Xudat,,,,,,37.5,False,,100
heyet-evleri,m²,93.0,5.0,3.0,,,True,False,False,22,Bakı,suraxani,hovsan,,,,31.0,False,,1000
menziller/yeni-tikili,m²,85.0,,2.0,8.0,15.0,True,False,False,8,Bakı,neriman-nerimanov,,0.5333333333333333,False,False,42.5,False,,899
menziller/yeni-tikili,m²,70.0,,3.0,16.0,18.0,True,False,False,9,Bakı,bakmil,,0.8888888888888888,False,False,23.333333333333332,False,,1199
menziller/yeni-tikili,m²,130.0,,3.0,5.0,17.0,True,False,False,17,Bakı,insaatcilar,,0.29411764705882354,False,False,43.333333333333336,True,,800
menziller/kohne-tikili,m²,40.0,,2.0,1.0,1.0,True,False,False,17,Bakı,nizami-metrosu,,1.0,True,True,20.0,False,,900
menziller/yeni-tikili,m²,120.0,,3.0,10.0,18.0,True,False,False,11,Bakı,nesimi,,0.5555555555555556,False,False,40.0,False,,1500
menziller/yeni-tikili,m²,91.0,,2.0,14.0,17.0,True,False,False,27,Bakı,nizami,kesle,0.8235294117647058,False,False,45.5,False,,1000
menziller/yeni-tikili,m²,100.0,,3.0,3.0,5.0,True,False,False,8,Bakı,neriman-nerimanov,,0.6,False,False,33.333333333333336,False,True,800
menziller/yeni-tikili,m²,150.0,,3.0,11.0,17.0,True,False,False,30,Bakı,genclik,,0.6470588235294118,False,False,50.0,False,True,1700
menziller/yeni-tikili,m²,96.0,,2.0,8.0,18.0,True,False,False,29,Bakı,nerimanov,,0.4444444444444444,False,False,48.0,False,,1200
menziller/kohne-tikili,m²,90.0,,3.0,2.0,4.0,True,False,False,17,Bakı,neriman-nerimanov,,0.5,False,False,30.0,False,,700
menziller/kohne-tikili,m²,85.0,,2.0,3.0,5.0,True,False,False,5,Bakı,sah-ismayil-xetai,,0.6,False,False,42.5,False,,1200
menziller/kohne-tikili,m²,65.0,,2.0,2.0,5.0,True,False,False,12,Bakı,elmler-akademiyasi,,0.4,False,False,32.5,False,,600
menziller/yeni-tikili,m²,110.0,,3.0,16.0,19.0,True,False,False,26,Bakı,elmler-akademiyasi,,0.8421052631578947,False,False,36.666666666666664,False,,1000
ofisler,m²,30.0,,1.0,,,True,False,False,3,Bakı,neriman-nerimanov,,,,,30.0,False,True,449
ofisler,m²,400.0,,8.0,,,True,False,False,20,Bakı,xetai,ag-sheher,,,,50.0,False,,2000
menziller/yeni-tikili,m²,85.0,,2.0,8.0,15.0,True,False,False,14,Bakı,neriman-nerimanov,,0.5333333333333333,False,False,42.5,False,True,888
menziller/yeni-tikili,m²,130.0,,3.0,19.0,19.0,True,False,False,9,Bakı,8-noyabr,,1.0,False,True,43.333333333333336,False,True,800
menziller/yeni-tikili,m²,85.0,,2.0,8.0,15.0,True,False,False,14,Bakı,neriman-nerimanov,,0.5333333333333333,False,False,42.5,False,,900
menziller/yeni-tikili,m²,60.0,,2.0,3.0,16.0,True,False,False,19,Bakı,elmler-akademiyasi,,0.1875,False,False,30.0,False,,1300
menziller/yeni-tikili,m²,200.0,,4.0,8.0,18.0,True,False,False,30,Bakı,28-may,,0.4444444444444444,False,False,50.0,False,,1200
menziller/yeni-tikili,m²,100.0,,2.0,9.0,16.0,True,False,False,7,Bakı,nerimanov,,0.5625,False,False,50.0,False,,60
menziller/kohne-tikili,m²,65.0,,3.0,4.0,4.0,True,False,False,9,Bakı,genclik,,1.0,False,True,21.666666666666668,False,,600
ofisler,m²,13.0,,1.0,,,True,False,False,4,Bakı,sahil,,,,,13.0,False,True,650
menziller/kohne-tikili,m²,55.0,,2.0,5.0,5.0,True,False,False,6,Bakı,bineqedi,,1.0,False,True,27.5,False,,500
menziller/kohne-tikili,m²,62.0,,2.0,3.0,3.0,True,False,False,11,Bakı,iceri-seher-metrosu,,1.0,False,True,31.0,False,,800
obyektler,m²,120.0,,,,,True,False,False,6,Bakı,28-may,,,,,,False,,1650
obyektler,m²,14.0,,,,,True,False,False,5,Bakı,sahil,,,,,,False,,550
menziller/yeni-tikili,m²,196.0,,4.0,12.0,18.0,True,False,False,22,Bakı,nesimi,,0.6666666666666666,False,False,49.0,False,True,1700
menziller/yeni-tikili,m²,70.0,,2.0,4.0,7.0,True,False,False,10,Bakı,sabuncu,nardaran,0.5714285714285714,False,False,35.0,False,,6500
ofisler,m²,310.0,,5.0,,,True,False,False,12,Bakı,nerimanov,,,,,62.0,False,,2000
obyektler,m²,150.0,,,,,True,False,False,7,Bakı,xalqlar-dostlugu,,,,,,False,,2500
menziller/yeni-tikili,m²,65.0,,2.0,5.0,7.0,True,False,False,15,Bakı,xetai,ag-sheher,0.7142857142857143,False,False,32.5,False,,1800
menziller/yeni-tikili,m²,76.0,,2.0,2.0,5.0,True,False,False,17,Bakı,sabuncu,sea-breeze,0.4,False,False,38.0,False,,5500
obyektler,m²,210.0,,,,,True,False,False,9,Bakı,nerimanov,,,,,,False,,3000
menziller/yeni-tikili,m²,86.0,,2.0,13.0,17.0,True,False,False,23,Bakı,elmler-akademiyasi,,0.7647058823529411,False,False,43.0,False,,1600
menziller/kohne-tikili,m²,100.0,,3.0,1.0,10.0,True,False,False,10,Bakı,genclik,,0.1,True,False,33.333333333333336,True,True,850
menziller/yeni-tikili,m²,50.0,,1.0,5.0,17.0,True,False,False,6,Bakı,hezi-aslanov,,0.29411764705882354,False,False,50.0,False,,500
menziller/kohne-tikili,m²,60.0,,3.0,4.0,5.0,True,False,False,13,Bakı,sebail,badamdar,0.8,False,False,20.0,False,,600
heyet-evleri,m²,65.0,2.0,2.0,,,True,False,False,9,Bakı,nerimanov,,,,,32.5,False,,450
menziller/yeni-tikili,m²,157.0,,3.0,17.0,20.0,True,False,False,15,Bakı,xetai,ag-sheher,0.85,False,False,52.333333333333336,False,,2500
ofisler,m²,100.0,,3.0,,,True,False,False,13,Bakı,28-may,,,,,33.333333333333336,False,False,1500
menziller/yeni-tikili,m²,70.0,,3.0,16.0,18.0,True,False,False,9,Bakı,bakmil,,0.8888888888888888,False,False,23.333333333333332,False,,1200
menziller/kohne-tikili,m²,70.0,,3.0,4.0,4.0,True,False,False,15,Bakı,28-may,,1.0,False,True,23.333333333333332,False,True,849
ofisler,m²,100.0,,3.0,,,True,False,False,6,Bakı,nizami-metrosu,,,,,33.333333333333336,False,,1800
obyektler,m²,180.0,,,,,True,False,False,12,Bakı,genclik,,,,,,False,,1999
menziller/kohne-tikili,m²,235.0,,5.0,8.0,8.0,True,False,False,30,Bakı,neriman-nerimanov,,1.0,False,True,47.0,False,,3500
menziller/yeni-tikili,m²,60.0,,2.0,9.0,16.0,True,False,False,8,Bakı,genclik,,0.5625,False,False,30.0,False,,790
ofisler,m²,60.0,,3.0,,,True,False,False,14,Bakı,nizami-metrosu,,,,,20.0,False,,1199
menziller/yeni-tikili,m²,60.0,,2.0,11.0,12.0,True,False,False,13,Bakı,yasamal,yasamal-qesebesi,0.9166666666666666,False,False,30.0,False,,700
menziller/yeni-tikili,m²,100.0,,2.0,2.0,7.0,True,False,False,19,Bakı,xetai,ag-sheher,0.2857142857142857,False,False,50.0,False,,1300
menziller/yeni-tikili,m²,110.0,,3.0,16.0,19.0,True,False,False,16,Bakı,elmler-akademiyasi,,0.8421052631578947,False,False,36.666666666666664,False,,1000
menziller/yeni-tikili,m²,110.0,,3.0,16.0,19.0,True,False,False,14,Bakı,elmler-akademiyasi,,0.8421052631578947,False,False,36.666666666666664,False,,1000
menziller/yeni-tikili,m²,130.0,,3.0,3.0,10.0,True,False,False,21,Bakı,nesimi,,0.3,False,False,43.333333333333336,False,,800
obyektler,m²,100.0,,,,,True,False,False,4,Xırdalan,,,,,,,False,,3000
obyektler,m²,35.0,,,,,True,False,False,5,Xırdalan,abseron,,,,,,False,,450
menziller/yeni-tikili,m²,75.0,,3.0,6.0,14.0,True,False,False,16,Bakı,neftciler,,0.42857142857142855,False,False,25.0,False,,750
menziller/yeni-tikili,m²,110.0,,3.0,4.0,16.0,True,False,False,26,Bakı,insaatcilar,,0.25,False,False,36.666666666666664,False,,170
menziller/yeni-tikili,m²,110.0,,3.0,16.0,19.0,True,False,False,25,Bakı,elmler-akademiyasi,,0.8421052631578947,False,False,36.666666666666664,False,True,1000
menziller/yeni-tikili,m²,200.0,,4.0,8.0,10.0,True,False,False,19,Bakı,elmler-akademiyasi,,0.8,False,False,50.0,False,True,1500
menziller/yeni-tikili,m²,130.0,,3.0,3.0,10.0,True,False,False,18,Bakı,nerimanov,,0.3,False,False,43.333333333333336,False,,800
menziller/yeni-tikili,m²,100.0,,3.0,6.0,18.0,True,False,False,6,Bakı,sebail,badamdar,0.3333333333333333,False,False,33.333333333333336,False,,800
menziller/yeni-tikili,m²,110.0,,3.0,5.0,16.0,True,False,False,9,Bakı,xetai,,0.3125,False,False,36.666666666666664,False,,850
menziller/kohne-tikili,m²,100.0,,3.0,4.0,5.0,True,False,False,8,Bakı,elmler-akademiyasi,,0.8,False,False,33.333333333333336,False,,850
menziller/kohne-tikili,m²,45.0,,2.0,3.0,9.0,True,False,False,4,Bakı,genclik,,0.3333333333333333,False,False,22.5,False,,750
obyektler,m²,60.0,,,,,True,False,False,9,Bakı,sahil,,,,,,False,,1499
menziller/yeni-tikili,m²,70.0,,2.0,15.0,15.0,True,False,False,13,Bakı,sebail,,1.0,False,True,35.0,False,,699
menziller/yeni-tikili,m²,55.0,,2.0,6.0,6.0,True,False,False,8,Bakı,xetai,ag-sheher,1.0,False,True,27.5,False,,1100
obyektler,m²,50.0,,,,,True,False,False,5,Bakı,hezi-aslanov,,,,,,False,,500
menziller/kohne-tikili,m²,73.0,,3.0,5.0,5.0,True,False,False,10,Bakı,neriman-nerimanov,,1.0,False,True,24.333333333333332,False,True,750
menziller/yeni-tikili,m²,130.0,,3.0,14.0,16.0,True,False,False,9,Bakı,sah-ismayil-xetai,,0.875,False,False,43.333333333333336,False,,1300
menziller/kohne-tikili,m²,60.0,,3.0,4.0,4.0,True,False,False,9,Bakı,genclik,,1.0,False,True,20.0,False,,600
menziller/kohne-tikili,m²,60.0,,2.0,6.0,9.0,True,False,False,19,Bakı,azadliq-prospekti,,0.6666666666666666,False,False,30.0,False,,600
menziller/yeni-tikili,m²,150.0,,3.0,22.0,27.0,True,False,False,16,Bakı,8-noyabr,,0.8148148148148148,False,False,50.0,True,,1500
menziller/kohne-tikili,m²,76.0,,3.0,9.0,9.0,True,False,False,16,Bakı,nesimi-metrosu,,1.0,False,True,25.333333333333332,False,,670
menziller/kohne-tikili,m²,45.0,,2.0,4.0,5.0,True,False,False,12,Bakı,elmler-akademiyasi,,0.8,False,False,22.5,False,,700
menziller/yeni-tikili,m²,120.0,,3.0,15.0,19.0,True,False,False,23,Bakı,elmler-akademiyasi,,0.7894736842105263,False,False,40.0,False,,1000
menziller/yeni-tikili,m²,256.0,,4.0,14.0,22.0,True,False,False,14,Bakı,neriman-nerimanov,,0.6363636363636364,False,False,64.0,False,False,2500
menziller/kohne-tikili,m²,50.0,,2.0,5.0,5.0,True,False,False,9,Bakı,insaatcilar,,1.0,False,True,25.0,False,,750
menziller/yeni-tikili,m²,120.0,,3.0,5.0,21.0,True,False,False,29,Bakı,sah-ismayil-xetai,,0.23809523809523808,False,False,40.0,False,,1900
menziller/yeni-tikili,m²,130.0,,3.0,4.0,7.0,True,False,False,16,Bakı,xetai,ag-sheher,0.5714285714285714,False,False,43.333333333333336,False,,1700
menziller/yeni-tikili,m²,90.0,,3.0,14.0,17.0,True,False,False,21,Bakı,bakmil,,0.8235294117647058,False,False,30.0,False,,1350
menziller/yeni-tikili,m²,150.0,,3.0,7.0,16.0,True,False,False,10,Bakı,nizami-metrosu,,0.4375,False,False,50.0,False,,2300
menziller/kohne-tikili,m²,70.0,,3.0,4.0,5.0,True,False,False,11,Bakı,neriman-nerimanov,,0.8,False,False,23.333333333333332,False,,749
ofisler,m²,450.0,,10.0,,,True,False,False,13,Bakı,20-yanvar,,,,,45.0,False,,7000
menziller/yeni-tikili,m²,116.0,,3.0,6.0,16.0,True,False,False,7,Bakı,genclik,,0.375,False,False,38.666666666666664,False,,1400
menziller/yeni-tikili,m²,130.0,,3.0,13.0,14.0,True,False,False,5,Bakı,8-noyabr,,0.9285714285714286,False,False,43.333333333333336,False,True,1100
menziller/yeni-tikili,m²,120.0,,2.0,12.0,20.0,True,False,False,13,Bakı,28-may,,0.6,False,False,60.0,False,True,2800
menziller/yeni-tikili,m²,130.0,,3.0,3.0,7.0,True,False,False,12,Bakı,xetai,ag-sheher,0.42857142857142855,False,False,43.333333333333336,False,,2700
menziller/yeni-tikili,m²,72.0,,2.0,12.0,15.0,True,False,False,11,Bakı,neftciler,,0.8,False,False,36.0,False,,850
menziller/kohne-tikili,m²,70.0,,2.0,8.0,9.0,True,False,False,8,Bakı,nesimi-metrosu,,0.8888888888888888,False,False,35.0,False,,580
menziller/yeni-tikili,m²,77.0,,2.0,3.0,4.0,True,False,False,11,Bakı,abseron,masazir,0.75,False,False,38.5,False,,400
menziller/kohne-tikili,m²,82.0,,2.0,3.0,5.0,True,False,False,5,Bakı,xetai,,0.6,False,False,41.0,False,,1200
menziller/yeni-tikili,m²,60.0,,2.0,3.0,16.0,True,False,False,21,Bakı,elmler-akademiyasi,,0.1875,False,False,30.0,False,,1300
menziller/yeni-tikili,m²,117.0,,3.0,11.0,21.0,True,False,False,10,Bakı,nesimi,,0.5238095238095238,False,False,39.0,False,,1500
menziller/kohne-tikili,m²,30.0,,1.0,3.0,5.0,True,False,False,12,Bakı,genclik,,0.6,False,False,30.0,False,,550
ofisler,m²,250.0,,11.0,,,True,False,False,24,Bakı,nesimi,,,,,22.727272727272727,False,,3000
menziller/yeni-tikili,m²,105.0,,3.0,17.0,18.0,True,False,False,9,Bakı,memar-ecemi,,0.9444444444444444,False,False,35.0,False,,850
menziller/yeni-tikili,m²,76.0,,3.0,5.0,12.0,True,False,False,20,Bakı,yasamal,yeni-yasamal,0.4166666666666667,False,False,25.333333333333332,False,,1000
menziller/yeni-tikili,m²,140.0,,3.0,14.0,16.0,True,False,False,14,Bakı,8-noyabr,,0.875,False,False,46.666666666666664,False,,1100
menziller/yeni-tikili,m²,65.0,,2.0,6.0,17.0,True,False,False,14,Bakı,hezi-aslanov,,0.35294117647058826,False,False,32.5,False,,670
menziller/yeni-tikili,m²,50.0,,2.0,10.0,18.0,True,False,False,19,Bakı,28-may,,0.5555555555555556,False,False,25.0,False,,1250
menziller/yeni-tikili,m²,80.0,,3.0,12.0,14.0,True,False,False,8,Bakı,yasamal,yasamal-qesebesi,0.8571428571428571,False,False,26.666666666666668,False,,800
menziller/kohne-tikili,m²,75.0,,3.0,4.0,5.0,True,False,False,11,Bakı,elmler-akademiyasi,,0.8,False,False,25.0,False,,700
menziller/yeni-tikili,m²,100.0,,2.0,1.0,2.0,True,False,False,9,Bakı,sabuncu,sea-breeze,0.5,True,False,50.0,False,,200
heyet-evleri,m²,90.0,2.0,4.0,,,True,False,False,21,Bakı,abseron,novxani,,,,22.5,False,,1800
heyet-evleri,m²,60.0,1.8,3.0,,,True,False,False,13,Bakı,abseron,novxani,,,,20.0,False,,1800
obyektler,m²,900.0,,,,,True,False,False,18,Bakı,sahil,,,,,,False,,27000
heyet-evleri,m²,220.0,10.0,6.0,,,True,False,False,29,Bakı,abseron,novxani,,,,36.666666666666664,False,,3500
menziller/yeni-tikili,m²,120.0,,3.0,14.0,20.0,True,False,False,16,Bakı,xetai,,0.7,False,False,40.0,False,True,2500
menziller/yeni-tikili,m²,130.0,,3.0,7.0,7.0,True,False,False,16,Bakı,sah-ismayil-xetai,,1.0,False,True,43.333333333333336,False,,1550
menziller/yeni-tikili,m²,120.0,,3.0,5.0,16.0,True,False,False,15,Bakı,sah-ismayil-xetai,,0.3125,False,False,40.0,False,,1100
ofisler,m²,84.0,,3.0,,,True,False,False,13,Bakı,elmler-akademiyasi,,,,,28.0,False,,1300
menziller/yeni-tikili,m²,60.0,,2.0,9.0,16.0,True,False,False,17,Bakı,genclik,,0.5625,False,False,30.0,False,,850
heyet-evleri,m²,120.0,1.2,4.0,,,True,False,False,14,Bakı,nizami,kesle,,,,30.0,False,,750
obyektler,m²,440.0,,,,,True,False,False,17,Bakı,nesimi-metrosu,,,,,,False,,4500
menziller/yeni-tikili,m²,85.0,,2.0,8.0,16.0,True,False,False,10,Bakı,neriman-nerimanov,,0.5,False,False,42.5,False,,900
menziller/yeni-tikili,m²,65.0,,2.0,21.0,23.0,True,False,False,5,Bakı,sah-ismayil-xetai,,0.9130434782608695,False,False,32.5,False,,1200
ofisler,m²,400.0,,12.0,,,True,False,False,26,Bakı,20-yanvar,,,,,33.333333333333336,False,,5000
menziller/yeni-tikili,m²,120.0,,3.0,11.0,16.0,True,False,False,26,Bakı,neriman-nerimanov,,0.6875,False,False,40.0,False,,1100
menziller/yeni-tikili,m²,165.0,,3.0,15.0,22.0,True,False,False,10,Bakı,nizami-metrosu,,0.6818181818181818,False,False,55.0,False,True,2500
heyet-evleri,m²,60.0,1.0,2.0,,,True,False,False,7,Bakı,insaatcilar,,,,,30.0,False,,600
menziller/yeni-tikili,m²,235.0,,5.0,8.0,8.0,True,False,False,29,Bakı,neriman-nerimanov,,1.0,False,True,47.0,False,,3400
menziller/kohne-tikili,m²,50.0,,2.0,1.0,9.0,True,False,False,9,Bakı,8-noyabr,,0.1111111111111111,True,False,25.0,False,,550
menziller/yeni-tikili,m²,120.0,,3.0,7.0,7.0,True,False,False,19,Bakı,sah-ismayil-xetai,,1.0,False,True,40.0,False,,1550
heyet-evleri,m²,220.0,6.0,4.0,,,True,False,False,12,Bakı,xezer,suvelan,,,,55.0,False,True,3500
heyet-evleri,m²,180.0,5.0,4.0,,,True,False,False,24,Bakı,xezer,suvelan,,,,45.0,False,True,4000
heyet-evleri,m²,250.0,12.0,5.0,,,True,False,False,19,Bakı,xezer,merdekan,,,,50.0,False,True,5500
menziller/yeni-tikili,m²,110.0,,3.0,8.0,16.0,True,False,False,16,Bakı,sah-ismayil-xetai,,0.5,False,False,36.666666666666664,False,True,1000
menziller/yeni-tikili,m²,55.0,,2.0,5.0,7.0,True,False,False,8,Bakı,xetai,ag-sheher,0.7142857142857143,False,False,27.5,False,,1500
menziller/yeni-tikili,m²,110.0,,3.0,16.0,19.0,True,False,False,19,Bakı,elmler-akademiyasi,,0.8421052631578947,False,False,36.666666666666664,False,,1000
menziller/yeni-tikili,m²,73.0,,2.0,10.0,18.0,True,False,False,12,Bakı,elmler-akademiyasi,,0.5555555555555556,False,False,36.5,False,,1500
menziller/kohne-tikili,m²,40.0,,2.0,5.0,5.0,True,False,False,4,Bakı,memar-ecemi,,1.0,False,True,20.0,False,,119
menziller/yeni-tikili,m²,101.0,,3.0,11.0,16.0,True,False,False,22,Bakı,hezi-aslanov,,0.6875,False,False,33.666666666666664,False,,800
menziller/yeni-tikili,m²,110.0,,3.0,5.0,16.0,True,False,False,11,Bakı,insaatcilar,,0.3125,False,False,36.666666666666664,False,True,1100
menziller/yeni-tikili,m²,67.0,,2.0,11.0,19.0,True,False,False,10,Bakı,neriman-nerimanov,,0.5789473684210527,False,False,33.5,False,,690
menziller/yeni-tikili,m²,100.0,,2.0,5.0,18.0,True,False,False,14,Bakı,nizami-metrosu,,0.2777777777777778,False,False,50.0,False,,2000
obyektler,m²,250.0,,,,,False,False,False,4,Cəlilabad,,,,,,,False,,1100
obyektler,m²,25.0,,,,,True,False,False,9,Bakı,memar-ecemi,,,,,,False,,250
menziller/yeni-tikili,m²,120.0,,3.0,11.0,16.0,True,False,False,15,Bakı,neriman-nerimanov,,0.6875,False,False,40.0,False,True,1100
menziller/yeni-tikili,m²,150.0,,3.0,17.0,20.0,True,False,False,13,Bakı,elmler-akademiyasi,,0.85,False,False,50.0,False,True,1300
heyet-evleri,m²,145.0,5.7,5.0,,,True,False,False,30,Bakı,xezer,simal-dres,,,,29.0,False,,200
menziller/yeni-tikili,m²,145.0,,3.0,17.0,20.0,True,False,False,8,Bakı,elmler-akademiyasi,,0.85,False,False,48.333333333333336,False,,1350
menziller/yeni-tikili,m²,70.0,,2.0,5.0,19.0,True,False,False,18,Bakı,sah-ismayil-xetai,,0.2631578947368421,False,False,35.0,False,True,1500
menziller/kohne-tikili,m²,55.0,,2.0,2.0,9.0,True,False,False,9,Bakı,nesimi-metrosu,,0.2222222222222222,False,False,27.5,False,,599
menziller/yeni-tikili,m²,65.0,,2.0,10.0,19.0,True,False,False,14,Bakı,neftciler,,0.5263157894736842,False,False,32.5,False,,699
menziller/kohne-tikili,m²,70.0,,3.0,5.0,5.0,True,False,False,16,Bakı,neriman-nerimanov,,1.0,False,True,23.333333333333332,False,True,700
menziller/yeni-tikili,m²,225.0,,4.0,15.0,18.0,True,False,False,12,Bakı,elmler-akademiyasi,,0.8333333333333334,False,False,56.25,False,,1300
menziller/yeni-tikili,m²,188.0,,3.0,5.0,6.0,True,False,False,14,Bakı,xetai,ag-sheher,0.8333333333333334,False,False,62.666666666666664,False,,2500
menziller/yeni-tikili,m²,125.0,,4.0,3.0,5.0,True,False,False,30,Bakı,sah-ismayil-xetai,,0.6,False,False,31.25,False,,1200
ofisler,m²,250.0,,4.0,,,True,False,False,25,Bakı,nizami-metrosu,,,,,62.5,False,,3000
menziller/kohne-tikili,m²,80.0,,3.0,3.0,5.0,True,False,False,9,Bakı,elmler-akademiyasi,,0.6,False,False,26.666666666666668,False,,750
menziller/yeni-tikili,m²,95.0,,2.0,15.0,17.0,True,False,False,11,Bakı,insaatcilar,,0.8823529411764706,False,False,47.5,False,,800
menziller/yeni-tikili,m²,211.0,,3.0,10.0,18.0,True,False,False,22,Bakı,nerimanov,,0.5555555555555556,False,False,70.33333333333333,True,,5000
menziller/kohne-tikili,m²,72.0,,4.0,2.0,5.0,True,False,False,7,Bakı,xalqlar-dostlugu,,0.4,False,False,18.0,False,,700
menziller/yeni-tikili,m²,71.0,,2.0,15.0,17.0,True,False,False,14,Bakı,28-may,,0.8823529411764706,False,False,35.5,False,True,1300
menziller/yeni-tikili,m²,220.0,,4.0,11.0,18.0,True,False,False,21,Bakı,nesimi,,0.6111111111111112,False,False,55.0,False,,2500
menziller/yeni-tikili,m²,73.0,,2.0,12.0,17.0,True,False,False,9,Bakı,28-may,,0.7058823529411765,False,False,36.5,False,,900
menziller/kohne-tikili,m²,80.0,,2.0,3.0,5.0,True,False,False,19,Bakı,yasamal,,0.6,False,False,40.0,False,,750
ofisler,m²,80.0,,3.0,,,True,False,False,14,Bakı,iceri-seher-metrosu,,,,,26.666666666666668,False,True,1500
menziller/kohne-tikili,m²,75.0,,3.0,4.0,4.0,True,False,False,16,Bakı,28-may,,1.0,False,True,25.0,False,True,850
menziller/yeni-tikili,m²,64.0,,3.0,17.0,18.0,True,False,False,6,Bakı,avtovagzal,,0.9444444444444444,False,False,21.333333333333332,False,,700
menziller/yeni-tikili,m²,55.0,,2.0,8.0,8.0,True,False,False,6,Xırdalan,,,1.0,False,True,27.5,False,True,430
menziller/yeni-tikili,m²,111.0,,3.0,16.0,20.0,True,False,False,26,Bakı,elmler-akademiyasi,,0.8,False,False,37.0,False,,1000
obyektler,m²,180.0,,,,,True,False,False,18,Bakı,nesimi,,,,,,False,,2700
menziller/yeni-tikili,m²,55.0,,2.0,3.0,5.0,True,False,False,6,Xırdalan,abseron,,0.6,False,False,27.5,False,,400
menziller/yeni-tikili,m²,150.0,,4.0,6.0,16.0,True,False,False,28,Bakı,28-may,,0.375,False,False,37.5,False,True,1300
menziller/yeni-tikili,m²,75.0,,2.0,1.0,8.0,True,False,False,15,Bakı,sabuncu,nardaran,0.125,True,False,37.5,False,,4000
menziller/yeni-tikili,m²,70.0,,2.0,12.0,19.0,True,False,False,9,Bakı,nesimi,,0.631578947368421,False,False,35.0,False,True,1000
menziller/yeni-tikili,m²,110.0,,3.0,5.0,16.0,True,False,False,15,Bakı,insaatcilar,,0.3125,False,False,36.666666666666664,False,,900
menziller/yeni-tikili,m²,95.0,,2.0,15.0,17.0,True,False,False,9,Bakı,insaatcilar,,0.8823529411764706,False,False,47.5,False,,800
menziller/kohne-tikili,m²,85.0,,3.0,9.0,9.0,True,False,False,25,Bakı,nerimanov,,1.0,False,True,28.333333333333332,False,,700
menziller/kohne-tikili,m²,60.0,,2.0,2.0,5.0,True,False,False,16,Bakı,memar-ecemi,,0.4,False,False,30.0,False,,600
heyet-evleri,m²,75.0,0.7,3.0,,,True,False,False,9,Bakı,bineqedi,,,,,25.0,False,,350
menziller/kohne-tikili,m²,97.0,,3.0,1.0,5.0,True,False,False,6,Bakı,elmler-akademiyasi,,0.2,True,False,32.333333333333336,False,,850
menziller/yeni-tikili,m²,100.0,,3.0,14.0,14.0,True,False,False,27,Bakı,genclik,,1.0,False,True,33.333333333333336,False,,2000
menziller/yeni-tikili,m²,201.0,,4.0,16.0,28.0,True,False,False,21,Bakı,sah-ismayil-xetai,,0.5714285714285714,False,False,50.25,False,,2000
heyet-evleri,m²,120.0,4.0,3.0,,,True,False,False,21,Qəbələ,,,,,,40.0,False,,150
obyektler,m²,100.0,,,,,False,False,False,7,Bakı,dernegul,,,,,,False,,600
menziller/yeni-tikili,m²,110.0,,3.0,16.0,19.0,True,False,False,23,Bakı,elmler-akademiyasi,,0.8421052631578947,False,False,36.666666666666664,False,True,1000
heyet-evleri,m²,55.0,5.0,2.0,,,True,False,False,14,Qəbələ,,,,,,27.5,False,,70
menziller/yeni-tikili,m²,110.0,,3.0,5.0,16.0,True,False,False,12,Bakı,hezi-aslanov,,0.3125,False,False,36.666666666666664,False,,650
menziller/yeni-tikili,m²,109.0,,3.0,6.0,9.0,True,False,False,19,Sumqayıt,,,0.6666666666666666,False,False,36.333333333333336,True,,650
menziller/yeni-tikili,m²,150.0,,4.0,9.0,17.0,True,False,False,17,Bakı,insaatcilar,,0.5294117647058824,False,False,37.5,False,,180
ofisler,m²,84.0,,3.0,,,True,False,False,13,Bakı,elmler-akademiyasi,,,,,28.0,False,,1300
menziller/kohne-tikili,m²,60.0,,3.0,1.0,9.0,True,False,False,10,Bakı,suraxani,qaracuxur,0.1111111111111111,True,False,20.0,False,,500
heyet-evleri,m²,380.0,6.0,6.0,,,True,False,False,18,Bakı,xezer,merdekan,,,,63.333333333333336,False,,300
obyektler,m²,220.0,,,,,True,False,False,8,Bakı,20-yanvar,,,,,,False,,6600
heyet-evleri,m²,140.0,4.0,4.0,,,True,False,False,12,Bakı,sabuncu,pirsagi,,,,35.0,False,,250
menziller/yeni-tikili,m²,80.0,,2.0,16.0,19.0,True,False,False,15,Bakı,neriman-nerimanov,,0.8421052631578947,False,False,40.0,False,,850
heyet-evleri,m²,140.0,3.0,3.0,,,True,False,False,27,Bakı,xezer,merdekan,,,,46.666666666666664,False,,250
heyet-evleri,m²,180.0,6.0,4.0,,,True,False,False,13,Bakı,xezer,buzovna,,,,45.0,False,,250
heyet-evleri,m²,240.0,7.0,4.0,,,True,False,False,15,Bakı,xezer,merdekan,,,,60.0,False,True,300
heyet-evleri,m²,350.0,8.0,4.0,,,True,False,False,10,Bakı,xezer,merdekan,,,,87.5,True,,300
heyet-evleri,m²,280.0,8.0,4.0,,,True,False,False,10,Bakı,xezer,merdekan,,,,70.0,False,,250
heyet-evleri,m²,200.0,6.0,4.0,,,True,False,False,14,Bakı,xezer,merdekan,,,,50.0,False,,250
heyet-evleri,m²,200.0,6.0,4.0,,,True,False,False,16,Bakı,xezer,merdekan,,,,50.0,False,,250
menziller/yeni-tikili,m²,105.0,,3.0,6.0,7.0,True,False,False,11,Bakı,sah-ismayil-xetai,,0.8571428571428571,False,False,35.0,False,True,1700
heyet-evleri,m²,500.0,12.0,5.0,,,True,False,False,20,Bakı,sabuncu,nardaran,,,,100.0,True,,300
heyet-evleri,m²,180.0,8.0,3.0,,,True,False,False,30,Bakı,xezer,merdekan,,,,60.0,False,,250
heyet-evleri,m²,180.0,5.0,4.0,,,True,False,False,15,Bakı,xezer,merdekan,,,,45.0,False,,250
obyektler,m²,130.0,,,,,True,False,False,11,Bakı,iceri-seher-metrosu,,,,,,False,,4000
menziller/yeni-tikili,m²,70.0,,2.0,12.0,15.0,True,False,False,13,Bakı,neftciler,,0.8,False,False,35.0,False,,800
obyektler,m²,100.0,,,,,True,False,False,7,Bakı,neriman-nerimanov,,,,,,False,,2000
menziller/kohne-tikili,m²,78.0,,3.0,2.0,9.0,True,False,False,30,Bakı,iceri-seher-metrosu,,0.2222222222222222,False,False,26.0,False,True,1200
menziller/yeni-tikili,m²,65.0,,2.0,4.0,17.0,True,False,False,5,Bakı,sebail,,0.23529411764705882,False,False,32.5,False,,700
menziller/yeni-tikili,m²,85.0,,2.0,8.0,15.0,True,False,False,11,Bakı,neriman-nerimanov,,0.5333333333333333,False,False,42.5,False,,900
obyektler,m²,103.0,,,,,True,False,False,6,Bakı,nerimanov,,,,,,False,,1800
menziller/kohne-tikili,m²,53.0,,2.0,3.0,5.0,True,False,False,10,Bakı,iceri-seher-metrosu,,0.6,False,False,26.5,False,True,1000
qarajlar,m²,70.0,,,,,,False,False,7,Bakı,dernegul,,,,,,False,,500
menziller/yeni-tikili,m²,50.0,,2.0,12.0,20.0,True,False,False,9,Bakı,20-yanvar,,0.6,False,False,25.0,False,,700
menziller/yeni-tikili,m²,55.0,,2.0,9.0,16.0,True,False,False,11,Bakı,nesimi,,0.5625,False,False,27.5,False,,750
menziller/yeni-tikili,m²,50.0,,2.0,6.0,16.0,True,False,False,6,Bakı,20-yanvar,,0.375,False,False,25.0,False,True,650
menziller/yeni-tikili,m²,67.0,,2.0,11.0,16.0,True,False,False,9,Bakı,nesimi,,0.6875,False,False,33.5,False,True,850
menziller/yeni-tikili,m²,50.0,,2.0,10.0,20.0,True,False,False,5,Bakı,20-yanvar,,0.5,False,False,25.0,False,,700
menziller/yeni-tikili,m²,50.0,,2.0,9.0,16.0,True,False,False,12,Bakı,nesimi,,0.5625,False,False,25.0,True,True,700
menziller/yeni-tikili,m²,77.0,,2.0,9.0,16.0,True,False,False,27,Bakı,genclik,,0.5625,False,False,38.5,False,True,1300
menziller/kohne-tikili,m²,80.0,,3.0,2.0,9.0,True,False,False,29,Bakı,neriman-nerimanov,,0.2222222222222222,False,False,26.666666666666668,False,True,850
menziller/yeni-tikili,m²,90.0,,2.0,7.0,17.0,True,False,False,7,Bakı,elmler-akademiyasi,,0.4117647058823529,False,False,45.0,False,,1400
menziller/yeni-tikili,m²,120.0,,3.0,11.0,16.0,True,False,False,26,Bakı,neriman-nerimanov,,0.6875,False,False,40.0,False,,1100
menziller/yeni-tikili,m²,156.0,,3.0,1.0,8.0,True,False,False,17,Bakı,sabuncu,sea-breeze,0.125,True,False,52.0,False,True,500
menziller/yeni-tikili,m²,65.0,,2.0,8.0,16.0,True,False,False,8,Bakı,dernegul,,0.5,False,False,32.5,False,True,850
obyektler,m²,200.0,,,,,True,False,False,12,Bakı,neriman-nerimanov,,,,,,False,,4200
heyet-evleri,m²,300.0,7.0,7.0,,,True,False,False,26,Bakı,xezer,merdekan,,,,42.857142857142854,False,,300
menziller/yeni-tikili,m²,120.0,,2.0,3.0,13.0,True,False,False,15,Bakı,nesimi,,0.23076923076923078,False,False,60.0,False,,1200
obyektler,m²,100.0,,,,,True,False,False,6,Bakı,nizami,kesle,,,,,False,,1800
menziller/yeni-tikili,m²,80.0,,2.0,3.0,6.0,True,False,False,20,Bakı,sabuncu,sea-breeze,0.5,False,False,40.0,False,True,240
menziller/yeni-tikili,m²,62.0,,2.0,11.0,24.0,True,False,False,9,Bakı,sah-ismayil-xetai,,0.4583333333333333,False,False,31.0,False,,900
menziller/yeni-tikili,m²,65.0,,2.0,15.0,16.0,True,False,False,10,Bakı,sah-ismayil-xetai,,0.9375,False,False,32.5,False,True,800
menziller/kohne-tikili,m²,55.0,,2.0,4.0,5.0,True,False,False,8,Bakı,neriman-nerimanov,,0.8,False,False,27.5,False,,600
menziller/yeni-tikili,m²,65.0,,2.0,8.0,16.0,True,False,False,6,Bakı,28-may,,0.5,False,False,32.5,False,,800
menziller/yeni-tikili,m²,95.0,,2.0,14.0,17.0,True,False,False,20,Bakı,nesimi,,0.8235294117647058,False,False,47.5,False,,1100
menziller/yeni-tikili,m²,110.0,,3.0,6.0,15.0,True,False,False,9,Bakı,8-noyabr,,0.4,False,False,36.666666666666664,False,True,899
menziller/yeni-tikili,m²,90.0,,3.0,2.0,14.0,True,False,False,13,Sumqayıt,abseron,,0.14285714285714285,False,False,30.0,False,,550
menziller/yeni-tikili,m²,65.0,,2.0,14.0,18.0,True,False,False,7,Bakı,nerimanov,,0.7777777777777778,False,False,32.5,False,,1099
menziller/yeni-tikili,m²,80.0,,2.0,10.0,17.0,True,False,False,9,Bakı,nerimanov,,0.5882352941176471,False,False,40.0,False,True,1200
menziller/yeni-tikili,m²,220.0,,4.0,11.0,18.0,True,False,False,22,Bakı,nesimi,,0.6111111111111112,False,False,55.0,False,,3000
menziller/kohne-tikili,m²,70.0,,2.0,3.0,3.0,True,False,False,9,Bakı,28-may,,1.0,False,True,35.0,False,True,700
heyet-evleri,m²,55.0,1.0,2.0,,,True,False,False,5,Bakı,abseron,masazir,,,,27.5,False,,180
menziller/yeni-tikili,m²,55.0,,2.0,11.0,18.0,True,False,False,9,Bakı,nerimanov,,0.6111111111111112,False,False,27.5,False,,850
menziller/kohne-tikili,m²,75.0,,3.0,5.0,5.0,True,False,False,18,Bakı,elmler-akademiyasi,,1.0,False,True,25.0,False,,799
menziller/yeni-tikili,m²,127.0,,2.0,13.0,16.0,True,False,False,25,Bakı,nesimi,,0.8125,False,False,63.5,False,,1250
menziller/yeni-tikili,m²,110.0,,3.0,6.0,7.0,True,False,False,24,Bakı,sah-ismayil-xetai,,0.8571428571428571,False,False,36.666666666666664,False,,1700
menziller/yeni-tikili,m²,80.0,,3.0,9.0,17.0,True,False,False,7,Bakı,insaatcilar,,0.5294117647058824,False,False,26.666666666666668,False,True,1000
menziller/yeni-tikili,m²,140.0,,3.0,14.0,16.0,True,False,False,18,Bakı,nesimi,,0.875,False,False,46.666666666666664,False,,1100
menziller/yeni-tikili,m²,60.0,,2.0,13.0,18.0,True,False,False,14,Bakı,insaatcilar,,0.7222222222222222,False,False,30.0,False,True,830
menziller/yeni-tikili,m²,125.0,,3.0,5.0,11.0,True,False,False,10,Bakı,genclik,,0.45454545454545453,False,False,41.666666666666664,True,True,1150
menziller/yeni-tikili,m²,200.0,,4.0,4.0,16.0,True,False,False,16,Bakı,sah-ismayil-xetai,,0.25,False,False,50.0,True,True,1800
menziller/kohne-tikili,m²,210.0,,5.0,9.0,10.0,True,False,False,23,Bakı,neriman-nerimanov,,0.9,False,False,42.0,False,True,1400
menziller/yeni-tikili,m²,65.0,,2.0,6.0,14.0,True,False,False,13,Bakı,nerimanov,,0.42857142857142855,False,False,32.5,False,,1100
menziller/yeni-tikili,m²,65.0,,2.0,7.0,16.0,True,False,False,12,Bakı,28-may,,0.4375,False,False,32.5,False,,1200
menziller/yeni-tikili,m²,110.0,,2.0,5.0,17.0,True,False,False,11,Bakı,nizami-metrosu,,0.29411764705882354,False,False,55.0,False,,1400
menziller/yeni-tikili,m²,60.0,,2.0,11.0,17.0,True,False,False,7,Bakı,insaatcilar,,0.6470588235294118,False,False,30.0,False,,730
menziller/yeni-tikili,m²,93.0,,2.0,18.0,25.0,True,False,False,28,Bakı,sah-ismayil-xetai,,0.72,False,False,46.5,False,,5000
menziller/yeni-tikili,m²,110.0,,3.0,5.0,16.0,True,False,False,16,Bakı,insaatcilar,,0.3125,False,False,36.666666666666664,False,,1000
menziller/yeni-tikili,m²,230.0,,4.0,15.0,20.0,True,False,False,7,Bakı,28-may,,0.75,False,False,57.5,False,True,3300
menziller/yeni-tikili,m²,60.0,,2.0,4.0,18.0,True,False,False,5,Bakı,memar-ecemi,,0.2222222222222222,False,False,30.0,False,,730
obyektler,m²,47.5,,,,,,False,False,6,Bakı,azadliq-prospekti,,,,,,False,,500
obyektler,m²,300.0,,,,,True,False,False,5,Bakı,neriman-nerimanov,,,,,,True,,3300
menziller/yeni-tikili,m²,85.0,,3.0,7.0,16.0,True,False,False,13,Bakı,neriman-nerimanov,,0.4375,False,False,28.333333333333332,False,,1200
menziller/yeni-tikili,m²,60.0,,2.0,5.0,20.0,True,False,False,7,Bakı,insaatcilar,,0.25,False,False,30.0,False,,830
menziller/yeni-tikili,m²,115.0,,3.0,13.0,18.0,True,False,False,9,Bakı,28-may,,0.7222222222222222,False,False,38.333333333333336,False,True,1600
menziller/yeni-tikili,m²,150.0,,3.0,5.0,15.0,True,False,False,19,Bakı,nesimi,,0.3333333333333333,False,False,50.0,False,,1200
menziller/yeni-tikili,m²,170.0,,4.0,16.0,18.0,True,False,False,6,Bakı,nesimi,,0.8888888888888888,False,False,42.5,False,,1000
menziller/yeni-tikili,m²,80.0,,3.0,13.0,16.0,True,False,False,12,Bakı,yasamal,,0.8125,False,False,26.666666666666668,False,,799
menziller/kohne-tikili,m²,60.0,,2.0,2.0,5.0,True,False,False,10,Bakı,elmler-akademiyasi,,0.4,False,False,30.0,False,,697
menziller/yeni-tikili,m²,80.0,,2.0,8.0,13.0,True,False,False,11,Sumqayıt,,,0.6153846153846154,False,False,40.0,False,,580
menziller/yeni-tikili,m²,65.0,,2.0,11.0,16.0,True,False,False,9,Bakı,nesimi,,0.6875,False,False,32.5,False,,850
menziller/kohne-tikili,m²,55.0,,2.0,4.0,5.0,True,False,False,10,Bakı,neriman-nerimanov,,0.8,False,False,27.5,False,,799
menziller/kohne-tikili,m²,70.0,,2.0,2.0,2.0,True,False,False,13,Bakı,insaatcilar,,1.0,False,True,35.0,False,,600
menziller/yeni-tikili,m²,70.0,,2.0,28.0,28.0,True,False,False,12,Bakı,28-may,,1.0,False,True,35.0,False,True,1000
menziller/yeni-tikili,m²,100.0,,3.0,14.0,17.0,True,False,False,12,Bakı,8-noyabr,,0.8235294117647058,False,False,33.333333333333336,False,,1795
menziller/kohne-tikili,m²,35.0,,2.0,5.0,5.0,True,False,False,10,Bakı,sabuncu,bakixanov,1.0,False,True,17.5,False,,500
menziller/yeni-tikili,m²,120.0,,3.0,9.0,17.0,True,False,False,10,Bakı,insaatcilar,,0.5294117647058824,False,False,40.0,False,True,1000
menziller/kohne-tikili,m²,70.0,,2.0,2.0,5.0,True,False,False,16,Bakı,yasamal,,0.4,False,False,35.0,False,,600
obyektler,m²,80.0,,,,,True,False,False,9,Bakı,nizami-metrosu,,,,,,False,True,1600
obyektler,m²,1000.0,,,,,True,False,False,30,Bakı,nizami,8-ci-kilometr,,,,,False,,13500
menziller/yeni-tikili,m²,120.0,,3.0,11.0,15.0,True,False,False,17,Bakı,28-may,,0.7333333333333333,False,False,40.0,True,,2500
menziller/yeni-tikili,m²,65.0,,2.0,11.0,16.0,True,False,False,9,Bakı,nesimi,,0.6875,False,False,32.5,False,,850
menziller/yeni-tikili,m²,110.0,,3.0,5.0,16.0,True,False,False,15,Bakı,insaatcilar,,0.3125,False,False,36.666666666666664,True,True,1000
menziller/yeni-tikili,m²,150.0,,3.0,8.0,12.0,True,False,False,15,Bakı,nesimi,,0.6666666666666666,False,False,50.0,False,True,1600
menziller/kohne-tikili,m²,130.0,,3.0,3.0,4.0,True,False,False,12,Bakı,elmler-akademiyasi,,0.75,False,False,43.333333333333336,False,,1200
menziller/yeni-tikili,m²,135.0,,3.0,7.0,14.0,True,False,False,13,Bakı,nesimi,,0.5,False,False,45.0,False,,1499
menziller/yeni-tikili,m²,128.0,,3.0,5.0,12.0,True,False,False,10,Bakı,genclik,,0.4166666666666667,False,False,42.666666666666664,True,True,1150
menziller/yeni-tikili,m²,75.0,,3.0,11.0,20.0,True,False,False,13,Bakı,nesimi,,0.55,False,False,25.0,False,,1200
menziller/yeni-tikili,m²,110.0,,2.0,23.0,27.0,True,False,False,18,Bakı,8-noyabr,,0.8518518518518519,False,False,55.0,False,,1100
menziller/kohne-tikili,m²,70.0,,2.0,2.0,12.0,True,False,False,15,Bakı,yasamal,,0.16666666666666666,False,False,35.0,False,,600
menziller/kohne-tikili,m²,50.0,,2.0,2.0,9.0,True,False,False,6,Bakı,genclik,,0.2222222222222222,False,False,25.0,False,True,700
menziller/kohne-tikili,m²,50.0,,2.0,7.0,9.0,True,False,False,8,Bakı,neriman-nerimanov,,0.7777777777777778,False,False,25.0,False,,499
menziller/yeni-tikili,m²,125.0,,3.0,15.0,17.0,True,False,False,11,Bakı,elmler-akademiyasi,,0.8823529411764706,False,False,41.666666666666664,False,,1200
obyektler,m²,270.0,,,,,True,False,False,5,Bakı,nesimi,,,,,,False,,7000
menziller/kohne-tikili,m²,45.0,,2.0,4.0,5.0,True,False,False,7,Bakı,elmler-akademiyasi,,0.8,False,False,22.5,False,,700
menziller/yeni-tikili,m²,35.0,,1.0,4.0,16.0,True,False,False,7,Xırdalan,,,0.25,False,False,35.0,False,True,350
menziller/yeni-tikili,m²,100.0,,2.0,11.0,33.0,True,False,False,13,Bakı,xetai,,0.3333333333333333,False,False,50.0,False,,2000
menziller/yeni-tikili,m²,85.0,,3.0,2.0,18.0,True,False,False,16,Bakı,bineqedi,,0.1111111111111111,False,False,28.333333333333332,False,,600
menziller/yeni-tikili,m²,55.0,,2.0,15.0,15.0,True,False,False,12,Sumqayıt,,,1.0,False,True,27.5,False,True,500
ofisler,m²,35.0,,1.0,,,True,False,False,6,Bakı,elmler-akademiyasi,,,,,35.0,False,True,1000
menziller/kohne-tikili,m²,43.0,,2.0,2.0,5.0,True,False,False,9,Bakı,insaatcilar,,0.4,False,False,21.5,False,,800
menziller/kohne-tikili,m²,60.0,,2.0,3.0,5.0,True,False,False,15,Bakı,28-may,,0.6,False,False,30.0,False,,1000
menziller/yeni-tikili,m²,183.0,,3.0,12.0,18.0,True,False,False,11,Bakı,8-noyabr,,0.6666666666666666,False,False,61.0,False,True,2000
menziller/yeni-tikili,m²,100.0,,3.0,2.0,17.0,True,False,False,8,Bakı,insaatcilar,,0.11764705882352941,False,False,33.333333333333336,False,,600
menziller/yeni-tikili,m²,130.0,,3.0,2.0,16.0,True,False,False,13,Bakı,memar-ecemi,,0.125,False,False,43.333333333333336,False,,800
menziller/yeni-tikili,m²,120.0,,3.0,6.0,16.0,True,False,False,7,Bakı,neriman-nerimanov,,0.375,False,False,40.0,False,,1400
menziller/kohne-tikili,m²,52.0,,2.0,1.0,5.0,True,False,False,9,Bakı,xetai,hezi-aslanov-qesebesi,0.2,True,False,26.0,False,,650
menziller/yeni-tikili,m²,180.0,,4.0,10.0,18.0,True,False,False,18,Bakı,nizami-metrosu,,0.5555555555555556,False,False,45.0,False,True,2000
menziller/yeni-tikili,m²,104.0,,3.0,8.0,12.0,True,False,False,7,Bakı,bakmil,,0.6666666666666666,False,False,34.666666666666664,False,,1199
menziller/yeni-tikili,m²,85.0,,2.0,5.0,16.0,True,False,False,12,Bakı,hezi-aslanov,,0.3125,False,False,42.5,False,,800
menziller/yeni-tikili,m²,75.0,,2.0,8.0,10.0,True,False,False,10,Sumqayıt,,,0.8,False,False,37.5,False,,500
heyet-evleri,m²,45.0,0.1,2.0,,,True,False,False,5,Bakı,sebail,,,,,22.5,False,,500
menziller/kohne-tikili,m²,60.0,,3.0,3.0,5.0,True,False,False,29,Bakı,28-may,,0.6,False,False,20.0,False,,1200
menziller/kohne-tikili,m²,40.0,,1.0,3.0,5.0,True,False,False,5,Bakı,elmler-akademiyasi,,0.6,False,False,40.0,False,,500
menziller/yeni-tikili,m²,136.0,,3.0,8.0,18.0,True,False,False,21,Bakı,nizami-metrosu,,0.4444444444444444,False,False,45.333333333333336,False,,2400
menziller/yeni-tikili,m²,100.0,,3.0,10.0,16.0,True,False,False,12,Bakı,8-noyabr,,0.625,False,False,33.333333333333336,False,,1000
menziller/yeni-tikili,m²,100.0,,3.0,17.0,19.0,True,False,False,15,Bakı,sah-ismayil-xetai,,0.8947368421052632,False,False,33.333333333333336,False,True,2000
menziller/yeni-tikili,m²,60.0,,2.0,3.0,16.0,True,False,False,4,Bakı,hezi-aslanov,,0.1875,False,False,30.0,False,,600
menziller/yeni-tikili,m²,170.0,,3.0,4.0,9.0,True,False,False,13,Bakı,memar-ecemi,,0.4444444444444444,False,False,56.666666666666664,False,,900
heyet-evleri,m²,110.0,4.0,4.0,,,True,False,False,11,Bakı,sabuncu,nardaran,,,,27.5,False,,600
menziller/yeni-tikili,m²,60.0,,2.0,12.0,20.0,True,False,False,5,Bakı,bineqedi,8-ci-mikrorayon,0.6,False,False,30.0,False,True,650
menziller/yeni-tikili,m²,50.0,,2.0,16.0,20.0,True,False,False,4,Bakı,20-yanvar,,0.8,False,False,25.0,False,True,650
obyektler,m²,180.0,,,,,True,False,False,7,Bakı,ehmedli,,,,,,False,,2500
menziller/kohne-tikili,m²,36.0,,2.0,3.0,5.0,True,False,False,13,Bakı,20-yanvar,,0.6,False,False,18.0,False,,600
menziller/yeni-tikili,m²,55.0,,2.0,7.0,11.0,True,False,False,7,Bakı,insaatcilar,,0.6363636363636364,False,False,27.5,False,,650
heyet-evleri,m²,60.0,3.0,2.0,,,True,False,False,6,Bakı,nesimi,,,,,30.0,False,,550
menziller/yeni-tikili,m²,165.0,,4.0,11.0,13.0,True,False,False,9,Bakı,8-noyabr,,0.8461538461538461,False,False,41.25,False,,1700
menziller/yeni-tikili,m²,72.0,,3.0,11.0,20.0,True,False,False,15,Bakı,genclik,,0.55,False,False,24.0,False,,1300
menziller/yeni-tikili,m²,75.0,,3.0,10.0,17.0,True,False,False,17,Bakı,20-yanvar,,0.5882352941176471,False,False,25.0,False,,900
menziller/kohne-tikili,m²,190.0,,5.0,2.0,2.0,True,False,False,16,Bakı,iceri-seher-metrosu,,1.0,False,True,38.0,False,,2500
menziller/yeni-tikili,m²,60.0,,2.0,16.0,18.0,True,False,False,11,Bakı,memar-ecemi,,0.8888888888888888,False,False,30.0,False,,650
menziller/kohne-tikili,m²,40.0,,2.0,5.0,5.0,True,False,False,15,Bakı,insaatcilar,,1.0,False,True,20.0,False,,500
menziller/yeni-tikili,m²,75.0,,3.0,12.0,16.0,True,False,False,13,Bakı,bakmil,,0.75,False,False,25.0,False,True,1300
menziller/yeni-tikili,m²,78.0,,2.0,2.0,9.0,True,False,False,8,Bakı,nizami-metrosu,,0.2222222222222222,False,False,39.0,False,True,1300
menziller/yeni-tikili,m²,115.0,,3.0,3.0,32.0,True,False,False,18,Bakı,nesimi,,0.09375,False,False,38.333333333333336,False,,3000
menziller/yeni-tikili,m²,90.0,,2.0,14.0,21.0,True,False,False,12,Bakı,sah-ismayil-xetai,,0.6666666666666666,False,False,45.0,False,True,1400
menziller/yeni-tikili,m²,220.0,,4.0,11.0,20.0,True,False,False,24,Bakı,xetai,ag-sheher,0.55,False,False,55.0,False,,5000
menziller/yeni-tikili,m²,60.0,,2.0,8.0,16.0,True,False,False,10,Bakı,nesimi,,0.5,False,False,30.0,False,True,797
menziller/yeni-tikili,m²,75.0,,3.0,10.0,17.0,True,False,False,16,Bakı,20-yanvar,,0.5882352941176471,False,False,25.0,False,,897
menziller/yeni-tikili,m²,70.0,,3.0,10.0,17.0,True,False,False,26,Bakı,20-yanvar,,0.5882352941176471,False,False,23.333333333333332,False,,850
menziller/yeni-tikili,m²,150.0,,3.0,4.0,16.0,True,False,False,12,Bakı,genclik,,0.25,False,False,50.0,False,True,950
menziller/yeni-tikili,m²,72.0,,2.0,13.0,16.0,True,False,False,10,Bakı,neriman-nerimanov,,0.8125,False,False,36.0,False,,1200
menziller/yeni-tikili,m²,70.0,,3.0,10.0,17.0,True,False,False,17,Bakı,20-yanvar,,0.5882352941176471,False,False,23.333333333333332,False,,900
ofisler,m²,310.0,,5.0,,,True,False,False,26,Bakı,nerimanov,,,,,62.0,False,,2000
obyektler,m²,115.0,,,,,False,False,False,6,Bakı,nerimanov,,,,,,False,,500
menziller/kohne-tikili,m²,65.0,,3.0,2.0,5.0,True,False,False,17,Bakı,bineqedi,7-ci-mikrorayon,0.4,False,False,21.666666666666668,False,,600
menziller/yeni-tikili,m²,86.0,,2.0,7.0,17.0,True,False,False,13,Bakı,elmler-akademiyasi,,0.4117647058823529,False,False,43.0,False,,1350
menziller/kohne-tikili,m²,90.0,,2.0,4.0,8.0,True,False,False,7,Bakı,sahil,,0.5,False,False,45.0,False,True,1500
obyektler,m²,6.0,,,,,False,False,False,4,Bakı,suraxani,yeni-gunesli,,,,,False,,100
menziller/yeni-tikili,m²,93.0,,3.0,13.0,17.0,True,False,False,15,Bakı,neftciler,,0.7647058823529411,False,False,31.0,False,True,1000
menziller/kohne-tikili,m²,110.0,,4.0,1.0,9.0,True,False,False,22,Bakı,elmler-akademiyasi,,0.1111111111111111,True,False,27.5,False,,700
menziller/kohne-tikili,m²,46.0,,2.0,2.0,5.0,True,False,False,8,Bakı,qara-qarayev,,0.4,False,False,23.0,False,,500
menziller/yeni-tikili,m²,75.0,,2.0,7.0,14.0,True,False,False,5,Bakı,nerimanov,,0.5,False,False,37.5,False,True,899
heyet-evleri,m²,120.0,2.5,3.0,,,True,False,False,30,Bakı,nerimanov,,,,,40.0,False,,1200
menziller/yeni-tikili,m²,138.0,,3.0,4.0,7.0,True,False,False,29,Bakı,xetai,ag-sheher,0.5714285714285714,False,False,46.0,False,,1800
menziller/yeni-tikili,m²,100.0,,3.0,3.0,7.0,True,False,False,10,Bakı,xetai,ag-sheher,0.42857142857142855,False,False,33.333333333333336,False,,1800
ofisler,m²,600.0,,10.0,,,True,False,False,21,Bakı,8-noyabr,,,,,60.0,False,,5500
menziller/yeni-tikili,m²,87.0,,2.0,13.0,26.0,True,False,False,7,Bakı,elmler-akademiyasi,,0.5,False,False,43.5,False,True,850
menziller/kohne-tikili,m²,62.0,,2.0,2.0,6.0,True,False,False,12,Bakı,nerimanov,,0.3333333333333333,False,False,31.0,False,,800
menziller/yeni-tikili,m²,145.0,,3.0,17.0,20.0,True,False,False,11,Bakı,elmler-akademiyasi,,0.85,False,False,48.333333333333336,False,,1350
menziller/yeni-tikili,m²,136.0,,3.0,2.0,7.0,True,False,False,7,Bakı,sah-ismayil-xetai,,0.2857142857142857,False,False,45.333333333333336,False,True,1000
obyektler,m²,380.0,,,,,True,False,False,6,Bakı,nesimi-metrosu,,,,,,False,,1800
obyektler,m²,367.0,,,,,True,False,False,24,Bakı,nerimanov,,,,,,True,,8500
ofisler,m²,320.0,,8.0,,,True,False,False,14,Bakı,8-noyabr,,,,,40.0,False,,2900
obyektler,m²,180.0,,,,,True,False,False,18,Bakı,genclik,,,,,,False,,2000
heyet-evleri,m²,110.0,4.0,4.0,,,True,False,False,10,Bakı,sabuncu,nardaran,,,,27.5,False,,100
menziller/kohne-tikili,m²,90.0,,2.0,4.0,8.0,True,False,False,6,Bakı,sahil,,0.5,False,False,45.0,False,,1500
heyet-evleri,m²,80.0,2.0,2.0,,,True,False,False,10,Bakı,memar-ecemi,,,,,40.0,False,,400
menziller/yeni-tikili,m²,250.0,,5.0,15.0,18.0,True,False,False,30,Bakı,nizami-metrosu,,0.8333333333333334,False,False,50.0,True,True,4000
menziller/yeni-tikili,m²,80.0,,3.0,13.0,16.0,True,False,False,12,Bakı,20-yanvar,,0.8125,False,False,26.666666666666668,False,True,800
menziller/yeni-tikili,m²,73.0,,2.0,8.0,14.0,True,False,False,11,Bakı,iceri-seher-metrosu,,0.5714285714285714,False,False,36.5,False,,2300
menziller/yeni-tikili,m²,111.0,,3.0,6.0,6.0,True,False,False,29,Bakı,xetai,ag-sheher,1.0,False,True,37.0,False,True,2200
menziller/yeni-tikili,m²,210.0,,4.0,8.0,17.0,True,False,False,14,Bakı,nizami-metrosu,,0.47058823529411764,False,False,52.5,False,,1700
obyektler,m²,1200.0,,,,,True,False,False,8,Bakı,dernegul,,,,,,False,,20000
menziller/kohne-tikili,m²,55.0,,1.0,1.0,2.0,True,False,False,14,Bakı,insaatcilar,,0.5,True,False,55.0,False,,398
menziller/kohne-tikili,m²,50.0,,1.0,2.0,5.0,True,False,False,16,Bakı,elmler-akademiyasi,,0.4,False,False,50.0,False,,598
menziller/yeni-tikili,m²,67.0,,2.0,9.0,17.0,True,False,False,10,Bakı,neriman-nerimanov,,0.5294117647058824,False,False,33.5,False,,800
menziller/yeni-tikili,m²,110.0,,3.0,16.0,19.0,True,False,False,19,Bakı,elmler-akademiyasi,,0.8421052631578947,False,False,36.666666666666664,False,True,1000
menziller/yeni-tikili,m²,40.0,,1.0,6.0,22.0,True,False,False,12,Bakı,20-yanvar,,0.2727272727272727,False,False,40.0,False,True,700
menziller/yeni-tikili,m²,58.0,,2.0,14.0,15.0,True,False,False,7,Bakı,dernegul,,0.9333333333333333,False,False,29.0,False,,700
menziller/yeni-tikili,m²,65.0,,2.0,8.0,20.0,True,False,False,7,Bakı,insaatcilar,,0.4,False,False,32.5,False,True,640
menziller/yeni-tikili,m²,80.0,,3.0,12.0,20.0,True,False,False,19,Bakı,xetai,hezi-aslanov-qesebesi,0.6,False,False,26.666666666666668,False,True,800
menziller/yeni-tikili,m²,110.0,,3.0,5.0,17.0,True,False,False,16,Bakı,insaatcilar,,0.29411764705882354,False,False,36.666666666666664,False,,1000
menziller/kohne-tikili,m²,45.0,,2.0,1.0,9.0,True,False,False,6,Bakı,neftciler,,0.1111111111111111,True,False,22.5,False,,600
obyektler,m²,40.0,,,,,True,False,False,7,Bakı,sahil,,,,,,False,,450
ofisler,m²,1000.0,,20.0,,,True,False,False,24,Bakı,sah-ismayil-xetai,,,,,50.0,False,True,25000
menziller/yeni-tikili,m²,125.0,,3.0,5.0,11.0,True,False,False,10,Bakı,genclik,,0.45454545454545453,False,False,41.666666666666664,True,True,1090
menziller/kohne-tikili,m²,75.0,,3.0,5.0,5.0,True,False,False,6,Bakı,elmler-akademiyasi,,1.0,False,True,25.0,False,True,800
ofisler,m²,400.0,,9.0,,,True,False,False,27,Bakı,nerimanov,,,,,44.44444444444444,False,,5999
menziller/yeni-tikili,m²,60.0,,3.0,4.0,12.0,True,False,False,11,Bakı,hezi-aslanov,,0.3333333333333333,False,False,20.0,False,,650
obyektler,m²,90.0,,,,,True,False,False,8,Bakı,nerimanov,,,,,,False,,1700
ofisler,m²,18.0,,1.0,,,True,False,False,8,Bakı,ehmedli,,,,,18.0,False,,400
menziller/yeni-tikili,m²,110.0,,3.0,5.0,18.0,True,False,False,9,Bakı,genclik,,0.2777777777777778,False,False,36.666666666666664,False,,1298
heyet-evleri,m²,80.0,1.0,3.0,,,True,False,False,11,Gəncə,,,,,,26.666666666666668,False,,100
menziller/yeni-tikili,m²,110.0,,3.0,6.0,27.0,True,False,False,13,Bakı,8-noyabr,,0.2222222222222222,False,False,36.666666666666664,False,,1100
menziller/yeni-tikili,m²,80.0,,2.0,13.0,17.0,True,False,False,13,Bakı,ehmedli,,0.7647058823529411,False,False,40.0,False,False,650
menziller/yeni-tikili,m²,70.0,,2.0,12.0,18.0,True,False,False,9,Bakı,dernegul,,0.6666666666666666,False,False,35.0,False,,900
menziller/yeni-tikili,m²,93.0,,2.0,13.0,14.0,True,False,False,14,Bakı,yasamal,yeni-yasamal,0.9285714285714286,False,False,46.5,False,,600
menziller/yeni-tikili,m²,85.0,,3.0,7.0,9.0,True,False,False,14,Bakı,elmler-akademiyasi,,0.7777777777777778,False,False,28.333333333333332,False,,750
menziller/yeni-tikili,m²,63.0,,2.0,4.0,18.0,True,False,False,15,Bakı,nerimanov,,0.2222222222222222,False,False,31.5,False,,1200
menziller/yeni-tikili,m²,70.0,,2.0,7.0,17.0,True,False,False,8,Bakı,genclik,,0.4117647058823529,False,False,35.0,False,,900
menziller/yeni-tikili,m²,225.0,,4.0,11.0,18.0,True,False,False,16,Bakı,nizami-metrosu,,0.6111111111111112,False,False,56.25,False,,2000
menziller/yeni-tikili,m²,90.0,,2.0,14.0,15.0,True,False,False,14,Bakı,nerimanov,,0.9333333333333333,False,False,45.0,False,,850
menziller/kohne-tikili,m²,57.0,,2.0,6.0,9.0,True,False,False,4,Bakı,nesimi-metrosu,,0.6666666666666666,False,False,28.5,False,,650
menziller/kohne-tikili,m²,60.0,,2.0,5.0,5.0,True,False,False,4,Bakı,neriman-nerimanov,,1.0,False,True,30.0,False,,600
menziller/yeni-tikili,m²,125.0,,3.0,11.0,12.0,True,False,False,14,Bakı,8-noyabr,,0.9166666666666666,False,False,41.666666666666664,False,True,1000
menziller/yeni-tikili,m²,110.0,,3.0,4.0,10.0,True,False,False,13,Bakı,nesimi,,0.4,False,False,36.666666666666664,False,,1499
menziller/yeni-tikili,m²,67.0,,2.0,4.0,6.0,True,False,False,13,Bakı,nesimi,,0.6666666666666666,False,False,33.5,False,True,1000
menziller/yeni-tikili,m²,150.0,,3.0,11.0,17.0,True,False,False,16,Bakı,yasamal,yeni-yasamal,0.6470588235294118,False,False,50.0,False,,750
menziller/yeni-tikili,m²,150.0,,3.0,5.0,16.0,True,False,False,21,Bakı,nerimanov,,0.3125,False,False,50.0,False,,1100
menziller/yeni-tikili,m²,110.0,,2.0,9.0,12.0,True,False,False,16,Bakı,28-may,,0.75,False,False,55.0,False,True,1550
menziller/yeni-tikili,m²,70.0,,2.0,1.0,2.0,True,False,False,17,Bakı,28-may,,0.5,True,False,35.0,False,,690
menziller/yeni-tikili,m²,110.0,,3.0,5.0,16.0,True,False,False,15,Bakı,elmler-akademiyasi,,0.3125,False,False,36.666666666666664,False,,1000
obyektler,m²,4.0,,,,,False,False,False,3,Bakı,suraxani,yeni-gunesli,,,,,False,,100
menziller/yeni-tikili,m²,65.0,,2.0,17.0,27.0,True,False,False,16,Bakı,8-noyabr,,0.6296296296296297,False,False,32.5,False,,850
menziller/yeni-tikili,m²,69.0,,3.0,2.0,17.0,True,False,False,6,Bakı,neriman-nerimanov,,0.11764705882352941,False,False,23.0,False,False,900
menziller/yeni-tikili,m²,70.0,,2.0,7.0,16.0,True,False,False,17,Bakı,8-noyabr,,0.4375,False,False,35.0,False,,750
menziller/yeni-tikili,m²,65.0,,2.0,11.0,16.0,True,False,False,9,Bakı,genclik,,0.6875,False,False,32.5,False,True,850
menziller/yeni-tikili,m²,100.0,,3.0,6.0,16.0,True,False,False,10,Bakı,avtovagzal,,0.375,False,False,33.333333333333336,False,,599
menziller/kohne-tikili,m²,72.0,,2.0,8.0,9.0,True,False,False,20,Bakı,memar-ecemi,,0.8888888888888888,False,False,36.0,False,,600
menziller/yeni-tikili,m²,100.0,,2.0,11.0,16.0,True,False,False,6,Bakı,neriman-nerimanov,,0.6875,False,False,50.0,False,,900
menziller/yeni-tikili,m²,90.0,,3.0,3.0,17.0,True,False,False,15,Bakı,hezi-aslanov,,0.17647058823529413,False,False,30.0,False,,800
menziller/yeni-tikili,m²,160.0,,4.0,3.0,17.0,True,False,False,15,Bakı,28-may,,0.17647058823529413,False,False,40.0,False,,1200
menziller/yeni-tikili,m²,82.0,,3.0,5.0,16.0,True,False,False,11,Bakı,28-may,,0.3125,False,False,27.333333333333332,False,,1000
menziller/yeni-tikili,m²,135.0,,3.0,6.0,18.0,True,False,False,23,Bakı,memar-ecemi,,0.3333333333333333,False,False,45.0,False,,1100
menziller/yeni-tikili,m²,75.0,,2.0,11.0,16.0,True,False,False,13,Bakı,sah-ismayil-xetai,,0.6875,False,False,37.5,False,True,900
obyektler,m²,110.0,,,,,True,False,False,10,Bakı,bineqedi,,,,,,False,,2500
menziller/yeni-tikili,m²,131.0,,3.0,14.0,16.0,True,False,False,13,Bakı,sah-ismayil-xetai,,0.875,False,False,43.666666666666664,False,,1300
menziller/yeni-tikili,m²,65.0,,2.0,11.0,17.0,True,False,False,13,Bakı,elmler-akademiyasi,,0.6470588235294118,False,False,32.5,False,,1200
menziller/kohne-tikili,m²,90.0,,3.0,6.0,9.0,True,False,False,24,Bakı,bineqedi,8-ci-mikrorayon,0.6666666666666666,False,False,30.0,False,,800
menziller/yeni-tikili,m²,83.0,,2.0,13.0,17.0,True,False,False,12,Bakı,hezi-aslanov,,0.7647058823529411,False,False,41.5,False,False,650
obyektler,m²,70.0,,,,,True,False,False,6,Bakı,nizami-metrosu,,,,,,False,,2500
menziller/kohne-tikili,m²,75.0,,3.0,2.0,5.0,True,False,False,14,Bakı,xetai,,0.4,False,False,25.0,False,,750
heyet-evleri,m²,70.0,1.0,2.0,,,True,False,False,4,Bakı,sabuncu,bakixanov,,,,35.0,False,,500
