listing_id,url,property_type,area_units,area_m2,land_area,rooms,floor,total_floors,has_repair,has_kupca,has_mortgage,photo_count,city,location_level_2,location_level_3,floor_ratio,is_first_floor,is_top_floor,area_per_room,description_has_parking,description_has_furnished,price_azn
6364416,https://bina.az/items/6364416,menziller/yeni-tikili,m²,135.0,,3.0,8.0,18.0,False,True,True,4,Bakı,nizami-metrosu,,0.4444444444444444,False,False,45.0,True,,390000
6364415,https://bina.az/items/6364415,menziller/yeni-tikili,m²,53.0,,2.0,10.0,17.0,True,True,True,17,Bakı,nerimanov,,0.5882352941176471,False,False,26.5,False,,235000
5344096,https://bina.az/items/5344096,menziller/yeni-tikili,m²,188.0,,3.0,5.0,20.0,True,True,True,30,Bakı,8-noyabr,,0.25,False,False,62.666666666666664,False,True,500000
6364414,https://bina.az/items/6364414,menziller/kohne-tikili,m²,65.0,,2.0,6.0,9.0,True,True,False,7,Bakı,nesimi-metrosu,,0.6666666666666666,False,False,32.5,False,,200000
6364420,https://bina.az/items/6364420,torpaq,sot,8.0,,,,,,False,False,1,Bakı,suraxani,hovsan,,,,,False,,27000
6364418,https://bina.az/items/6364418,menziller/yeni-tikili,m²,116.0,,3.0,15.0,16.0,True,True,False,15,Bakı,neriman-nerimanov,,0.9375,False,False,38.666666666666664,True,,460000
6364422,https://bina.az/items/6364422,menziller/yeni-tikili,m²,115.0,,3.0,3.0,7.0,True,False,False,9,Bakı,qara-qarayev,,0.42857142857142855,False,False,38.333333333333336,False,,330000
6283524,https://bina.az/items/6283524,menziller/yeni-tikili,m²,137.0,,4.0,9.0,16.0,True,True,True,21,Bakı,sah-ismayil-xetai,,0.5625,False,False,34.25,False,,430000
6364423,https://bina.az/items/6364423,heyet-evleri,m²,130.0,2.3,4.0,,,True,True,False,12,Bakı,abseron,saray,,,,32.5,False,,85500
6364421,https://bina.az/items/6364421,menziller/yeni-tikili,m²,134.0,,3.0,3.0,16.0,True,True,True,11,Bakı,hezi-aslanov,,0.1875,False,False,44.666666666666664,False,True,325000
6035896,https://bina.az/items/6035896,menziller/yeni-tikili,m²,100.0,,3.0,15.0,19.0,True,True,True,21,Bakı,8-noyabr,,0.7894736842105263,False,False,33.333333333333336,False,,265000
6364427,https://bina.az/items/6364427,menziller/yeni-tikili,m²,77.0,,2.0,5.0,24.0,True,False,False,27,Bakı,insaatcilar,,0.20833333333333334,False,False,38.5,True,,195000
6110395,https://bina.az/items/6110395,menziller/kohne-tikili,m²,85.0,,3.0,4.0,9.0,True,True,True,11,Bakı,sabuncu,bakixanov,0.4444444444444444,False,False,28.333333333333332,False,True,239000
6364432,https://bina.az/items/6364432,menziller/kohne-tikili,m²,25.0,,1.0,2.0,2.0,True,True,False,5,Bakı,28-may,,1.0,False,True,25.0,False,,93000
6364428,https://bina.az/items/6364428,menziller/yeni-tikili,m²,147.0,,3.0,10.0,16.0,True,True,False,15,Bakı,sah-ismayil-xetai,,0.625,False,False,49.0,False,,430000
6073470,https://bina.az/items/6073470,menziller/kohne-tikili,m²,90.0,,3.0,4.0,5.0,True,True,True,11,Bakı,sabuncu,bakixanov,0.8,False,False,30.0,False,,230000
6198663,https://bina.az/items/6198663,menziller/kohne-tikili,m²,80.0,,3.0,7.0,9.0,True,True,True,14,Bakı,ehmedli,,0.7777777777777778,False,False,26.666666666666668,False,,200000
6364439,https://bina.az/items/6364439,heyet-evleri,m²,540.0,16.0,6.0,,,True,True,True,30,Bakı,xezer,,,,,90.0,False,,1700000
6364441,https://bina.az/items/6364441,menziller/yeni-tikili,m²,45.0,,2.0,12.0,13.0,True,True,False,12,Xırdalan,,,0.9230769230769231,False,False,22.5,False,,94500
6364445,https://bina.az/items/6364445,menziller/yeni-tikili,m²,86.0,,2.0,7.0,17.0,True,True,True,15,Bakı,elmler-akademiyasi,,0.4117647058823529,False,False,43.0,False,True,438000
6364444,https://bina.az/items/6364444,menziller/yeni-tikili,m²,110.0,,3.0,3.0,7.0,True,False,False,9,Bakı,qara-qarayev,,0.42857142857142855,False,False,36.666666666666664,False,,330000
6364443,https://bina.az/items/6364443,menziller/yeni-tikili,m²,80.0,,3.0,8.0,16.0,True,False,False,21,Bakı,28-may,,0.5,False,False,26.666666666666668,False,,310000
6364448,https://bina.az/items/6364448,ofisler,m²,252.0,,6.0,,,True,True,True,10,Bakı,sah-ismayil-xetai,,,,,42.0,False,True,700000
5727891,https://bina.az/items/5727891,menziller/kohne-tikili,m²,100.0,,4.0,5.0,9.0,True,True,True,17,Bakı,insaatcilar,,0.5555555555555556,False,False,25.0,False,,240000
6364457,https://bina.az/items/6364457,heyet-evleri,m²,279.0,5.2,5.0,,,True,True,False,18,Bakı,sabuncu,bilgeh,,,,55.8,True,,680000
6364458,https://bina.az/items/6364458,torpaq,sot,550.0,,,,,,True,False,4,İsmayıllı,,,,,,,False,,3000000
6364459,https://bina.az/items/6364459,menziller/yeni-tikili,m²,112.0,,3.0,11.0,16.0,True,False,False,15,Bakı,28-may,,0.6875,False,False,37.333333333333336,False,,399000
6364460,https://bina.az/items/6364460,menziller/yeni-tikili,m²,106.0,,3.0,3.0,9.0,False,False,False,11,Bakı,nerimanov,,0.3333333333333333,False,False,35.333333333333336,False,,318000
5999343,https://bina.az/items/5999343,menziller/yeni-tikili,m²,172.0,,3.0,11.0,14.0,False,True,False,15,Bakı,neriman-nerimanov,,0.7857142857142857,False,False,57.333333333333336,False,,460000
6364465,https://bina.az/items/6364465,menziller/yeni-tikili,m²,43.0,,1.0,9.0,9.0,True,True,False,13,Bakı,yasamal,yasamal-qesebesi,1.0,False,True,43.0,False,,140000
6364471,https://bina.az/items/6364471,heyet-evleri,m²,300.0,3.5,7.0,,,True,False,False,16,Bakı,sabuncu,bilgeh,,,,42.857142857142854,False,,110000
6364475,https://bina.az/items/6364475,menziller/yeni-tikili,m²,32.0,,1.0,4.0,16.0,True,False,False,9,Xırdalan,,,0.25,False,False,32.0,False,True,65000
6364470,https://bina.az/items/6364470,menziller/yeni-tikili,m²,137.0,,3.0,10.0,16.0,True,True,True,27,Bakı,sah-ismayil-xetai,,0.625,False,False,45.666666666666664,False,,418000
6364476,https://bina.az/items/6364476,menziller/yeni-tikili,m²,85.0,,3.0,7.0,9.0,True,True,True,11,Bakı,suraxani,,0.7777777777777778,False,False,28.333333333333332,False,True,150000
5837562,https://bina.az/items/5837562,menziller/kohne-tikili,m²,35.0,,2.0,1.0,9.0,True,True,False,8,Bakı,yasamal,yeni-yasamal,0.1111111111111111,True,False,17.5,False,,128000
5306982,https://bina.az/items/5306982,obyektler,m²,421.0,,,,,True,True,False,30,Bakı,nerimanov,,,,,,False,,880000
4682036,https://bina.az/items/4682036,menziller/kohne-tikili,m²,180.0,,5.0,2.0,3.0,True,True,False,27,Bakı,sahil,,0.6666666666666666,False,False,36.0,False,True,1700000
6364479,https://bina.az/items/6364479,menziller/kohne-tikili,m²,65.0,,2.0,9.0,9.0,True,True,True,6,Bakı,hezi-aslanov,,1.0,False,True,32.5,False,,139000
6283725,https://bina.az/items/6283725,menziller/kohne-tikili,m²,55.0,,3.0,4.0,5.0,True,True,False,12,Bakı,insaatcilar,,0.8,False,False,18.333333333333332,False,True,155000
6280115,https://bina.az/items/6280115,menziller/yeni-tikili,m²,120.0,,3.0,5.0,15.0,True,True,False,26,Bakı,28-may,,0.3333333333333333,False,False,40.0,False,True,340000
6283510,https://bina.az/items/6283510,menziller/yeni-tikili,m²,70.0,,2.0,12.0,16.0,True,True,True,6,Bakı,sebail,bibi-heybet,0.75,False,False,35.0,False,,210000
6363386,https://bina.az/items/6363386,menziller/yeni-tikili,m²,138.0,,3.0,3.0,16.0,False,True,True,8,Bakı,nesimi-metrosu,,0.1875,False,False,46.0,False,,290000
6284861,https://bina.az/items/6284861,heyet-evleri,m²,170.0,3.5,4.0,,,True,True,True,15,Bakı,xezer,merdekan,,,,42.5,True,,270000
5644462,https://bina.az/items/5644462,heyet-evleri,m²,160.0,4.0,4.0,,,True,True,True,20,Bakı,xezer,merdekan,,,,40.0,True,True,270000
6247179,https://bina.az/items/6247179,menziller/kohne-tikili,m²,55.0,,2.0,3.0,5.0,True,True,False,10,Bakı,nerimanov,,0.6,False,False,27.5,False,,155000
5071394,https://bina.az/items/5071394,heyet-evleri,m²,350.0,8.0,7.0,,,True,True,True,19,Bakı,xezer,merdekan,,,,50.0,True,True,419000
6362004,https://bina.az/items/6362004,menziller/kohne-tikili,m²,65.0,,3.0,9.0,9.0,True,True,True,15,Bakı,xetai,,1.0,False,True,21.666666666666668,False,,156000
6364487,https://bina.az/items/6364487,menziller/kohne-tikili,m²,63.0,,3.0,2.0,5.0,True,True,False,10,Bakı,sebail,badamdar,0.4,False,False,21.0,False,,222000
6364484,https://bina.az/items/6364484,menziller/yeni-tikili,m²,160.0,,3.0,16.0,17.0,True,True,False,17,Bakı,yasamal,yasamal-qesebesi,0.9411764705882353,False,False,53.333333333333336,False,,355000
6364488,https://bina.az/items/6364488,menziller/yeni-tikili,m²,60.0,,2.0,15.0,17.0,True,True,True,9,Bakı,suraxani,,0.8823529411764706,False,False,30.0,False,True,169000
6364491,https://bina.az/items/6364491,menziller/kohne-tikili,m²,120.0,,5.0,3.0,5.0,True,True,False,18,Bakı,hezi-aslanov,,0.6,False,False,24.0,False,,289000
6364490,https://bina.az/items/6364490,menziller/kohne-tikili,m²,40.0,,2.0,4.0,9.0,True,True,True,13,Bakı,hezi-aslanov,,0.4444444444444444,False,False,20.0,False,,138000
6120728,https://bina.az/items/6120728,menziller/yeni-tikili,m²,136.0,,3.0,2.0,5.0,True,True,True,5,Bakı,sabuncu,nardaran,0.4,False,False,45.333333333333336,False,,413000
6077510,https://bina.az/items/6077510,menziller/yeni-tikili,m²,280.0,,6.0,18.0,19.0,True,True,True,29,Bakı,sebail,badamdar,0.9473684210526315,False,False,46.666666666666664,False,True,598000
6364504,https://bina.az/items/6364504,heyet-evleri,m²,110.0,2.0,4.0,,,True,True,False,10,Bakı,sabuncu,savalan,,,,27.5,False,,129000
5752067,https://bina.az/items/5752067,heyet-evleri,m²,300.0,6.0,7.0,,,True,False,False,23,Bakı,suraxani,hovsan,,,,42.857142857142854,False,,140000
6239559,https://bina.az/items/6239559,menziller/yeni-tikili,m²,120.0,,3.0,15.0,20.0,True,False,False,12,Bakı,xetai,ag-sheher,0.75,False,False,40.0,False,,700000
6364512,https://bina.az/items/6364512,menziller/kohne-tikili,m²,50.0,,1.0,9.0,9.0,True,True,True,11,Bakı,suraxani,,1.0,False,True,50.0,False,,115000
6364513,https://bina.az/items/6364513,menziller/yeni-tikili,m²,87.0,,3.0,8.0,12.0,True,True,False,13,Bakı,yasamal,yeni-yasamal,0.6666666666666666,False,False,29.0,True,,205000
6364519,https://bina.az/items/6364519,menziller/kohne-tikili,m²,60.0,,2.0,3.0,5.0,True,True,False,9,Bakı,elmler-akademiyasi,,0.6,False,False,30.0,False,,187000
6364520,https://bina.az/items/6364520,menziller/kohne-tikili,m²,90.0,,3.0,4.0,5.0,True,True,True,12,Bakı,neriman-nerimanov,,0.8,False,False,30.0,False,,282000
6265259,https://bina.az/items/6265259,heyet-evleri,m²,160.0,5.0,5.0,,,False,True,False,29,Bakı,xezer,sagan,,,,32.0,False,,151000
6364524,https://bina.az/items/6364524,menziller/kohne-tikili,m²,80.0,,3.0,6.0,9.0,True,True,True,13,Bakı,hezi-aslanov,,0.6666666666666666,False,False,26.666666666666668,False,,170000
6364525,https://bina.az/items/6364525,heyet-evleri,m²,224.0,6.0,6.0,,,True,True,False,19,Bakı,xezer,suvelan,,,,37.333333333333336,False,,735000
6364527,https://bina.az/items/6364527,heyet-evleri,m²,110.0,2.0,4.0,,,True,True,False,9,Bakı,sabuncu,zabrat,,,,27.5,False,,133000
6075528,https://bina.az/items/6075528,menziller/yeni-tikili,m²,143.0,,3.0,13.0,17.0,False,False,False,21,Bakı,neriman-nerimanov,,0.7647058823529411,False,False,47.666666666666664,False,,371000
6364533,https://bina.az/items/6364533,menziller/yeni-tikili,m²,45.0,,2.0,6.0,9.0,True,True,True,12,Bakı,insaatcilar,,0.6666666666666666,False,False,22.5,False,True,129000
5860833,https://bina.az/items/5860833,obyektler,m²,331.0,,,,,False,True,True,18,Bakı,memar-ecemi,,,,,,False,,540000
6109141,https://bina.az/items/6109141,obyektler,m²,104.0,,,,,True,True,True,8,Bakı,nerimanov,,,,,,False,,830000
6229468,https://bina.az/items/6229468,menziller/yeni-tikili,m²,137.0,,3.0,7.0,17.0,True,True,True,22,Bakı,8-noyabr,,0.4117647058823529,False,False,45.666666666666664,False,True,475000
6364536,https://bina.az/items/6364536,menziller/yeni-tikili,m²,55.0,,2.0,3.0,16.0,True,False,False,12,Bakı,qara-qarayev,,0.1875,False,False,27.5,False,True,205000
6282742,https://bina.az/items/6282742,menziller/yeni-tikili,m²,100.0,,2.0,4.0,16.0,False,True,True,9,Bakı,ehmedli,,0.25,False,False,50.0,False,,210000
6364540,https://bina.az/items/6364540,menziller/yeni-tikili,m²,88.0,,2.0,10.0,17.0,True,True,True,12,Bakı,azadliq-prospekti,,0.5882352941176471,False,False,44.0,True,,224000
6364548,https://bina.az/items/6364548,menziller/yeni-tikili,m²,49.9,,2.0,4.0,16.0,True,False,False,10,Sumqayıt,,,0.25,False,False,24.95,False,,70000
6364549,https://bina.az/items/6364549,menziller/yeni-tikili,m²,70.0,,2.0,17.0,17.0,True,True,True,11,Bakı,avtovagzal,,1.0,False,True,35.0,False,,147000
6364547,https://bina.az/items/6364547,heyet-evleri,m²,90.0,2.0,4.0,,,True,False,False,12,Bakı,abseron,qobu,,,,22.5,False,,40000
6364554,https://bina.az/items/6364554,heyet-evleri,m²,91.0,1.2,3.0,,,True,False,False,14,Bakı,xetai,kohne-gunesli,,,,30.333333333333332,False,,90000
6064556,https://bina.az/items/6064556,torpaq,sot,12.0,,,,,,True,False,3,Oğuz,,,,,,,False,,24000
6364556,https://bina.az/items/6364556,menziller/yeni-tikili,m²,95.0,,3.0,16.0,18.0,True,False,False,11,Bakı,insaatcilar,,0.8888888888888888,False,False,31.666666666666668,False,,240000
6364557,https://bina.az/items/6364557,menziller/yeni-tikili,m²,54.0,,2.0,3.0,6.0,True,False,False,10,Xırdalan,,,0.5,False,False,27.0,False,,65000
6364558,https://bina.az/items/6364558,menziller/yeni-tikili,m²,60.0,,2.0,10.0,17.0,True,True,True,12,Bakı,28-may,,0.5882352941176471,False,False,30.0,False,,235000
6364561,https://bina.az/items/6364561,menziller/yeni-tikili,m²,53.0,,2.0,5.0,6.0,True,True,True,13,Bakı,abseron,masazir,0.8333333333333334,False,False,26.5,False,,79500
6198128,https://bina.az/items/6198128,menziller/kohne-tikili,m²,45.0,,2.0,5.0,10.0,True,True,True,17,Bakı,ehmedli,,0.5,False,False,22.5,False,False,130000
6064602,https://bina.az/items/6064602,torpaq,sot,12.0,,,,,,True,False,4,Oğuz,,,,,,,False,,36000
6364567,https://bina.az/items/6364567,menziller/yeni-tikili,m²,80.0,,2.0,7.0,16.0,True,True,True,12,Bakı,memar-ecemi,,0.4375,False,False,40.0,False,,227000
6364572,https://bina.az/items/6364572,menziller/kohne-tikili,m²,110.0,,4.0,5.0,5.0,True,True,False,16,Bakı,xalqlar-dostlugu,,1.0,False,True,27.5,False,,230000
6364575,https://bina.az/items/6364575,menziller/yeni-tikili,m²,100.0,,3.0,17.0,18.0,True,True,True,18,Bakı,bineqedi,,0.9444444444444444,False,False,33.333333333333336,False,,260000
6364579,https://bina.az/items/6364579,menziller/yeni-tikili,m²,100.0,,3.0,14.0,19.0,True,True,True,17,Bakı,8-noyabr,,0.7368421052631579,False,False,33.333333333333336,False,,265000
6364581,https://bina.az/items/6364581,menziller/yeni-tikili,m²,75.0,,3.0,2.0,17.0,True,False,False,11,Bakı,28-may,,0.11764705882352941,False,False,25.0,False,,305000
6364580,https://bina.az/items/6364580,menziller/yeni-tikili,m²,100.0,,3.0,13.0,17.0,True,False,False,27,Bakı,28-may,,0.7647058823529411,False,False,33.333333333333336,False,,390000
6364585,https://bina.az/items/6364585,menziller/yeni-tikili,m²,104.0,,3.0,2.0,17.0,True,True,True,20,Bakı,nesimi,,0.11764705882352941,False,False,34.666666666666664,False,,365000
6364584,https://bina.az/items/6364584,menziller/yeni-tikili,m²,70.0,,3.0,15.0,15.0,True,False,False,13,Bakı,neriman-nerimanov,,1.0,False,True,23.333333333333332,False,,203000
6364582,https://bina.az/items/6364582,menziller/yeni-tikili,m²,65.0,,2.0,7.0,17.0,True,True,True,13,Bakı,8-noyabr,,0.4117647058823529,False,False,32.5,True,,249000
6364587,https://bina.az/items/6364587,menziller/yeni-tikili,m²,112.0,,3.0,14.0,14.0,True,True,True,20,Bakı,nesimi,,1.0,False,True,37.333333333333336,False,True,365000
6364590,https://bina.az/items/6364590,menziller/yeni-tikili,m²,67.1,,2.0,15.0,19.0,True,True,True,11,Bakı,sah-ismayil-xetai,,0.7894736842105263,False,False,33.55,False,,373000
6364588,https://bina.az/items/6364588,menziller/yeni-tikili,m²,52.0,,2.0,4.0,18.0,True,False,False,13,Bakı,nesimi,,0.2222222222222222,False,False,26.0,False,True,249000
6364597,https://bina.az/items/6364597,menziller/kohne-tikili,m²,45.0,,1.0,5.0,9.0,True,True,True,11,Bakı,ehmedli,,0.5555555555555556,False,False,45.0,False,,121000
6364595,https://bina.az/items/6364595,menziller/yeni-tikili,m²,44.0,,1.0,6.0,9.0,True,True,True,18,Bakı,yasamal,,0.6666666666666666,False,False,44.0,False,,129000
6277843,https://bina.az/items/6277843,menziller/yeni-tikili,m²,130.0,,3.0,11.0,18.0,True,True,False,19,Bakı,20-yanvar,,0.6111111111111112,False,False,43.333333333333336,False,,330000
6364598,https://bina.az/items/6364598,menziller/yeni-tikili,m²,170.0,,3.0,7.0,19.0,False,True,True,9,Bakı,sah-ismayil-xetai,,0.3684210526315789,False,False,56.666666666666664,True,,635000
6140971,https://bina.az/items/6140971,menziller/yeni-tikili,m²,145.0,,3.0,9.0,17.0,True,False,False,15,Bakı,hezi-aslanov,,0.5294117647058824,False,False,48.333333333333336,False,,335000
6364474,https://bina.az/items/6364474,menziller/yeni-tikili,m²,49.6,,1.0,5.0,8.0,False,False,False,5,Bakı,sabuncu,,0.625,False,False,49.6,False,,181300
6364606,https://bina.az/items/6364606,menziller/kohne-tikili,m²,70.0,,3.0,1.0,5.0,True,True,False,17,Bakı,neftciler,,0.2,True,False,23.333333333333332,False,,169000
6281137,https://bina.az/items/6281137,menziller/yeni-tikili,m²,66.0,,2.0,16.0,16.0,True,False,False,9,Bakı,neriman-nerimanov,,1.0,False,True,33.0,False,,214000
6364609,https://bina.az/items/6364609,menziller/yeni-tikili,m²,70.0,,2.0,13.0,18.0,True,False,False,18,Bakı,insaatcilar,,0.7222222222222222,False,False,35.0,True,True,170000
6364608,https://bina.az/items/6364608,menziller/yeni-tikili,m²,110.0,,4.0,6.0,15.0,False,False,False,10,Bakı,neftciler,,0.4,False,False,27.5,False,,285000
6280142,https://bina.az/items/6280142,torpaq,sot,62.0,,,,,,True,False,9,Bakı,xezer,suvelan,,,,,False,,1860000
6038143,https://bina.az/items/6038143,obyektler,m²,2500.0,,,,,False,True,False,30,Zaqatala,,,,,,,False,True,1000000
6364615,https://bina.az/items/6364615,heyet-evleri,m²,72.0,1.5,3.0,,,True,True,True,6,Bakı,sabuncu,zabrat,,,,24.0,False,,77000
5865825,https://bina.az/items/5865825,menziller/yeni-tikili,m²,155.5,,4.0,3.0,18.0,True,True,True,29,Bakı,elmler-akademiyasi,,0.16666666666666666,False,False,38.875,False,,500000
6029297,https://bina.az/items/6029297,menziller/yeni-tikili,m²,127.0,,3.0,5.0,16.0,True,True,False,17,Xırdalan,,,0.3125,False,False,42.333333333333336,False,True,189000
5926990,https://bina.az/items/5926990,menziller/yeni-tikili,m²,110.0,,3.0,14.0,16.0,False,False,False,4,Bakı,28-may,,0.875,False,False,36.666666666666664,False,,279000
6093006,https://bina.az/items/6093006,menziller/yeni-tikili,m²,54.0,,2.0,3.0,14.0,True,True,True,11,Xırdalan,,,0.21428571428571427,False,False,27.0,False,,107900
6073020,https://bina.az/items/6073020,menziller/yeni-tikili,m²,122.5,,3.0,14.0,15.0,False,False,False,9,Bakı,azadliq-prospekti,,0.9333333333333333,False,False,40.833333333333336,False,,235000
4625704,https://bina.az/items/4625704,heyet-evleri,m²,170.0,12.0,4.0,,,True,True,False,22,Bakı,sabuncu,sea-breeze,,,,42.5,False,True,450000
6030773,https://bina.az/items/6030773,menziller/yeni-tikili,m²,147.5,,3.0,22.0,27.0,False,True,True,17,Bakı,8-noyabr,,0.8148148148148148,False,False,49.166666666666664,False,,415000
5915323,https://bina.az/items/5915323,menziller/yeni-tikili,m²,180.0,,4.0,7.0,17.0,False,True,True,4,Bakı,azadliq-prospekti,,0.4117647058823529,False,False,45.0,False,,343000
6270663,https://bina.az/items/6270663,menziller/yeni-tikili,m²,80.0,,3.0,3.0,7.0,True,True,True,29,Bakı,abseron,masazir,0.42857142857142855,False,False,26.666666666666668,False,,167900
6283322,https://bina.az/items/6283322,menziller/yeni-tikili,m²,114.0,,3.0,6.0,17.0,True,True,True,20,Bakı,ehmedli,,0.35294117647058826,False,False,38.0,False,,265000
6283406,https://bina.az/items/6283406,menziller/kohne-tikili,m²,47.0,,2.0,6.0,9.0,True,True,True,18,Bakı,suraxani,yeni-gunesli,0.6666666666666666,False,False,23.5,False,,115000
6364631,https://bina.az/items/6364631,menziller/kohne-tikili,m²,48.0,,2.0,4.0,9.0,True,True,True,12,Bakı,neriman-nerimanov,,0.4444444444444444,False,False,24.0,False,,150000
6364633,https://bina.az/items/6364633,menziller/kohne-tikili,m²,60.0,,2.0,4.0,5.0,True,True,True,14,Bakı,suraxani,hovsan,0.8,False,False,30.0,False,,135000
6364635,https://bina.az/items/6364635,menziller/yeni-tikili,m²,120.0,,2.0,3.0,16.0,True,True,True,12,Bakı,sah-ismayil-xetai,,0.1875,False,False,60.0,False,True,350000
6364636,https://bina.az/items/6364636,menziller/yeni-tikili,m²,105.0,,3.0,16.0,17.0,True,True,False,29,Bakı,neriman-nerimanov,,0.9411764705882353,False,False,35.0,False,,309000
6279907,https://bina.az/items/6279907,menziller/yeni-tikili,m²,105.0,,3.0,5.0,16.0,True,True,True,16,Bakı,xalqlar-dostlugu,,0.3125,False,False,35.0,False,,300000
6364641,https://bina.az/items/6364641,menziller/yeni-tikili,m²,68.0,,2.0,16.0,19.0,True,True,True,17,Bakı,bineqedi,,0.8421052631578947,False,False,34.0,True,,237000
6054458,https://bina.az/items/6054458,menziller/kohne-tikili,m²,170.0,,4.0,4.0,4.0,True,True,False,18,Bakı,sahil,,1.0,False,True,42.5,False,,470000
6364642,https://bina.az/items/6364642,heyet-evleri,m²,580.0,6.5,7.0,,,False,True,False,10,Bakı,sebail,shixov,,,,82.85714285714286,False,,510000
6364643,https://bina.az/items/6364643,menziller/kohne-tikili,m²,65.0,,2.0,8.0,9.0,True,True,True,11,Bakı,hezi-aslanov,,0.8888888888888888,False,False,32.5,False,,167000
6364646,https://bina.az/items/6364646,menziller/yeni-tikili,m²,90.0,,3.0,3.0,15.0,True,True,True,20,Bakı,insaatcilar,,0.2,False,False,30.0,False,,238000
6202379,https://bina.az/items/6202379,heyet-evleri,m²,250.0,4.0,5.0,,,True,False,False,28,Bakı,abseron,masazir,,,,50.0,False,,169900
6175996,https://bina.az/items/6175996,menziller/yeni-tikili,m²,70.0,,2.0,6.0,19.0,True,True,True,19,Bakı,yasamal,,0.3157894736842105,False,False,35.0,False,,187000
6270176,https://bina.az/items/6270176,menziller/kohne-tikili,m²,80.0,,3.0,9.0,9.0,True,True,False,21,Bakı,yasamal,,1.0,False,True,26.666666666666668,False,True,250000
6364655,https://bina.az/items/6364655,menziller/yeni-tikili,m²,55.3,,1.0,5.0,7.0,False,False,False,4,Bakı,sabuncu,,0.7142857142857143,False,False,55.3,False,,181000
6283625,https://bina.az/items/6283625,menziller/yeni-tikili,m²,164.0,,3.0,2.0,17.0,True,True,True,18,Bakı,elmler-akademiyasi,,0.11764705882352941,False,False,54.666666666666664,False,True,460000
6364028,https://bina.az/items/6364028,menziller/yeni-tikili,m²,150.0,,4.0,10.0,10.0,False,True,True,8,Bakı,azadliq-prospekti,,1.0,False,True,37.5,False,,291000
6195497,https://bina.az/items/6195497,menziller/yeni-tikili,m²,90.0,,3.0,13.0,16.0,True,True,True,19,Bakı,28-may,,0.8125,False,False,30.0,False,,310000
6260566,https://bina.az/items/6260566,menziller/yeni-tikili,m²,102.0,,3.0,12.0,15.0,True,True,True,7,Bakı,xalqlar-dostlugu,,0.8,False,False,34.0,False,,255000
6364661,https://bina.az/items/6364661,heyet-evleri,m²,80.0,4.3,4.0,,,False,True,False,17,Bakı,suraxani,bulbule,,,,20.0,False,,155000
6195501,https://bina.az/items/6195501,menziller/kohne-tikili,m²,80.0,,3.0,8.0,9.0,True,True,True,12,Bakı,nerimanov,,0.8888888888888888,False,False,26.666666666666668,False,,245000
6278602,https://bina.az/items/6278602,menziller/yeni-tikili,m²,115.0,,2.0,10.0,18.0,False,False,False,8,Bakı,20-yanvar,,0.5555555555555556,False,False,57.5,False,,198000
6100599,https://bina.az/items/6100599,menziller/yeni-tikili,m²,61.0,,2.0,16.0,17.0,True,True,True,12,Bakı,28-may,,0.9411764705882353,False,False,30.5,True,,245000
6280570,https://bina.az/items/6280570,menziller/yeni-tikili,m²,108.0,,3.0,9.0,16.0,True,False,False,16,Bakı,nerimanov,,0.5625,False,False,36.0,False,,437000
6364662,https://bina.az/items/6364662,torpaq,sot,60.0,,,,,,False,False,5,Bakı,abseron,hokmeli,,,,,False,,90000
6036040,https://bina.az/items/6036040,menziller/yeni-tikili,m²,175.0,,4.0,5.0,17.0,True,True,False,15,Bakı,8-noyabr,,0.29411764705882354,False,False,43.75,False,,590000
6235512,https://bina.az/items/6235512,menziller/yeni-tikili,m²,96.0,,3.0,14.0,20.0,True,True,False,16,Bakı,sah-ismayil-xetai,,0.7,False,False,32.0,False,True,295000
5904491,https://bina.az/items/5904491,menziller/yeni-tikili,m²,68.0,,2.0,2.0,16.0,True,True,False,13,Bakı,suraxani,yeni-gunesli,0.125,False,False,34.0,False,True,155000
6282945,https://bina.az/items/6282945,menziller/yeni-tikili,m²,108.0,,3.0,2.0,9.0,True,True,True,20,Bakı,genclik,,0.2222222222222222,False,False,36.0,False,,390000
6355700,https://bina.az/items/6355700,menziller/kohne-tikili,m²,48.0,,2.0,7.0,9.0,True,True,True,11,Bakı,neriman-nerimanov,,0.7777777777777778,False,False,24.0,False,,160000
5795678,https://bina.az/items/5795678,menziller/yeni-tikili,m²,53.0,,1.0,7.0,14.0,False,False,False,10,Bakı,nizami-metrosu,,0.5,False,False,53.0,True,,215000
6249180,https://bina.az/items/6249180,menziller/kohne-tikili,m²,75.0,,3.0,1.0,5.0,True,True,False,9,Bakı,20-yanvar,,0.2,True,False,25.0,False,,160000
6364645,https://bina.az/items/6364645,menziller/yeni-tikili,m²,170.0,,3.0,3.0,15.0,True,False,False,8,Bakı,nizami-metrosu,,0.2,False,False,56.666666666666664,False,,538000
6364686,https://bina.az/items/6364686,menziller/yeni-tikili,m²,100.0,,3.0,12.0,17.0,True,True,False,8,Bakı,nesimi,,0.7058823529411765,False,False,33.333333333333336,False,,390000
6364682,https://bina.az/items/6364682,menziller/kohne-tikili,m²,60.0,,2.0,8.0,9.0,True,True,False,11,Bakı,hezi-aslanov,,0.8888888888888888,False,False,30.0,False,,167000
6364687,https://bina.az/items/6364687,menziller/yeni-tikili,m²,164.0,,4.0,13.0,16.0,True,True,False,24,Bakı,nizami-metrosu,,0.8125,False,False,41.0,False,True,790000
6098177,https://bina.az/items/6098177,menziller/yeni-tikili,m²,90.0,,3.0,11.0,15.0,True,True,False,20,Bakı,8-noyabr,,0.7333333333333333,False,False,30.0,False,,258000
6364691,https://bina.az/items/6364691,menziller/kohne-tikili,m²,75.0,,3.0,5.0,5.0,True,True,False,14,Bakı,sebail,badamdar,1.0,False,True,25.0,False,,205000
6360713,https://bina.az/items/6360713,menziller/yeni-tikili,m²,60.0,,2.0,7.0,15.0,True,True,False,8,Bakı,suraxani,yeni-gunesli,0.4666666666666667,False,False,30.0,False,True,140000
6364694,https://bina.az/items/6364694,menziller/yeni-tikili,m²,198.0,,4.0,13.0,17.0,True,True,True,17,Bakı,nesimi,,0.7647058823529411,False,False,49.5,False,,525000
6158588,https://bina.az/items/6158588,menziller/yeni-tikili,m²,146.4,,3.0,14.0,16.0,False,True,False,12,Bakı,koroglu,,0.875,False,False,48.800000000000004,True,,363000
6247191,https://bina.az/items/6247191,menziller/yeni-tikili,m²,115.0,,3.0,18.0,19.0,True,True,True,28,Bakı,sah-ismayil-xetai,,0.9473684210526315,False,False,38.333333333333336,False,True,450000
6364696,https://bina.az/items/6364696,menziller/kohne-tikili,m²,65.0,,2.0,9.0,9.0,True,True,True,13,Bakı,hezi-aslanov,,1.0,False,True,32.5,False,,140000
6283931,https://bina.az/items/6283931,menziller/yeni-tikili,m²,77.0,,2.0,8.0,20.0,False,False,False,9,Bakı,sah-ismayil-xetai,,0.4,False,False,38.5,False,,324900
6364697,https://bina.az/items/6364697,heyet-evleri,m²,282.0,2.0,7.0,,,True,True,True,30,Bakı,azadliq-prospekti,,,,,40.285714285714285,False,True,392000
5955660,https://bina.az/items/5955660,menziller/yeni-tikili,m²,175.0,,4.0,14.0,17.0,False,True,False,8,Bakı,nizami-metrosu,,0.8235294117647058,False,False,43.75,False,,525000
6281464,https://bina.az/items/6281464,menziller/yeni-tikili,m²,194.0,,4.0,12.0,20.0,False,False,False,10,Bakı,xetai,ag-sheher,0.6,False,False,48.5,False,,850000
6364698,https://bina.az/items/6364698,heyet-evleri,m²,110.0,3.5,4.0,,,True,True,False,10,Bakı,sabuncu,zabrat,,,,27.5,False,,125000
6238846,https://bina.az/items/6238846,menziller/kohne-tikili,m²,65.0,,2.0,3.0,9.0,True,True,True,18,Bakı,koroglu,,0.3333333333333333,False,False,32.5,False,,177000
6095324,https://bina.az/items/6095324,heyet-evleri,m²,100.0,1.5,4.0,,,True,True,False,15,Bakı,neriman-nerimanov,,,,,25.0,False,,215000
6283193,https://bina.az/items/6283193,menziller/yeni-tikili,m²,65.0,,3.0,3.0,5.0,True,True,False,8,Bakı,insaatcilar,,0.6,False,False,21.666666666666668,False,,198000
6364703,https://bina.az/items/6364703,menziller/kohne-tikili,m²,60.0,,2.0,6.0,9.0,True,True,False,18,Bakı,suraxani,qaracuxur,0.6666666666666666,False,False,30.0,False,,132000
6364704,https://bina.az/items/6364704,menziller/kohne-tikili,m²,60.0,,2.0,9.0,9.0,True,True,False,10,Bakı,hezi-aslanov,,1.0,False,True,30.0,False,,140000
6250759,https://bina.az/items/6250759,heyet-evleri,m²,125.0,4.0,4.0,,,True,True,False,12,Bakı,sabuncu,zabrat,,,,31.25,False,,103000
6030712,https://bina.az/items/6030712,torpaq,sot,6.0,,,,,,True,True,18,Bakı,xezer,buzovna,,,,,False,,880000
6237635,https://bina.az/items/6237635,heyet-evleri,m²,140.0,2.0,4.0,,,True,False,False,13,Bakı,sabuncu,zabrat,,,,35.0,False,,75000
6364709,https://bina.az/items/6364709,heyet-evleri,m²,93.0,1.8,3.0,,,True,False,False,19,Bakı,nizami,kesle,,,,31.0,False,,95000
6224777,https://bina.az/items/6224777,menziller/kohne-tikili,m²,70.0,,3.0,2.0,5.0,True,True,False,8,Bakı,bineqedi,,0.4,False,False,23.333333333333332,False,True,148000
6008518,https://bina.az/items/6008518,menziller/yeni-tikili,m²,90.0,,2.0,5.0,15.0,True,True,True,9,Bakı,dernegul,,0.3333333333333333,False,False,45.0,True,,260000
6265637,https://bina.az/items/6265637,menziller/yeni-tikili,m²,102.0,,3.0,13.0,23.0,True,True,False,14,Bakı,insaatcilar,,0.5652173913043478,False,False,34.0,False,True,295000
6219414,https://bina.az/items/6219414,menziller/yeni-tikili,m²,100.0,,3.0,6.0,10.0,True,True,True,17,Bakı,dernegul,,0.6,False,False,33.333333333333336,False,,360000
6364713,https://bina.az/items/6364713,heyet-evleri,m²,160.0,1.6,4.0,,,True,False,False,20,Xırdalan,abseron,masazir,,,,40.0,False,,140000
6034386,https://bina.az/items/6034386,menziller/yeni-tikili,m²,123.0,,3.0,12.0,17.0,True,True,True,11,Bakı,elmler-akademiyasi,,0.7058823529411765,False,False,41.0,False,,640000
6364714,https://bina.az/items/6364714,menziller/kohne-tikili,m²,70.0,,3.0,3.0,9.0,True,True,False,30,Bakı,xetai,,0.3333333333333333,False,False,23.333333333333332,False,,220000
6364716,https://bina.az/items/6364716,menziller/kohne-tikili,m²,70.0,,3.0,3.0,5.0,True,True,False,9,Bakı,suraxani,suraxani-qesebesi,0.6,False,False,23.333333333333332,False,,138000
6364719,https://bina.az/items/6364719,menziller/yeni-tikili,m²,58.9,,1.0,2.0,8.0,False,False,False,8,Bakı,sabuncu,sea-breeze,0.25,False,False,58.9,False,,173500
6279245,https://bina.az/items/6279245,menziller/yeni-tikili,m²,79.0,,2.0,14.0,17.0,True,True,False,12,Bakı,sebail,bayil,0.8235294117647058,False,False,39.5,False,,200000
6119743,https://bina.az/items/6119743,menziller/yeni-tikili,m²,117.0,,3.0,4.0,5.0,True,True,True,14,Bakı,sebail,,0.8,False,False,39.0,False,True,285000
6364723,https://bina.az/items/6364723,menziller/yeni-tikili,m²,150.0,,3.0,11.0,17.0,True,True,True,13,Bakı,genclik,,0.6470588235294118,False,False,50.0,False,True,415000
6364725,https://bina.az/items/6364725,menziller/yeni-tikili,m²,55.0,,2.0,12.0,13.0,True,True,True,9,Bakı,hezi-aslanov,,0.9230769230769231,False,False,27.5,False,,129000
6364727,https://bina.az/items/6364727,menziller/yeni-tikili,m²,110.0,,3.0,12.0,15.0,True,True,True,18,Bakı,hezi-aslanov,,0.8,False,False,36.666666666666664,False,,260000
5705552,https://bina.az/items/5705552,torpaq,sot,13.0,,,,,,True,False,11,Bakı,xezer,suvelan,,,,,False,,300000
5413647,https://bina.az/items/5413647,menziller/yeni-tikili,m²,139.0,,4.0,10.0,16.0,True,True,True,22,Bakı,xalqlar-dostlugu,,0.625,False,False,34.75,False,,315000
6269747,https://bina.az/items/6269747,menziller/yeni-tikili,m²,56.0,,1.0,15.0,19.0,True,True,True,16,Bakı,nerimanov,,0.7894736842105263,False,False,56.0,False,,198000
6364732,https://bina.az/items/6364732,menziller/yeni-tikili,m²,100.0,,3.0,3.0,16.0,True,True,False,12,Bakı,ehmedli,,0.1875,False,False,33.333333333333336,False,,245000
6076756,https://bina.az/items/6076756,menziller/yeni-tikili,m²,72.0,,2.0,7.0,9.0,False,True,False,12,Sumqayıt,,,0.7777777777777778,False,False,36.0,False,,133000
6202448,https://bina.az/items/6202448,menziller/yeni-tikili,m²,145.0,,3.0,14.0,17.0,True,True,False,21,Sumqayıt,abseron,,0.8235294117647058,False,False,48.333333333333336,False,,218000
6364740,https://bina.az/items/6364740,menziller/yeni-tikili,m²,121.0,,3.0,6.0,16.0,True,True,True,18,Bakı,neriman-nerimanov,,0.375,False,False,40.333333333333336,False,,448000
6198013,https://bina.az/items/6198013,menziller/kohne-tikili,m²,45.0,,2.0,4.0,5.0,True,True,False,11,Sumqayıt,,,0.8,False,False,22.5,False,,78500
6364741,https://bina.az/items/6364741,menziller/yeni-tikili,m²,89.0,,2.0,10.0,15.0,True,False,False,7,Bakı,qara-qarayev,,0.6666666666666666,False,False,44.5,True,,231400
6364744,https://bina.az/items/6364744,menziller/kohne-tikili,m²,78.0,,3.0,5.0,5.0,True,True,False,10,Bakı,nesimi,,1.0,False,True,26.0,False,,225000
6364743,https://bina.az/items/6364743,heyet-evleri,m²,350.0,7.0,11.0,,,True,True,False,19,Bakı,xetai,,,,,31.818181818181817,False,,670000
5565271,https://bina.az/items/5565271,menziller/yeni-tikili,m²,99.0,,3.0,7.0,17.0,True,True,True,30,Bakı,ehmedli,,0.4117647058823529,False,False,33.0,False,,239000
6278645,https://bina.az/items/6278645,menziller/yeni-tikili,m²,57.0,,2.0,11.0,17.0,True,True,True,16,Bakı,dernegul,,0.6470588235294118,False,False,28.5,False,,180000
6276063,https://bina.az/items/6276063,menziller/yeni-tikili,m²,65.0,,2.0,6.0,16.0,True,True,True,14,Bakı,8-noyabr,,0.375,False,False,32.5,False,,230000
6110010,https://bina.az/items/6110010,menziller/yeni-tikili,m²,115.0,,3.0,5.0,13.0,False,False,False,6,Bakı,iceri-seher-metrosu,,0.38461538461538464,False,False,38.333333333333336,False,,450000
6364751,https://bina.az/items/6364751,heyet-evleri,m²,65.0,1.0,3.0,,,True,True,False,8,Bakı,sabuncu,mastaga,,,,21.666666666666668,False,,57500
6364756,https://bina.az/items/6364756,menziller/yeni-tikili,m²,36.0,,2.0,5.0,16.0,False,False,False,7,Bakı,nizami-metrosu,,0.3125,False,False,18.0,True,,143000
6118674,https://bina.az/items/6118674,menziller/yeni-tikili,m²,89.0,,3.0,3.0,6.0,True,True,False,19,Bakı,iceri-seher-metrosu,,0.5,False,False,29.666666666666668,False,,465000
6364763,https://bina.az/items/6364763,menziller/yeni-tikili,m²,75.0,,3.0,10.0,12.0,True,True,False,10,Bakı,suraxani,yeni-gunesli,0.8333333333333334,False,False,25.0,False,,199000
6362935,https://bina.az/items/6362935,menziller/yeni-tikili,m²,130.0,,3.0,6.0,26.0,True,True,True,10,Bakı,elmler-akademiyasi,,0.23076923076923078,False,False,43.333333333333336,False,,390000
6364761,https://bina.az/items/6364761,menziller/yeni-tikili,m²,80.0,,2.0,1.0,4.0,True,True,False,6,Bakı,insaatcilar,,0.25,True,False,40.0,False,,170000
6362869,https://bina.az/items/6362869,menziller/yeni-tikili,m²,90.0,,3.0,8.0,12.0,True,True,True,12,Bakı,yasamal,,0.6666666666666666,False,False,30.0,False,,305000
6362744,https://bina.az/items/6362744,menziller/yeni-tikili,m²,100.0,,3.0,12.0,18.0,True,True,True,19,Bakı,elmler-akademiyasi,,0.6666666666666666,False,False,33.333333333333336,False,True,335000
6364766,https://bina.az/items/6364766,menziller/yeni-tikili,m²,85.0,,2.0,7.0,17.0,True,True,True,12,Bakı,sah-ismayil-xetai,,0.4117647058823529,False,False,42.5,False,,390000
6172066,https://bina.az/items/6172066,menziller/kohne-tikili,m²,80.0,,3.0,2.0,9.0,True,True,True,16,Bakı,hezi-aslanov,,0.2222222222222222,False,False,26.666666666666668,False,True,206000
6229145,https://bina.az/items/6229145,menziller/yeni-tikili,m²,120.0,,3.0,1.0,6.0,True,True,False,14,Bakı,abseron,masazir,0.16666666666666666,True,False,40.0,False,,143000
4925751,https://bina.az/items/4925751,torpaq,sot,90.0,,,,,,True,True,12,Bakı,xezer,bine,,,,,False,,1950000
6282037,https://bina.az/items/6282037,menziller/yeni-tikili,m²,113.0,,3.0,13.0,19.0,True,True,False,17,Bakı,insaatcilar,,0.6842105263157895,False,False,37.666666666666664,False,,239000
6364776,https://bina.az/items/6364776,menziller/kohne-tikili,m²,100.0,,4.0,1.0,5.0,True,True,False,30,Bakı,sebail,badamdar,0.2,True,False,25.0,False,,269500
6364778,https://bina.az/items/6364778,menziller/yeni-tikili,m²,62.0,,2.0,6.0,17.0,True,True,True,8,Bakı,memar-ecemi,,0.35294117647058826,False,False,31.0,False,,189000
6364785,https://bina.az/items/6364785,menziller/yeni-tikili,m²,42.0,,2.0,6.0,12.0,True,True,False,14,Bakı,yasamal,,0.5,False,False,21.0,False,True,152000
6364786,https://bina.az/items/6364786,menziller/kohne-tikili,m²,70.0,,3.0,5.0,5.0,True,True,False,15,Bakı,suraxani,suraxani-qesebesi,1.0,False,True,23.333333333333332,False,,115000
6364791,https://bina.az/items/6364791,heyet-evleri,m²,150.0,3.0,4.0,,,True,True,False,9,Bakı,abseron,masazir,,,,37.5,False,,147500
6364790,https://bina.az/items/6364790,menziller/kohne-tikili,m²,41.0,,2.0,2.0,2.0,True,True,False,7,Bakı,xetai,hezi-aslanov-qesebesi,1.0,False,True,20.5,False,,110000
6364793,https://bina.az/items/6364793,menziller/yeni-tikili,m²,140.0,,3.0,10.0,16.0,True,True,True,13,Bakı,nizami-metrosu,,0.625,False,False,46.666666666666664,False,True,420000
6364792,https://bina.az/items/6364792,menziller/yeni-tikili,m²,70.0,,3.0,17.0,17.0,True,False,False,10,Bakı,ehmedli,,1.0,False,True,23.333333333333332,False,,155000
6364795,https://bina.az/items/6364795,torpaq,sot,4.0,,,,,,True,False,4,Bakı,abseron,hokmeli,,,,,False,,74000
6364796,https://bina.az/items/6364796,heyet-evleri,m²,110.0,3.0,4.0,,,True,False,False,19,Bakı,suraxani,hovsan,,,,27.5,False,,65000
6364800,https://bina.az/items/6364800,menziller/yeni-tikili,m²,120.0,,3.0,7.0,16.0,True,True,True,12,Bakı,azadliq-prospekti,,0.4375,False,False,40.0,False,True,320000
6364802,https://bina.az/items/6364802,menziller/yeni-tikili,m²,95.0,,2.0,10.0,19.0,True,True,False,10,Bakı,ehmedli,,0.5263157894736842,False,False,47.5,False,True,195000
6266614,https://bina.az/items/6266614,menziller/kohne-tikili,m²,45.0,,3.0,1.0,9.0,True,True,True,12,Bakı,nesimi-metrosu,,0.1111111111111111,True,False,15.0,True,True,148000
6364806,https://bina.az/items/6364806,menziller/kohne-tikili,m²,84.0,,4.0,5.0,5.0,True,False,False,10,Bakı,qaradag,,1.0,False,True,21.0,False,,83000
6141500,https://bina.az/items/6141500,heyet-evleri,m²,200.0,5.0,4.0,,,True,True,True,20,Bakı,xezer,merdekan,,,,50.0,False,,450000
6364810,https://bina.az/items/6364810,menziller/kohne-tikili,m²,60.0,,2.0,8.0,9.0,True,True,True,11,Bakı,hezi-aslanov,,0.8888888888888888,False,False,30.0,False,,167000
6191862,https://bina.az/items/6191862,torpaq,sot,14.0,,,,,,True,False,4,Bakı,sabuncu,,,,,,False,,140000
5223110,https://bina.az/items/5223110,menziller/yeni-tikili,m²,101.0,,3.0,10.0,24.0,True,True,True,17,Bakı,sah-ismayil-xetai,,0.4166666666666667,False,False,33.666666666666664,False,,305000
6096515,https://bina.az/items/6096515,heyet-evleri,m²,125.0,10.0,4.0,,,True,True,True,15,Qəbələ,,,,,,31.25,False,True,255000
6364813,https://bina.az/items/6364813,menziller/kohne-tikili,m²,60.0,,2.0,7.0,9.0,True,True,False,19,Bakı,hezi-aslanov,,0.7777777777777778,False,False,30.0,False,,175000
4907001,https://bina.az/items/4907001,heyet-evleri,m²,160.0,4.0,4.0,,,True,True,False,19,Bakı,xezer,merdekan,,,,40.0,False,,235000
6364817,https://bina.az/items/6364817,menziller/yeni-tikili,m²,180.0,,3.0,8.0,11.0,False,True,True,11,Bakı,ehmedli,,0.7272727272727273,False,False,60.0,False,,435000
6095404,https://bina.az/items/6095404,menziller/kohne-tikili,m²,100.0,,4.0,2.0,5.0,True,True,True,11,Bakı,qara-qarayev,,0.4,False,False,25.0,False,True,245000
6364819,https://bina.az/items/6364819,menziller/yeni-tikili,m²,65.0,,2.0,6.0,12.0,True,True,False,12,Xırdalan,,,0.5,False,False,32.5,False,,129000
5125826,https://bina.az/items/5125826,menziller/yeni-tikili,m²,125.0,,3.0,6.0,16.0,True,True,True,26,Bakı,nesimi,,0.375,False,False,41.666666666666664,False,,525000
6364824,https://bina.az/items/6364824,menziller/kohne-tikili,m²,45.0,,2.0,9.0,9.0,True,True,True,12,Bakı,ehmedli,,1.0,False,True,22.5,False,,120000
6364826,https://bina.az/items/6364826,heyet-evleri,m²,140.0,1.5,5.0,,,True,True,False,13,Bakı,abseron,masazir,,,,28.0,False,,139000
5723705,https://bina.az/items/5723705,menziller/yeni-tikili,m²,151.0,,4.0,15.0,15.0,True,True,True,22,Bakı,neriman-nerimanov,,1.0,False,True,37.75,False,,325000
6364827,https://bina.az/items/6364827,menziller/yeni-tikili,m²,154.0,,3.0,13.0,16.0,True,True,True,13,Bakı,nesimi,,0.8125,False,False,51.333333333333336,False,True,575000
6052166,https://bina.az/items/6052166,menziller/kohne-tikili,m²,90.0,,3.0,2.0,5.0,True,True,True,27,Bakı,qara-qarayev,,0.4,False,False,30.0,False,,206000
6364832,https://bina.az/items/6364832,menziller/yeni-tikili,m²,54.0,,2.0,4.0,6.0,True,False,False,9,Bakı,abseron,masazir,0.6666666666666666,False,False,27.0,False,,87000
6364829,https://bina.az/items/6364829,menziller/yeni-tikili,m²,133.0,,3.0,3.0,17.0,False,False,False,14,Bakı,28-may,,0.17647058823529413,False,False,44.333333333333336,False,,485000
6077239,https://bina.az/items/6077239,menziller/yeni-tikili,m²,130.0,,3.0,2.0,7.0,True,True,True,24,Bakı,xetai,ag-sheher,0.2857142857142857,False,False,43.333333333333336,False,,555000
6364838,https://bina.az/items/6364838,menziller/yeni-tikili,m²,102.0,,3.0,8.0,17.0,True,True,False,19,Bakı,elmler-akademiyasi,,0.47058823529411764,False,False,34.0,False,,330000
6026553,https://bina.az/items/6026553,menziller/yeni-tikili,m²,115.0,,2.0,6.0,19.0,False,False,False,8,Bakı,sebail,bayil,0.3157894736842105,False,False,57.5,False,,299000
6364840,https://bina.az/items/6364840,torpaq,sot,5.0,,,,,,True,False,2,Bakı,xezer,bine,,,,,False,,125000
6031892,https://bina.az/items/6031892,menziller/yeni-tikili,m²,135.0,,3.0,10.0,16.0,True,True,True,14,Bakı,nizami-metrosu,,0.625,False,False,45.0,False,,429000
6068116,https://bina.az/items/6068116,menziller/yeni-tikili,m²,136.0,,3.0,4.0,12.0,True,True,True,12,Bakı,neftciler,,0.3333333333333333,False,False,45.333333333333336,False,,365000
6364845,https://bina.az/items/6364845,menziller/kohne-tikili,m²,130.0,,5.0,4.0,9.0,True,True,True,25,Bakı,xalqlar-dostlugu,,0.4444444444444444,False,False,26.0,True,,270000
6364849,https://bina.az/items/6364849,menziller/yeni-tikili,m²,115.0,,3.0,2.0,19.0,True,True,False,15,Bakı,insaatcilar,,0.10526315789473684,False,False,38.333333333333336,False,,265000
6364815,https://bina.az/items/6364815,menziller/yeni-tikili,m²,100.0,,4.0,2.0,2.0,True,False,False,22,Bakı,abseron,hokmeli,1.0,False,True,25.0,False,,45000
6363870,https://bina.az/items/6363870,menziller/kohne-tikili,m²,85.0,,3.0,4.0,9.0,True,True,True,7,Bakı,memar-ecemi,,0.4444444444444444,False,False,28.333333333333332,False,,185000
6261165,https://bina.az/items/6261165,menziller/kohne-tikili,m²,65.0,,2.0,2.0,5.0,True,True,True,18,Bakı,xalqlar-dostlugu,,0.4,False,False,32.5,False,,148000
6064953,https://bina.az/items/6064953,menziller/yeni-tikili,m²,127.0,,3.0,9.0,14.0,True,True,False,15,Bakı,qara-qarayev,,0.6428571428571429,False,False,42.333333333333336,False,,398000
6243670,https://bina.az/items/6243670,menziller/kohne-tikili,m²,40.0,,2.0,1.0,5.0,True,True,False,17,Bakı,neftciler,,0.2,True,False,20.0,False,,109000
6364852,https://bina.az/items/6364852,menziller/yeni-tikili,m²,65.0,,2.0,15.0,17.0,True,True,False,4,Bakı,8-noyabr,,0.8823529411764706,False,False,32.5,False,,258000
6364854,https://bina.az/items/6364854,menziller/kohne-tikili,m²,73.0,,3.0,3.0,5.0,True,True,True,8,Bakı,qaradag,lokbatan,0.6,False,False,24.333333333333332,False,,115000
5091706,https://bina.az/items/5091706,menziller/yeni-tikili,m²,119.0,,3.0,14.0,17.0,True,True,True,14,Bakı,hezi-aslanov,,0.8235294117647058,False,False,39.666666666666664,False,,269000
6364861,https://bina.az/items/6364861,obyektler,m²,111.0,,,,,True,True,False,4,Bakı,dernegul,,,,,,False,,390000
5989901,https://bina.az/items/5989901,menziller/yeni-tikili,m²,68.0,,3.0,7.0,20.0,True,True,True,8,Bakı,xetai,,0.35,False,False,22.666666666666668,False,,159000
6364864,https://bina.az/items/6364864,menziller/yeni-tikili,m²,45.0,,1.0,5.0,12.0,True,False,False,11,Bakı,suraxani,suraxani-qesebesi,0.4166666666666667,False,False,45.0,False,True,116500
5996934,https://bina.az/items/5996934,heyet-evleri,m²,500.0,8.0,8.0,,,True,True,True,29,Bakı,sabuncu,bakixanov,,,,62.5,False,,900000
5529431,https://bina.az/items/5529431,menziller/kohne-tikili,m²,60.0,,2.0,5.0,5.0,True,True,False,7,Bakı,insaatcilar,,1.0,False,True,30.0,False,,145000
6364867,https://bina.az/items/6364867,menziller/kohne-tikili,m²,130.0,,5.0,6.0,9.0,True,True,True,20,Bakı,azadliq-prospekti,,0.6666666666666666,False,False,26.0,False,True,275000
6364870,https://bina.az/items/6364870,menziller/kohne-tikili,m²,45.0,,1.0,5.0,9.0,True,True,True,11,Bakı,ehmedli,,0.5555555555555556,False,False,45.0,False,,120000
6364872,https://bina.az/items/6364872,menziller/yeni-tikili,m²,70.0,,3.0,4.0,18.0,True,False,False,15,Bakı,sebail,,0.2222222222222222,False,False,23.333333333333332,False,,230000
6364876,https://bina.az/items/6364876,menziller/yeni-tikili,m²,110.0,,4.0,7.0,9.0,True,True,True,5,Bakı,sabuncu,ramana,0.7777777777777778,False,False,27.5,False,,129500
6364877,https://bina.az/items/6364877,menziller/yeni-tikili,m²,90.0,,3.0,4.0,16.0,True,True,True,16,Bakı,28-may,,0.25,False,False,30.0,False,,345000
6275393,https://bina.az/items/6275393,menziller/kohne-tikili,m²,65.0,,2.0,8.0,9.0,True,True,False,7,Bakı,hezi-aslanov,,0.8888888888888888,False,False,32.5,False,,144500
6364884,https://bina.az/items/6364884,heyet-evleri,m²,100.0,1.5,4.0,,,False,True,False,15,Bakı,sabuncu,,,,,25.0,False,,100000
6364886,https://bina.az/items/6364886,menziller/yeni-tikili,m²,128.3,,4.0,7.0,18.0,True,True,False,17,Bakı,bakmil,,0.3888888888888889,False,False,32.075,False,,475000
6364891,https://bina.az/items/6364891,menziller/kohne-tikili,m²,45.0,,2.0,3.0,5.0,True,True,True,12,Bakı,qara-qarayev,,0.6,False,False,22.5,False,,160000
6364890,https://bina.az/items/6364890,menziller/yeni-tikili,m²,75.0,,2.0,10.0,18.0,True,False,False,9,Bakı,20-yanvar,,0.5555555555555556,False,False,37.5,False,,210000
6010269,https://bina.az/items/6010269,menziller/yeni-tikili,m²,98.0,,3.0,15.0,17.0,True,True,False,13,Bakı,hezi-aslanov,,0.8823529411764706,False,False,32.666666666666664,False,,215000
6190612,https://bina.az/items/6190612,menziller/yeni-tikili,m²,60.0,,2.0,5.0,6.0,True,True,True,9,Bakı,abseron,masazir,0.8333333333333334,False,False,30.0,False,True,88000
6266863,https://bina.az/items/6266863,menziller/yeni-tikili,m²,120.0,,3.0,5.0,6.0,True,True,True,19,Bakı,abseron,masazir,0.8333333333333334,False,False,40.0,False,,150000
6364896,https://bina.az/items/6364896,menziller/yeni-tikili,m²,100.0,,2.0,3.0,18.0,True,True,True,11,Bakı,nesimi-metrosu,,0.16666666666666666,False,False,50.0,False,,225000
6337632,https://bina.az/items/6337632,menziller/yeni-tikili,m²,75.0,,3.0,8.0,20.0,True,True,True,12,Bakı,insaatcilar,,0.4,False,False,25.0,False,,260000
5993719,https://bina.az/items/5993719,menziller/yeni-tikili,m²,170.0,,3.0,20.0,23.0,True,True,False,13,Bakı,nizami-metrosu,,0.8695652173913043,False,False,56.666666666666664,False,,500000
5949865,https://bina.az/items/5949865,menziller/yeni-tikili,m²,130.0,,5.0,7.0,9.0,True,True,True,20,Bakı,qara-qarayev,,0.7777777777777778,False,False,26.0,False,,330000
6198675,https://bina.az/items/6198675,menziller/kohne-tikili,m²,80.0,,3.0,6.0,9.0,True,True,False,12,Bakı,ehmedli,,0.6666666666666666,False,False,26.666666666666668,False,,197000
6364899,https://bina.az/items/6364899,menziller/yeni-tikili,m²,110.0,,3.0,17.0,17.0,True,False,False,24,Bakı,ehmedli,,1.0,False,True,36.666666666666664,False,,210000
6364900,https://bina.az/items/6364900,heyet-evleri,m²,260.0,6.0,6.0,,,True,True,False,29,Bakı,nesimi-metrosu,,,,,43.333333333333336,False,True,650000
6283902,https://bina.az/items/6283902,menziller/kohne-tikili,m²,35.0,,1.0,1.0,4.0,True,True,False,18,Bakı,sahil,,0.25,True,False,35.0,False,,140000
6283773,https://bina.az/items/6283773,menziller/yeni-tikili,m²,75.0,,3.0,5.0,6.0,True,True,True,17,Bakı,abseron,masazir,0.8333333333333334,False,False,25.0,False,,96000
6198908,https://bina.az/items/6198908,menziller/kohne-tikili,m²,65.0,,2.0,4.0,9.0,True,True,False,13,Bakı,ehmedli,,0.4444444444444444,False,False,32.5,False,True,187000
6198709,https://bina.az/items/6198709,menziller/kohne-tikili,m²,80.0,,3.0,7.0,9.0,True,True,False,16,Bakı,hezi-aslanov,,0.7777777777777778,False,False,26.666666666666668,False,,205000
6364904,https://bina.az/items/6364904,menziller/kohne-tikili,m²,80.0,,4.0,6.0,9.0,True,True,True,19,Bakı,xetai,,0.6666666666666666,False,False,20.0,False,,225000
6281626,https://bina.az/items/6281626,menziller/yeni-tikili,m²,127.0,,4.0,8.0,16.0,False,False,False,13,Bakı,qara-qarayev,,0.5,False,False,31.75,False,,308000
6002380,https://bina.az/items/6002380,obyektler,m²,365.0,,,,,True,True,False,20,Bakı,abseron,masazir,,,,,False,,310000
6364906,https://bina.az/items/6364906,menziller/yeni-tikili,m²,70.0,,2.0,7.0,18.0,True,True,True,11,Bakı,nesimi-metrosu,,0.3888888888888889,False,False,35.0,False,,195000
6364908,https://bina.az/items/6364908,torpaq,sot,4.0,,,,,,False,False,4,Bakı,xezer,bine,,,,,False,,22000
6143304,https://bina.az/items/6143304,menziller/kohne-tikili,m²,75.0,,3.0,9.0,9.0,True,True,False,19,Bakı,xalqlar-dostlugu,,1.0,False,True,25.0,False,,220000
6364730,https://bina.az/items/6364730,heyet-evleri,m²,160.0,6.0,4.0,,,True,False,False,12,Bakı,sabuncu,savalan,,,,40.0,False,,115000
6364913,https://bina.az/items/6364913,torpaq,sot,16.0,,,,,,True,False,2,Qəbələ,,,,,,,False,,41600
6037463,https://bina.az/items/6037463,ofisler,m²,100.0,,3.0,,,True,True,False,10,Bakı,sahil,,,,,33.333333333333336,False,,350000
6051280,https://bina.az/items/6051280,menziller/yeni-tikili,m²,450.0,,8.0,8.0,17.0,True,True,False,8,Bakı,iceri-seher-metrosu,,0.47058823529411764,False,False,56.25,False,,2000000
6281986,https://bina.az/items/6281986,heyet-evleri,m²,120.0,2.0,3.0,,,True,False,False,15,Bakı,sebail,bayil,,,,40.0,False,,59000
6364921,https://bina.az/items/6364921,torpaq,sot,5.0,,,,,,True,False,5,Bakı,xezer,turken,,,,,False,,55000
6364923,https://bina.az/items/6364923,menziller/kohne-tikili,m²,45.0,,1.0,5.0,9.0,True,True,False,8,Bakı,hezi-aslanov,,0.5555555555555556,False,False,45.0,False,,120000
6280373,https://bina.az/items/6280373,menziller/yeni-tikili,m²,110.0,,3.0,8.0,8.0,True,True,False,24,Bakı,neriman-nerimanov,,1.0,False,True,36.666666666666664,False,,335000
6364930,https://bina.az/items/6364930,menziller/yeni-tikili,m²,140.0,,3.0,17.0,17.0,True,False,False,16,Bakı,ehmedli,,1.0,False,True,46.666666666666664,False,,265000
6247131,https://bina.az/items/6247131,menziller/kohne-tikili,m²,60.0,,2.0,3.0,9.0,True,True,False,10,Bakı,qara-qarayev,,0.3333333333333333,False,False,30.0,False,,178000
6364934,https://bina.az/items/6364934,menziller/yeni-tikili,m²,136.0,,3.0,9.0,17.0,True,True,False,10,Bakı,insaatcilar,,0.5294117647058824,False,False,45.333333333333336,False,True,670000
6276134,https://bina.az/items/6276134,menziller/yeni-tikili,m²,198.0,,4.0,9.0,16.0,True,True,True,22,Bakı,nizami-metrosu,,0.5625,False,False,49.5,False,True,1350000
6051881,https://bina.az/items/6051881,menziller/yeni-tikili,m²,71.5,,2.0,9.0,17.0,False,True,True,8,Bakı,koroglu,,0.5294117647058824,False,False,35.75,True,,204000
6216994,https://bina.az/items/6216994,menziller/yeni-tikili,m²,206.0,,4.0,15.0,17.0,False,True,True,10,Bakı,elmler-akademiyasi,,0.8823529411764706,False,False,51.5,False,,1128000
6217091,https://bina.az/items/6217091,menziller/yeni-tikili,m²,148.0,,3.0,15.0,17.0,False,True,True,8,Bakı,elmler-akademiyasi,,0.8823529411764706,False,False,49.333333333333336,False,,812000
6217220,https://bina.az/items/6217220,menziller/yeni-tikili,m²,89.0,,2.0,15.0,17.0,False,True,True,9,Bakı,elmler-akademiyasi,,0.8823529411764706,False,False,44.5,False,,487000
6364929,https://bina.az/items/6364929,heyet-evleri,m²,128.0,1.28,2.0,,,True,True,False,12,Bakı,xezer,qala,,,,64.0,False,,82000
6208607,https://bina.az/items/6208607,menziller/yeni-tikili,m²,178.0,,3.0,14.0,19.0,False,True,True,6,Bakı,nizami-metrosu,,0.7368421052631579,False,False,59.333333333333336,True,,860000
6364942,https://bina.az/items/6364942,menziller/kohne-tikili,m²,55.0,,2.0,9.0,9.0,True,True,False,20,Bakı,xetai,,1.0,False,True,27.5,False,,138000
6283703,https://bina.az/items/6283703,menziller/yeni-tikili,m²,146.0,,3.0,11.0,17.0,False,False,False,8,Bakı,koroglu,,0.6470588235294118,False,False,48.666666666666664,True,,366000
6364754,https://bina.az/items/6364754,menziller/kohne-tikili,m²,86.0,,3.0,9.0,9.0,True,True,True,14,Bakı,memar-ecemi,,1.0,False,True,28.666666666666668,False,,173000
6283781,https://bina.az/items/6283781,menziller/yeni-tikili,m²,172.8,,4.0,3.0,17.0,False,True,True,8,Bakı,koroglu,,0.17647058823529413,False,False,43.2,True,,428000
6283979,https://bina.az/items/6283979,menziller/yeni-tikili,m²,117.2,,2.0,13.0,17.0,False,False,False,8,Bakı,koroglu,,0.7647058823529411,False,False,58.6,True,,298860
6364788,https://bina.az/items/6364788,menziller/yeni-tikili,m²,136.0,,3.0,10.0,17.0,True,True,True,13,Bakı,nesimi,,0.5882352941176471,False,False,45.333333333333336,False,,439000
6364774,https://bina.az/items/6364774,menziller/kohne-tikili,m²,85.0,,3.0,5.0,5.0,True,True,True,12,Bakı,bineqedi,bineqedi-qesebesi,1.0,False,True,28.333333333333332,False,,115000
6364804,https://bina.az/items/6364804,menziller/yeni-tikili,m²,118.0,,3.0,15.0,15.0,False,False,True,7,Bakı,28-may,,1.0,False,True,39.333333333333336,False,,376000
6364807,https://bina.az/items/6364807,menziller/yeni-tikili,m²,66.0,,3.0,1.0,4.0,True,False,True,7,Bakı,bineqedi,bileceri,0.25,True,False,22.0,False,,125000
6364943,https://bina.az/items/6364943,menziller/yeni-tikili,m²,90.0,,2.0,17.0,17.0,True,True,True,17,Bakı,neftciler,,1.0,False,True,45.0,False,True,150000
6364828,https://bina.az/items/6364828,menziller/kohne-tikili,m²,60.0,,2.0,4.0,5.0,True,True,False,6,Bakı,nesimi,,0.8,False,False,30.0,False,False,253000
6364823,https://bina.az/items/6364823,menziller/yeni-tikili,m²,85.0,,3.0,16.0,17.0,True,True,True,11,Bakı,memar-ecemi,,0.9411764705882353,False,False,28.333333333333332,False,,238000
6364944,https://bina.az/items/6364944,menziller/yeni-tikili,m²,40.0,,2.0,15.0,16.0,True,True,True,9,Bakı,20-yanvar,,0.9375,False,False,20.0,False,,133500
6364847,https://bina.az/items/6364847,menziller/yeni-tikili,m²,101.0,,3.0,10.0,16.0,True,True,True,18,Bakı,memar-ecemi,,0.625,False,False,33.666666666666664,False,,260000
6364868,https://bina.az/items/6364868,menziller/kohne-tikili,m²,40.0,,2.0,4.0,5.0,True,True,False,6,Bakı,dernegul,,0.8,False,False,20.0,False,,108000
6364885,https://bina.az/items/6364885,menziller/kohne-tikili,m²,87.0,,4.0,9.0,9.0,True,True,True,17,Bakı,azadliq-prospekti,,1.0,False,True,21.75,False,True,256000
6364945,https://bina.az/items/6364945,menziller/yeni-tikili,m²,119.0,,3.0,15.0,17.0,False,True,True,7,Bakı,genclik,,0.8823529411764706,False,False,39.666666666666664,False,,376000
6364937,https://bina.az/items/6364937,torpaq,sot,6.0,,,,,,True,False,3,Şamaxı,,,,,,,False,,8500
5823663,https://bina.az/items/5823663,torpaq,sot,150.0,,,,,,True,False,5,Balakən,,,,,,,False,,120000
6283912,https://bina.az/items/6283912,obyektler,m²,230.0,,,,,True,True,True,4,Bakı,8-noyabr,,,,,,False,,710000
6191229,https://bina.az/items/6191229,obyektler,m²,332.5,,,,,True,True,False,16,Bakı,xetai,,,,,,False,,565000
6191221,https://bina.az/items/6191221,heyet-evleri,m²,280.0,6.0,8.0,,,True,True,False,13,Bakı,abseron,masazir,,,,35.0,False,,240000
6364947,https://bina.az/items/6364947,menziller/yeni-tikili,m²,131.0,,4.0,7.0,18.0,False,False,False,13,Bakı,sebail,badamdar,0.3888888888888889,False,False,32.75,False,,264500
5837797,https://bina.az/items/5837797,heyet-evleri,m²,363.7,13.0,9.0,,,True,True,False,23,Tovuz,,,,,,40.41111111111111,False,,145000
5563657,https://bina.az/items/5563657,obyektler,m²,17000.0,,,,,True,True,False,30,Bakı,abseron,hokmeli,,,,,False,,2800000
6283741,https://bina.az/items/6283741,menziller/kohne-tikili,m²,62.0,,3.0,5.0,5.0,True,True,False,22,Bakı,yasamal,,1.0,False,True,20.666666666666668,False,,221000
6364948,https://bina.az/items/6364948,menziller/yeni-tikili,m²,113.2,,3.0,13.0,14.0,True,False,False,5,Bakı,qara-qarayev,,0.9285714285714286,False,False,37.733333333333334,False,,266000
6143949,https://bina.az/items/6143949,menziller/yeni-tikili,m²,56.0,,1.0,14.0,14.0,False,False,False,7,Bakı,abseron,masazir,1.0,False,True,56.0,False,,50000
5553566,https://bina.az/items/5553566,menziller/yeni-tikili,m²,464.0,,8.0,10.0,10.0,True,True,False,19,Bakı,nerimanov,,1.0,False,True,58.0,False,,595000
4793561,https://bina.az/items/4793561,menziller/yeni-tikili,m²,104.0,,3.0,20.0,20.0,True,True,True,6,Bakı,insaatcilar,,1.0,False,True,34.666666666666664,False,,198000
6364951,https://bina.az/items/6364951,menziller/kohne-tikili,m²,55.0,,2.0,5.0,5.0,True,True,False,11,Bakı,memar-ecemi,,1.0,False,True,27.5,False,,137000
6364952,https://bina.az/items/6364952,menziller/yeni-tikili,m²,55.0,,2.0,13.0,13.0,True,True,True,13,Bakı,neftciler,,1.0,False,True,27.5,False,,155000
6364916,https://bina.az/items/6364916,menziller/yeni-tikili,m²,146.0,,4.0,5.0,19.0,True,True,True,11,Bakı,xetai,,0.2631578947368421,False,False,36.5,False,True,380000
6364957,https://bina.az/items/6364957,menziller/yeni-tikili,m²,216.0,,4.0,2.0,20.0,True,True,True,13,Bakı,nesimi,,0.1,False,False,54.0,False,True,697000
6090210,https://bina.az/items/6090210,menziller/yeni-tikili,m²,70.0,,3.0,4.0,18.0,True,False,False,19,Bakı,sebail,bayil,0.2222222222222222,False,False,23.333333333333332,False,,210000
6364958,https://bina.az/items/6364958,menziller/yeni-tikili,m²,135.0,,3.0,15.0,17.0,False,True,False,8,Bakı,genclik,,0.8823529411764706,False,False,45.0,False,,430000
6364961,https://bina.az/items/6364961,menziller/kohne-tikili,m²,70.0,,3.0,4.0,9.0,True,True,False,12,Bakı,qara-qarayev,,0.4444444444444444,False,False,23.333333333333332,False,,220000
6364964,https://bina.az/items/6364964,menziller/yeni-tikili,m²,135.0,,3.0,5.0,7.0,True,True,False,13,Xırdalan,abseron,,0.7142857142857143,False,False,45.0,False,,220000
6364968,https://bina.az/items/6364968,torpaq,sot,3.2,,,,,,True,False,4,Bakı,nesimi-metrosu,,,,,,False,,600000
6364977,https://bina.az/items/6364977,menziller/yeni-tikili,m²,150.0,,3.0,10.0,16.0,True,True,True,10,Bakı,sah-ismayil-xetai,,0.625,False,False,50.0,False,,433000
6364980,https://bina.az/items/6364980,obyektler,m²,237.0,,,,,True,True,False,15,Bakı,insaatcilar,,,,,,False,,255000
6364979,https://bina.az/items/6364979,heyet-evleri,m²,36.6,1.0,2.0,,,True,True,False,10,Xırdalan,abseron,,,,,18.3,False,,58000
6364981,https://bina.az/items/6364981,menziller/kohne-tikili,m²,60.0,,2.0,9.0,9.0,True,True,False,17,Bakı,suraxani,yeni-gunesli,1.0,False,True,30.0,False,True,130000
6281695,https://bina.az/items/6281695,menziller/kohne-tikili,m²,80.0,,3.0,8.0,9.0,True,True,True,12,Bakı,genclik,,0.8888888888888888,False,False,26.666666666666668,False,,245000
6364984,https://bina.az/items/6364984,menziller/yeni-tikili,m²,41.0,,1.0,2.0,9.0,True,True,False,5,Xırdalan,,,0.2222222222222222,False,False,41.0,False,True,90000
6364985,https://bina.az/items/6364985,menziller/yeni-tikili,m²,88.0,,3.0,4.0,16.0,True,True,False,14,Bakı,28-may,,0.25,False,False,29.333333333333332,False,,345000
5960807,https://bina.az/items/5960807,menziller/kohne-tikili,m²,82.0,,3.0,4.0,9.0,True,True,True,10,Bakı,8-noyabr,,0.4444444444444444,False,False,27.333333333333332,False,,245000
6364989,https://bina.az/items/6364989,menziller/yeni-tikili,m²,76.0,,2.0,3.0,17.0,True,False,False,12,Bakı,xetai,,0.17647058823529413,False,False,38.0,False,,150000
6364990,https://bina.az/items/6364990,menziller/kohne-tikili,m²,55.0,,2.0,1.0,5.0,True,True,False,13,Bakı,memar-ecemi,,0.2,True,False,27.5,False,,141000
5730296,https://bina.az/items/5730296,menziller/kohne-tikili,m²,87.0,,4.0,7.0,9.0,True,True,True,13,Bakı,azadliq-prospekti,,0.7777777777777778,False,False,21.75,False,,238000
6364992,https://bina.az/items/6364992,menziller/yeni-tikili,m²,105.0,,3.0,2.0,20.0,True,True,True,12,Bakı,20-yanvar,,0.1,False,False,35.0,False,,310000
6134869,https://bina.az/items/6134869,menziller/kohne-tikili,m²,61.0,,2.0,6.0,9.0,True,True,True,12,Bakı,nerimanov,,0.6666666666666666,False,False,30.5,False,,225000
6364993,https://bina.az/items/6364993,heyet-evleri,m²,165.0,6.0,4.0,,,True,True,False,24,Bakı,xezer,merdekan,,,,41.25,False,,429000
6193667,https://bina.az/items/6193667,menziller/yeni-tikili,m²,55.8,,2.0,14.0,17.0,True,False,False,10,Bakı,xetai,,0.8235294117647058,False,False,27.9,False,,149000
6364996,https://bina.az/items/6364996,menziller/yeni-tikili,m²,96.0,,3.0,1.0,21.0,False,True,True,15,Bakı,xetai,hezi-aslanov-qesebesi,0.047619047619047616,True,False,32.0,False,,240000
6133923,https://bina.az/items/6133923,menziller/kohne-tikili,m²,80.0,,3.0,4.0,9.0,True,True,True,14,Bakı,neriman-nerimanov,,0.4444444444444444,False,False,26.666666666666668,False,,270000
6219068,https://bina.az/items/6219068,menziller/yeni-tikili,m²,126.0,,3.0,13.0,19.0,True,True,True,21,Bakı,xetai,hezi-aslanov-qesebesi,0.6842105263157895,False,False,42.0,True,True,315000
6365000,https://bina.az/items/6365000,menziller/yeni-tikili,m²,51.0,,2.0,1.0,6.0,True,True,False,19,Bakı,abseron,masazir,0.16666666666666666,True,False,25.5,False,,86000
5698177,https://bina.az/items/5698177,menziller/yeni-tikili,m²,80.0,,2.0,15.0,20.0,True,True,False,12,Bakı,xetai,ehmedli-qesebesi,0.75,False,False,40.0,False,,228000
6365009,https://bina.az/items/6365009,menziller/kohne-tikili,m²,90.0,,3.0,3.0,4.0,True,True,False,14,Bakı,sahil,,0.75,False,False,30.0,False,,345000
6365010,https://bina.az/items/6365010,heyet-evleri,m²,200.0,2.0,5.0,,,,True,False,20,Bakı,abseron,mehdiabad,,,,40.0,False,,136000
5433658,https://bina.az/items/5433658,heyet-evleri,m²,500.0,3.0,7.0,,,True,True,True,28,Bakı,genclik,,,,,71.42857142857143,False,,1200000
6023783,https://bina.az/items/6023783,heyet-evleri,m²,420.0,7.0,8.0,,,False,False,False,13,Bakı,yasamal,yasamal-qesebesi,,,,52.5,False,,1900000
6365013,https://bina.az/items/6365013,menziller/kohne-tikili,m²,70.0,,3.0,3.0,5.0,True,True,False,6,Bakı,bineqedi,,0.6,False,False,23.333333333333332,False,,138000
6120435,https://bina.az/items/6120435,heyet-evleri,m²,380.0,12.0,5.0,,,True,False,False,10,Bakı,nesimi-metrosu,,,,,76.0,False,,700000
6365016,https://bina.az/items/6365016,menziller/yeni-tikili,m²,172.0,,4.0,13.0,15.0,True,True,True,13,Bakı,bineqedi,8-ci-mikrorayon,0.8666666666666667,False,False,43.0,False,,385000
6365020,https://bina.az/items/6365020,menziller/yeni-tikili,m²,82.0,,2.0,12.0,17.0,False,True,True,5,Bakı,ehmedli,,0.7058823529411765,False,False,41.0,False,,178000
6365021,https://bina.az/items/6365021,menziller/yeni-tikili,m²,51.0,,2.0,3.0,11.0,True,True,False,8,Bakı,suraxani,,0.2727272727272727,False,False,25.5,False,,125000
6349937,https://bina.az/items/6349937,menziller/yeni-tikili,m²,139.0,,3.0,8.0,15.0,False,True,False,10,Bakı,xetai,,0.5333333333333333,False,False,46.333333333333336,False,,275000
6365028,https://bina.az/items/6365028,menziller/yeni-tikili,m²,105.0,,3.0,8.0,16.0,False,True,True,5,Bakı,ehmedli,,0.5,False,False,35.0,False,,228000
6365029,https://bina.az/items/6365029,heyet-evleri,m²,51.0,3.0,2.0,,,False,True,False,8,Lənkəran,,,,,,25.5,False,,27000
6365031,https://bina.az/items/6365031,heyet-evleri,m²,270.0,4.0,10.0,,,True,True,False,28,Bakı,qara-qarayev,,,,,27.0,False,,500000
6365027,https://bina.az/items/6365027,torpaq,sot,30.0,,,,,,True,False,4,Quba,,,,,,,False,,600000
6365026,https://bina.az/items/6365026,torpaq,sot,3.0,,,,,,True,True,4,Bakı,abseron,mammadli,,,,,False,,44000
6276252,https://bina.az/items/6276252,menziller/yeni-tikili,m²,74.0,,2.0,4.0,8.0,True,False,False,10,Bakı,sabuncu,nardaran,0.5,False,False,37.0,False,True,525000
6307706,https://bina.az/items/6307706,menziller/kohne-tikili,m²,40.0,,2.0,4.0,5.0,True,True,False,7,Bakı,qara-qarayev,,0.8,False,False,20.0,False,True,120000
6106050,https://bina.az/items/6106050,menziller/kohne-tikili,m²,40.0,,1.0,3.0,4.0,True,True,False,6,Bakı,neriman-nerimanov,,0.75,False,False,40.0,False,,130000
6365039,https://bina.az/items/6365039,menziller/yeni-tikili,m²,128.0,,4.0,7.0,20.0,True,True,True,13,Bakı,bakmil,,0.35,False,False,32.0,False,,445000
6365040,https://bina.az/items/6365040,menziller/yeni-tikili,m²,143.0,,3.0,16.0,16.0,True,True,False,25,Bakı,neftciler,,1.0,False,True,47.666666666666664,False,True,500000
6365042,https://bina.az/items/6365042,ofisler,m²,79.0,,2.0,,,True,True,False,9,Bakı,sah-ismayil-xetai,,,,,39.5,False,,410000
6365043,https://bina.az/items/6365043,torpaq,sot,100.0,,,,,,True,False,12,Xaçmaz,xachmaz,,,,,,False,,80000
6350929,https://bina.az/items/6350929,obyektler,m²,205.0,,,,,True,True,True,6,Bakı,genclik,,,,,,True,,1400000
6280668,https://bina.az/items/6280668,menziller/yeni-tikili,m²,129.0,,3.0,2.0,7.0,True,True,False,10,Bakı,xetai,ag-sheher,0.2857142857142857,False,False,43.0,False,,555000
6216891,https://bina.az/items/6216891,obyektler,m²,160.0,,,,,True,True,False,30,Bakı,sahil,,,,,,False,,560000
6281908,https://bina.az/items/6281908,menziller/yeni-tikili,m²,155.0,,4.0,7.0,20.0,False,True,True,11,Bakı,hezi-aslanov,,0.35,False,False,38.75,False,,305000
6365057,https://bina.az/items/6365057,menziller/yeni-tikili,m²,31.2,,1.0,10.0,18.0,True,False,False,14,Xırdalan,,,0.5555555555555556,False,False,31.2,False,,59500
6362254,https://bina.az/items/6362254,menziller/yeni-tikili,m²,65.0,,2.0,5.0,13.0,True,True,True,9,Xırdalan,,,0.38461538461538464,False,False,32.5,False,,129000
6305013,https://bina.az/items/6305013,menziller/yeni-tikili,m²,64.0,,2.0,10.0,16.0,True,True,True,7,Xırdalan,abseron,,0.625,False,False,32.0,False,,129000
6282045,https://bina.az/items/6282045,menziller/yeni-tikili,m²,500.0,,5.0,17.0,18.0,True,True,True,27,Bakı,hezi-aslanov,,0.9444444444444444,False,False,100.0,False,,399000
6362599,https://bina.az/items/6362599,torpaq,sot,66.0,,,,,,True,False,4,Qəbələ,,,,,,,False,,165000
6365061,https://bina.az/items/6365061,menziller/yeni-tikili,m²,51.0,,2.0,1.0,6.0,True,True,False,18,Bakı,abseron,masazir,0.16666666666666666,True,False,25.5,False,,86000
6365065,https://bina.az/items/6365065,heyet-evleri,m²,240.0,1.5,7.0,,,True,True,False,14,Bakı,elmler-akademiyasi,,,,,34.285714285714285,False,,350000
6365066,https://bina.az/items/6365066,heyet-evleri,m²,170.0,2.5,4.0,,,True,True,False,13,Bakı,xezer,merdekan,,,,42.5,False,,285000
3884296,https://bina.az/items/3884296,heyet-evleri,m²,462.0,7.6,7.0,,,True,True,True,30,Bakı,sabuncu,bakixanov,,,,66.0,False,,885000
6360597,https://bina.az/items/6360597,heyet-evleri,m²,120.0,1.5,4.0,,,True,True,True,13,Xırdalan,,,,,,30.0,False,,98000
5883014,https://bina.az/items/5883014,menziller/yeni-tikili,m²,130.0,,3.0,14.0,18.0,False,False,False,11,Bakı,qaradag,lokbatan,0.7777777777777778,False,False,43.333333333333336,False,,139000
6365074,https://bina.az/items/6365074,menziller/yeni-tikili,m²,51.0,,2.0,3.0,11.0,True,True,False,8,Bakı,suraxani,,0.2727272727272727,False,False,25.5,False,True,125000
5970155,https://bina.az/items/5970155,menziller/yeni-tikili,m²,56.0,,2.0,2.0,16.0,True,False,False,9,Bakı,neftciler,,0.125,False,False,28.0,False,,155000
6278779,https://bina.az/items/6278779,heyet-evleri,m²,450.0,4.8,7.0,,,False,True,True,19,Bakı,sebail,shixov,,,,64.28571428571429,False,,515000
6365077,https://bina.az/items/6365077,torpaq,sot,4200.0,,,,,,True,False,6,Ağdaş,,,,,,,False,,550000
6130950,https://bina.az/items/6130950,menziller/yeni-tikili,m²,120.0,,3.0,6.0,16.0,True,False,False,16,Bakı,28-may,,0.375,False,False,40.0,False,True,519000
5945507,https://bina.az/items/5945507,menziller/yeni-tikili,m²,45.0,,2.0,7.0,11.0,True,False,False,13,Bakı,nerimanov,,0.6363636363636364,False,False,22.5,False,True,173000
5226578,https://bina.az/items/5226578,menziller/yeni-tikili,m²,60.0,,2.0,17.0,18.0,True,True,False,15,Bakı,nerimanov,,0.9444444444444444,False,False,30.0,False,,225000
6362482,https://bina.az/items/6362482,menziller/yeni-tikili,m²,81.0,,2.0,5.0,10.0,True,True,True,8,Sumqayıt,,,0.5,False,False,40.5,False,,130000
4760180,https://bina.az/items/4760180,menziller/yeni-tikili,m²,124.0,,3.0,5.0,16.0,True,True,False,15,Bakı,nerimanov,,0.3125,False,False,41.333333333333336,False,True,420000
6365088,https://bina.az/items/6365088,menziller/yeni-tikili,m²,65.0,,3.0,5.0,9.0,True,True,True,13,Bakı,abseron,masazir,0.5555555555555556,False,False,21.666666666666668,False,,103000
6279138,https://bina.az/items/6279138,heyet-evleri,m²,22.0,16.0,2.0,,,False,True,False,6,Bakı,abseron,novxani,,,,11.0,False,,175000
6365091,https://bina.az/items/6365091,menziller/yeni-tikili,m²,94.0,,3.0,2.0,11.0,True,True,False,14,Bakı,suraxani,,0.18181818181818182,False,False,31.333333333333332,False,,185000
6362404,https://bina.az/items/6362404,torpaq,sot,5.0,,,,,,True,False,11,Bakı,xezer,bine,,,,,False,,13250
6365095,https://bina.az/items/6365095,heyet-evleri,m²,91.1,7.0,4.0,,,,True,False,4,Qazax,,,,,,22.775,False,,80000
6365097,https://bina.az/items/6365097,menziller/yeni-tikili,m²,94.0,,3.0,2.0,11.0,True,True,False,18,Bakı,suraxani,,0.18181818181818182,False,False,31.333333333333332,False,,185000
6365099,https://bina.az/items/6365099,heyet-evleri,m²,120.0,4.0,8.0,,,True,True,False,15,Bakı,sebail,bayil,,,,15.0,True,,280000
6365100,https://bina.az/items/6365100,menziller/kohne-tikili,m²,80.0,,3.0,8.0,9.0,True,True,False,17,Bakı,suraxani,yeni-gunesli,0.8888888888888888,False,False,26.666666666666668,False,,160000
6365107,https://bina.az/items/6365107,menziller/yeni-tikili,m²,119.0,,3.0,7.0,11.0,True,True,False,18,Bakı,suraxani,,0.6363636363636364,False,False,39.666666666666664,False,,220000
6363935,https://bina.az/items/6363935,menziller/kohne-tikili,m²,70.0,,2.0,7.0,9.0,True,True,True,10,Bakı,xetai,,0.7777777777777778,False,False,35.0,False,,155000
6365110,https://bina.az/items/6365110,menziller/kohne-tikili,m²,50.0,,2.0,4.0,5.0,True,True,False,7,Bakı,elmler-akademiyasi,,0.8,False,False,25.0,False,,140000
6363786,https://bina.az/items/6363786,heyet-evleri,m²,145.0,2.2,6.0,,,True,True,True,14,Bakı,xetai,,,,,24.166666666666668,False,,205000
6362458,https://bina.az/items/6362458,menziller/kohne-tikili,m²,43.0,,2.0,3.0,9.0,True,True,True,7,Bakı,memar-ecemi,,0.3333333333333333,False,False,21.5,False,,127000
6365114,https://bina.az/items/6365114,menziller/kohne-tikili,m²,98.0,,3.0,2.0,2.0,True,True,False,21,Bakı,sabuncu,sabuncu-qesebesi,1.0,False,True,32.666666666666664,False,,125000
6365119,https://bina.az/items/6365119,menziller/yeni-tikili,m²,119.0,,3.0,7.0,11.0,True,True,False,19,Bakı,suraxani,,0.6363636363636364,False,False,39.666666666666664,False,True,220000
6242904,https://bina.az/items/6242904,menziller/yeni-tikili,m²,55.0,,2.0,6.0,11.0,True,False,False,12,Bakı,suraxani,zig,0.5454545454545454,False,False,27.5,False,,112000
6365108,https://bina.az/items/6365108,menziller/yeni-tikili,m²,214.0,,4.0,7.0,18.0,True,True,True,30,Bakı,nesimi,,0.3888888888888889,False,False,53.5,False,,649900
6192915,https://bina.az/items/6192915,heyet-evleri,m²,200.0,11.0,3.0,,,True,True,True,30,Bakı,abseron,novxani,,,,66.66666666666667,False,,209000
6348448,https://bina.az/items/6348448,obyektler,m²,18.0,,,,,True,True,False,6,Bakı,insaatcilar,,,,,,False,,100000
6365123,https://bina.az/items/6365123,torpaq,sot,6.0,,,,,,True,False,5,Bakı,xezer,bine,,,,,False,,30000
6365124,https://bina.az/items/6365124,menziller/yeni-tikili,m²,80.0,,3.0,6.0,9.0,True,True,False,15,Bakı,suraxani,,0.6666666666666666,False,False,26.666666666666668,False,,160000
6121703,https://bina.az/items/6121703,heyet-evleri,m²,210.0,6.0,4.0,,,True,True,True,15,Bakı,abseron,novxani,,,,52.5,False,True,200000
6100901,https://bina.az/items/6100901,menziller/kohne-tikili,m²,65.0,,2.0,5.0,5.0,True,True,True,18,Xırdalan,abseron,,1.0,False,True,32.5,False,True,99000
5485303,https://bina.az/items/5485303,menziller/yeni-tikili,m²,77.0,,2.0,4.0,18.0,True,True,True,18,Xırdalan,,,0.2222222222222222,False,False,38.5,False,True,143000
5773919,https://bina.az/items/5773919,menziller/kohne-tikili,m²,120.0,,5.0,7.0,9.0,True,True,True,16,Bakı,qara-qarayev,,0.7777777777777778,False,False,24.0,False,,330000
6365134,https://bina.az/items/6365134,heyet-evleri,m²,260.0,12.0,7.0,,,True,True,True,30,Bakı,sabuncu,bilgeh,,,,37.142857142857146,False,,320000
6365137,https://bina.az/items/6365137,heyet-evleri,m²,70.0,1.5,2.0,,,True,False,False,12,Sumqayıt,,,,,,35.0,False,,45000
5976680,https://bina.az/items/5976680,menziller/yeni-tikili,m²,120.0,,3.0,6.0,18.0,True,True,False,30,Bakı,sah-ismayil-xetai,,0.3333333333333333,False,False,40.0,True,,450000
6365147,https://bina.az/items/6365147,menziller/kohne-tikili,m²,60.0,,2.0,9.0,9.0,True,True,False,9,Bakı,suraxani,gunesli,1.0,False,True,30.0,False,,130000
6365148,https://bina.az/items/6365148,heyet-evleri,m²,315.0,4.0,7.0,,,True,True,True,30,Bakı,abseron,novxani,,,,45.0,False,,149000
6365153,https://bina.az/items/6365153,menziller/kohne-tikili,m²,45.0,,1.0,4.0,9.0,True,True,False,8,Bakı,suraxani,yeni-gunesli,0.4444444444444444,False,False,45.0,False,,106000
6183692,https://bina.az/items/6183692,torpaq,sot,20.0,,,,,,True,False,6,Bakı,nizami,,,,,,False,,1100000
6203099,https://bina.az/items/6203099,menziller/yeni-tikili,m²,70.0,,2.0,14.0,20.0,True,True,True,10,Bakı,20-yanvar,,0.7,False,False,35.0,False,,230000
6365166,https://bina.az/items/6365166,menziller/kohne-tikili,m²,80.0,,3.0,4.0,9.0,True,True,True,19,Bakı,hezi-aslanov,,0.4444444444444444,False,False,26.666666666666668,False,,225000
6283073,https://bina.az/items/6283073,menziller/yeni-tikili,m²,120.0,,3.0,2.0,15.0,True,True,True,20,Bakı,hezi-aslanov,,0.13333333333333333,False,False,40.0,False,False,285000
6365169,https://bina.az/items/6365169,menziller/kohne-tikili,m²,45.0,,1.0,5.0,9.0,True,True,False,11,Bakı,suraxani,yeni-gunesli,0.5555555555555556,False,False,45.0,False,,107000
6365168,https://bina.az/items/6365168,menziller/yeni-tikili,m²,103.0,,3.0,10.0,19.0,True,True,True,13,Bakı,sabuncu,bakixanov,0.5263157894736842,False,False,34.333333333333336,False,True,162500
6292522,https://bina.az/items/6292522,menziller/yeni-tikili,m²,56.0,,2.0,7.0,16.0,True,True,False,12,Bakı,neriman-nerimanov,,0.4375,False,False,28.0,False,,230000
6353917,https://bina.az/items/6353917,menziller/yeni-tikili,m²,142.0,,3.0,10.0,17.0,True,True,False,15,Bakı,neriman-nerimanov,,0.5882352941176471,False,False,47.333333333333336,False,,515000
6275151,https://bina.az/items/6275151,menziller/yeni-tikili,m²,85.0,,3.0,10.0,17.0,True,False,False,15,Bakı,neriman-nerimanov,,0.5882352941176471,False,False,28.333333333333332,False,,331000
6365171,https://bina.az/items/6365171,menziller/yeni-tikili,m²,94.0,,3.0,1.0,19.0,True,True,False,10,Bakı,hezi-aslanov,,0.05263157894736842,True,False,31.333333333333332,False,True,215000
6043558,https://bina.az/items/6043558,menziller/yeni-tikili,m²,153.0,,5.0,10.0,17.0,True,True,False,10,Bakı,28-may,,0.5882352941176471,False,False,30.6,False,,485000
6360899,https://bina.az/items/6360899,menziller/yeni-tikili,m²,134.0,,3.0,8.0,17.0,True,True,True,9,Bakı,memar-ecemi,,0.47058823529411764,False,False,44.666666666666664,False,,296000
6365175,https://bina.az/items/6365175,menziller/kohne-tikili,m²,50.0,,2.0,4.0,5.0,True,True,False,15,Bakı,qara-qarayev,,0.8,False,False,25.0,False,,154000
6365172,https://bina.az/items/6365172,heyet-evleri,m²,160.0,2.0,4.0,,,True,True,True,19,Bakı,abseron,masazir,,,,40.0,False,,145000
6365177,https://bina.az/items/6365177,menziller/yeni-tikili,m²,57.7,,2.0,7.0,9.0,True,True,False,8,Bakı,suraxani,hovsan,0.7777777777777778,False,False,28.85,False,,110000
6365187,https://bina.az/items/6365187,menziller/kohne-tikili,m²,100.0,,5.0,4.0,9.0,True,True,True,23,Bakı,xalqlar-dostlugu,,0.4444444444444444,False,False,20.0,False,,260000
6365190,https://bina.az/items/6365190,menziller/kohne-tikili,m²,45.0,,1.0,4.0,9.0,True,True,False,9,Bakı,suraxani,,0.4444444444444444,False,False,45.0,False,,106000
6365193,https://bina.az/items/6365193,heyet-evleri,m²,100.0,1.8,3.0,,,True,False,False,8,Bakı,bineqedi,bileceri,,,,33.333333333333336,False,,115000
6365194,https://bina.az/items/6365194,torpaq,sot,10.0,,,,,,True,False,3,Xaçmaz,nabran,,,,,,False,,70000
6365195,https://bina.az/items/6365195,menziller/yeni-tikili,m²,102.5,,3.0,3.0,14.0,True,True,True,12,Bakı,xetai,ehmedli-qesebesi,0.21428571428571427,False,False,34.166666666666664,False,,249000
6365192,https://bina.az/items/6365192,menziller/kohne-tikili,m²,80.0,,2.0,2.0,2.0,True,True,False,30,Bakı,sebail,bayil,1.0,False,True,40.0,False,,178000
6365198,https://bina.az/items/6365198,heyet-evleri,m²,158.0,5.5,5.0,,,True,True,True,11,Bakı,abseron,novxani,,,,31.6,False,True,159000
6365200,https://bina.az/items/6365200,menziller/yeni-tikili,m²,157.7,,4.0,4.0,19.0,True,True,True,24,Bakı,nizami-metrosu,,0.21052631578947367,False,False,39.425,False,,493000
6365202,https://bina.az/items/6365202,menziller/kohne-tikili,m²,60.0,,2.0,9.0,9.0,True,True,True,10,Bakı,suraxani,yeni-gunesli,1.0,False,True,30.0,False,,132000
6119659,https://bina.az/items/6119659,menziller/yeni-tikili,m²,52.0,,2.0,3.0,15.0,True,True,False,14,Bakı,hezi-aslanov,,0.2,False,False,26.0,True,,175000
6365205,https://bina.az/items/6365205,heyet-evleri,m²,99.0,2.4,3.0,,,True,True,True,22,Bakı,abseron,ceyranbatan,,,,33.0,False,,110000
5867738,https://bina.az/items/5867738,menziller/yeni-tikili,m²,60.0,,2.0,9.0,15.0,True,False,False,16,Bakı,qara-qarayev,,0.6,False,False,30.0,False,True,198000
6365208,https://bina.az/items/6365208,menziller/kohne-tikili,m²,65.0,,3.0,3.0,5.0,True,True,False,12,Bakı,neriman-nerimanov,,0.6,False,False,21.666666666666668,False,,192000
6365206,https://bina.az/items/6365206,heyet-evleri,m²,158.0,4.0,6.0,,,False,True,False,25,Şamaxı,,,,,,26.333333333333332,False,,45000
6365209,https://bina.az/items/6365209,heyet-evleri,m²,300.0,32.0,6.0,,,True,True,True,30,Bakı,abseron,novxani,,,,50.0,False,,459000
6117134,https://bina.az/items/6117134,menziller/yeni-tikili,m²,93.0,,3.0,9.0,15.0,True,True,True,16,Bakı,nesimi,,0.6,False,False,31.0,False,,370000
6282973,https://bina.az/items/6282973,menziller/yeni-tikili,m²,110.0,,3.0,9.0,27.0,True,True,True,13,Bakı,8-noyabr,,0.3333333333333333,False,False,36.666666666666664,True,,418000
6365212,https://bina.az/items/6365212,menziller/yeni-tikili,m²,108.0,,3.0,4.0,15.0,True,False,False,18,Bakı,28-may,,0.26666666666666666,False,False,36.0,False,True,420000
6111984,https://bina.az/items/6111984,menziller/yeni-tikili,m²,58.0,,2.0,10.0,16.0,True,False,False,15,Bakı,28-may,,0.625,False,False,29.0,False,,240000
6156173,https://bina.az/items/6156173,menziller/yeni-tikili,m²,105.0,,3.0,12.0,14.0,True,True,False,10,Bakı,xalqlar-dostlugu,,0.8571428571428571,False,False,35.0,False,,257000
6365216,https://bina.az/items/6365216,menziller/kohne-tikili,m²,45.0,,1.0,5.0,9.0,True,True,False,7,Bakı,suraxani,,0.5555555555555556,False,False,45.0,False,,107000
6365217,https://bina.az/items/6365217,menziller/kohne-tikili,m²,78.0,,3.0,2.0,5.0,True,True,False,9,Sumqayıt,,,0.4,False,False,26.0,False,,131900
6365226,https://bina.az/items/6365226,menziller/kohne-tikili,m²,40.0,,1.0,2.0,4.0,True,False,False,20,Xırdalan,abseron,,0.5,False,False,40.0,False,,79000
6362538,https://bina.az/items/6362538,torpaq,sot,150.0,,,,,,False,False,1,Xudat,,,,,,,False,,20000
6365227,https://bina.az/items/6365227,menziller/yeni-tikili,m²,63.0,,2.0,14.0,16.0,True,False,False,20,Bakı,neriman-nerimanov,,0.875,False,False,31.5,False,True,268000
6200880,https://bina.az/items/6200880,menziller/yeni-tikili,m²,152.0,,3.0,8.0,19.0,True,True,False,15,Bakı,elmler-akademiyasi,,0.42105263157894735,False,False,50.666666666666664,True,True,600000
6365224,https://bina.az/items/6365224,menziller/kohne-tikili,m²,60.0,,2.0,1.0,5.0,True,False,False,8,Bakı,abseron,mammadli,0.2,True,False,30.0,False,,80000
6365229,https://bina.az/items/6365229,heyet-evleri,m²,120.0,2.0,4.0,,,True,True,True,11,Bakı,sabuncu,savalan,,,,30.0,False,,129000
6365228,https://bina.az/items/6365228,menziller/yeni-tikili,m²,70.0,,3.0,2.0,15.0,True,True,False,12,Bakı,suraxani,yeni-gunesli,0.13333333333333333,False,False,23.333333333333332,False,True,165000
6362529,https://bina.az/items/6362529,heyet-evleri,m²,100.0,1.7,4.0,,,True,False,False,16,Bakı,xezer,bine,,,,25.0,False,,78000
6365239,https://bina.az/items/6365239,torpaq,sot,5.7,,,,,,True,False,3,Bakı,xezer,buzovna,,,,,False,,150000
6365231,https://bina.az/items/6365231,heyet-evleri,m²,70.0,0.8,3.0,,,True,False,False,14,Bakı,xetai,nzs,,,,23.333333333333332,False,,110000
6365244,https://bina.az/items/6365244,menziller/kohne-tikili,m²,110.0,,5.0,4.0,9.0,True,True,True,20,Bakı,xalqlar-dostlugu,,0.4444444444444444,False,False,22.0,False,,270000
6252984,https://bina.az/items/6252984,torpaq,sot,40.0,,,,,,True,True,4,Qəbələ,,,,,,,False,,280000
6365248,https://bina.az/items/6365248,torpaq,sot,7.0,,,,,,True,False,5,Bakı,abseron,fatmayi,,,,,False,,90000
6365249,https://bina.az/items/6365249,menziller/kohne-tikili,m²,100.0,,4.0,3.0,5.0,True,True,False,20,Bakı,abseron,pirallahi,0.6,False,False,25.0,False,,128000
6170349,https://bina.az/items/6170349,torpaq,sot,6.0,,,,,,True,True,6,Qəbələ,,,,,,,False,,11000
6365253,https://bina.az/items/6365253,torpaq,sot,2.5,,,,,,True,False,3,Bakı,abseron,novxani,,,,,False,,36200
6362250,https://bina.az/items/6362250,menziller/kohne-tikili,m²,25.0,,1.0,2.0,2.0,True,True,False,10,Bakı,sebail,shixov,1.0,False,True,25.0,False,,98000
6365180,https://bina.az/items/6365180,menziller/kohne-tikili,m²,65.0,,3.0,2.0,2.0,True,True,False,6,Bakı,xetai,nzs,1.0,False,True,21.666666666666668,False,,130000
6365261,https://bina.az/items/6365261,menziller/yeni-tikili,m²,65.0,,2.0,7.0,14.0,True,False,False,10,Bakı,8-noyabr,,0.5,False,False,32.5,False,,209000
6365262,https://bina.az/items/6365262,heyet-evleri,m²,90.0,2.0,3.0,,,True,True,True,7,Bakı,abseron,mammadli,,,,30.0,False,,74000
6365265,https://bina.az/items/6365265,heyet-evleri,m²,500.0,18.5,8.0,,,True,True,True,28,Bakı,abseron,novxani,,,,62.5,False,True,220000
6365266,https://bina.az/items/6365266,heyet-evleri,m²,110.0,3.0,4.0,,,True,True,False,8,Xırdalan,,,,,,27.5,False,,122000
6365267,https://bina.az/items/6365267,menziller/kohne-tikili,m²,40.0,,2.0,4.0,5.0,True,True,False,9,Bakı,neriman-nerimanov,,0.8,False,False,20.0,False,,118000
6365271,https://bina.az/items/6365271,heyet-evleri,m²,70.0,1.5,3.0,,,True,True,True,6,Bakı,abseron,mammadli,,,,23.333333333333332,False,,65000
6365273,https://bina.az/items/6365273,torpaq,sot,12.0,,,,,,True,False,8,Bakı,abseron,novxani,,,,,False,,300000
6365270,https://bina.az/items/6365270,torpaq,sot,12.0,,,,,,True,False,6,Bakı,sabuncu,kurdexani,,,,,False,,400000
6246339,https://bina.az/items/6246339,menziller/yeni-tikili,m²,76.3,,2.0,10.0,12.0,False,False,False,7,Bakı,8-noyabr,,0.8333333333333334,False,False,38.15,False,,225000
6365278,https://bina.az/items/6365278,heyet-evleri,m²,90.0,1.8,3.0,,,True,True,True,9,Bakı,abseron,mammadli,,,,30.0,False,,80000
6173826,https://bina.az/items/6173826,menziller/yeni-tikili,m²,141.0,,4.0,3.0,20.0,True,False,False,16,Bakı,nerimanov,,0.15,False,False,35.25,False,True,455000
6365282,https://bina.az/items/6365282,menziller/kohne-tikili,m²,75.0,,3.0,7.0,9.0,False,True,True,15,Bakı,neriman-nerimanov,,0.7777777777777778,False,False,25.0,False,,235000
6365286,https://bina.az/items/6365286,heyet-evleri,m²,90.0,1.5,3.0,,,True,True,True,7,Bakı,abseron,mammadli,,,,30.0,True,,75000
6279776,https://bina.az/items/6279776,menziller/yeni-tikili,m²,88.0,,3.0,13.0,18.0,True,True,False,11,Bakı,hezi-aslanov,,0.7222222222222222,False,False,29.333333333333332,False,True,195000
6261848,https://bina.az/items/6261848,menziller/yeni-tikili,m²,125.0,,3.0,7.0,14.0,True,True,False,16,Bakı,sebail,badamdar,0.5,False,False,41.666666666666664,False,True,330000
6271766,https://bina.az/items/6271766,menziller/yeni-tikili,m²,62.0,,2.0,15.0,16.0,True,True,False,16,Bakı,neftciler,,0.9375,False,False,31.0,False,True,225000
6282235,https://bina.az/items/6282235,heyet-evleri,m²,200.0,3.0,6.0,,,True,True,True,16,Bakı,abseron,mammadli,,,,33.333333333333336,False,,180000
6282233,https://bina.az/items/6282233,heyet-evleri,m²,100.0,2.0,3.0,,,True,True,True,10,Bakı,abseron,mammadli,,,,33.333333333333336,False,,105000
6282231,https://bina.az/items/6282231,heyet-evleri,m²,100.0,1.7,4.0,,,True,True,True,12,Bakı,sabuncu,savalan,,,,25.0,False,,119000
6279063,https://bina.az/items/6279063,heyet-evleri,m²,200.0,3.0,5.0,,,True,True,True,16,Bakı,xezer,buzovna,,,,40.0,False,,195000
6163537,https://bina.az/items/6163537,menziller/yeni-tikili,m²,60.0,,2.0,2.0,17.0,True,True,False,11,Bakı,hezi-aslanov,,0.11764705882352941,False,False,30.0,False,,158000
6365291,https://bina.az/items/6365291,menziller/yeni-tikili,m²,75.0,,2.0,18.0,19.0,True,True,True,9,Bakı,neftciler,,0.9473684210526315,False,False,37.5,False,True,179000
6365295,https://bina.az/items/6365295,heyet-evleri,m²,55.0,1.3,2.0,,,True,True,True,6,Bakı,abseron,mammadli,,,,27.5,False,,57000
6230158,https://bina.az/items/6230158,heyet-evleri,m²,100.0,2.0,4.0,,,True,True,True,9,Bakı,abseron,mammadli,,,,25.0,False,,105000
6183981,https://bina.az/items/6183981,heyet-evleri,m²,140.0,5.0,4.0,,,True,True,True,21,Bakı,suraxani,qaracuxur,,,,35.0,False,,185000
6365298,https://bina.az/items/6365298,heyet-evleri,m²,70.0,1.0,3.0,,,False,False,False,4,Bakı,bineqedi,m-e-resulzade,,,,23.333333333333332,False,,70000
6276349,https://bina.az/items/6276349,heyet-evleri,m²,100.0,2.2,4.0,,,True,True,True,11,Bakı,sabuncu,zabrat,,,,25.0,False,,120000
6219825,https://bina.az/items/6219825,menziller/yeni-tikili,m²,155.0,,4.0,7.0,20.0,False,True,True,14,Bakı,hezi-aslanov,,0.35,False,False,38.75,False,,305000
6365301,https://bina.az/items/6365301,torpaq,sot,5.0,,,,,,True,False,8,İsmayıllı,,,,,,,False,,25000
6365302,https://bina.az/items/6365302,heyet-evleri,m²,100.0,2.0,4.0,,,True,True,True,9,Bakı,abseron,mammadli,,,,25.0,False,,105000
6365304,https://bina.az/items/6365304,menziller/yeni-tikili,m²,110.0,,2.0,9.0,16.0,True,True,False,12,Bakı,nerimanov,,0.5625,False,False,55.0,False,,255000
6365307,https://bina.az/items/6365307,heyet-evleri,m²,90.0,1.5,3.0,,,True,True,True,8,Bakı,abseron,mammadli,,,,30.0,False,,80000
6365308,https://bina.az/items/6365308,menziller/kohne-tikili,m²,80.0,,3.0,3.0,9.0,True,True,True,13,Bakı,xetai,hezi-aslanov-qesebesi,0.3333333333333333,False,False,26.666666666666668,False,,190000
5649704,https://bina.az/items/5649704,heyet-evleri,m²,260.0,11.0,2.0,,,True,True,True,30,Bakı,xezer,merdekan,,,,130.0,True,True,920000
6365310,https://bina.az/items/6365310,menziller/yeni-tikili,m²,48.0,,2.0,3.0,6.0,True,False,False,8,Bakı,abseron,masazir,0.5,False,False,24.0,False,,83000
6365309,https://bina.az/items/6365309,menziller/yeni-tikili,m²,95.0,,3.0,10.0,12.0,True,True,True,13,Bakı,insaatcilar,,0.8333333333333334,False,False,31.666666666666668,False,,198000
6112286,https://bina.az/items/6112286,menziller/yeni-tikili,m²,52.0,,2.0,17.0,18.0,True,False,False,18,Bakı,28-may,,0.9444444444444444,False,False,26.0,False,,225000
6365311,https://bina.az/items/6365311,menziller/kohne-tikili,m²,40.0,,2.0,6.0,9.0,True,True,False,6,Bakı,xetai,hezi-aslanov-qesebesi,0.6666666666666666,False,False,20.0,False,,87000
6365313,https://bina.az/items/6365313,menziller/yeni-tikili,m²,140.0,,3.0,13.0,14.0,True,True,True,13,Bakı,ehmedli,,0.9285714285714286,False,False,46.666666666666664,False,True,250000
6365315,https://bina.az/items/6365315,menziller/yeni-tikili,m²,95.0,,2.0,10.0,19.0,True,True,True,13,Bakı,ehmedli,,0.5263157894736842,False,False,47.5,False,True,195000
6365316,https://bina.az/items/6365316,heyet-evleri,m²,90.0,2.0,3.0,,,True,True,True,7,Bakı,abseron,mammadli,,,,30.0,False,,88000
6365319,https://bina.az/items/6365319,torpaq,sot,3.0,,,,,,False,False,1,Bakı,sabuncu,pirsagi,,,,,False,,13500
6365322,https://bina.az/items/6365322,torpaq,sot,63.0,,,,,,True,False,4,Tovuz,,,,,,,False,,10000
6365324,https://bina.az/items/6365324,menziller/yeni-tikili,m²,82.0,,3.0,3.0,8.0,True,True,True,10,Xırdalan,,,0.375,False,False,27.333333333333332,False,True,151000
6365325,https://bina.az/items/6365325,menziller/yeni-tikili,m²,92.0,,4.0,11.0,17.0,True,True,False,22,Bakı,hezi-aslanov,,0.6470588235294118,False,False,23.0,False,True,255000
6365335,https://bina.az/items/6365335,heyet-evleri,m²,300.0,4.0,7.0,,,True,True,False,12,Quba,,,,,,42.857142857142854,False,,183000
6363743,https://bina.az/items/6363743,menziller/yeni-tikili,m²,148.0,,3.0,10.0,16.0,False,False,False,16,Xırdalan,,,0.625,False,False,49.333333333333336,False,,192000
6135550,https://bina.az/items/6135550,menziller/yeni-tikili,m²,120.6,,3.0,4.0,17.0,False,True,False,8,Bakı,genclik,,0.23529411764705882,False,False,40.199999999999996,False,,360000
6365340,https://bina.az/items/6365340,menziller/yeni-tikili,m²,77.0,,2.0,8.0,17.0,True,False,False,17,Bakı,sebail,badamdar,0.47058823529411764,False,False,38.5,False,,215000
6365338,https://bina.az/items/6365338,torpaq,sot,3.0,,,,,,True,False,10,Bakı,sebail,badamdar,,,,,False,,120000
6009412,https://bina.az/items/6009412,heyet-evleri,m²,160.0,31.0,4.0,,,True,True,False,13,Bakı,sabuncu,nardaran,,,,40.0,False,,490000
6365344,https://bina.az/items/6365344,torpaq,sot,8.0,,,,,,True,False,1,Bakı,abseron,qobu,,,,,False,,45000
6365346,https://bina.az/items/6365346,menziller/yeni-tikili,m²,55.0,,2.0,6.0,7.0,True,True,True,30,Bakı,abseron,masazir,0.8571428571428571,False,False,27.5,False,,118000
6365345,https://bina.az/items/6365345,heyet-evleri,m²,120.0,6.0,5.0,,,True,True,False,24,Bakı,sabuncu,nardaran,,,,24.0,False,,185000
6220573,https://bina.az/items/6220573,torpaq,sot,3.0,,,,,,True,False,4,Bakı,suraxani,yeni-suraxani,,,,,False,,11000
6365348,https://bina.az/items/6365348,menziller/kohne-tikili,m²,40.0,,2.0,5.0,5.0,True,True,False,14,Bakı,neftciler,,1.0,False,True,20.0,False,,114000
6365351,https://bina.az/items/6365351,heyet-evleri,m²,160.0,2.2,5.0,,,True,False,False,11,Bakı,bineqedi,bileceri,,,,32.0,False,,150000
6365352,https://bina.az/items/6365352,menziller/kohne-tikili,m²,55.0,,2.0,4.0,5.0,True,True,False,18,Bakı,bakmil,,0.8,False,False,27.5,False,True,190000
5634665,https://bina.az/items/5634665,menziller/yeni-tikili,m²,68.0,,2.0,15.0,18.0,True,True,True,10,Bakı,elmler-akademiyasi,,0.8333333333333334,False,False,34.0,False,,315000
6063704,https://bina.az/items/6063704,heyet-evleri,m²,270.0,3.0,4.0,,,True,True,False,24,Bakı,sebail,badamdar,,,,67.5,False,,465000
6365358,https://bina.az/items/6365358,menziller/yeni-tikili,m²,86.0,,2.0,3.0,6.0,True,True,True,13,Bakı,abseron,masazir,0.5,False,False,43.0,False,True,100000
6063813,https://bina.az/items/6063813,heyet-evleri,m²,240.0,3.5,5.0,,,True,True,False,27,Bakı,sebail,badamdar,,,,48.0,False,,495000
5837485,https://bina.az/items/5837485,heyet-evleri,m²,300.0,2.5,4.0,,,True,True,False,24,Bakı,sebail,badamdar,,,,75.0,False,,500000
6063857,https://bina.az/items/6063857,heyet-evleri,m²,510.0,3.5,6.0,,,True,True,False,27,Bakı,sebail,badamdar,,,,85.0,False,,700000
6365360,https://bina.az/items/6365360,menziller/kohne-tikili,m²,61.0,,3.0,1.0,5.0,True,True,False,11,Bakı,abseron,pirallahi,0.2,True,False,20.333333333333332,False,True,100000
6365361,https://bina.az/items/6365361,heyet-evleri,m²,120.0,2.0,7.0,,,True,False,False,13,Bakı,20-yanvar,,,,,17.142857142857142,False,,195000
6365365,https://bina.az/items/6365365,menziller/yeni-tikili,m²,84.0,,3.0,10.0,12.0,True,True,True,29,Bakı,abseron,masazir,0.8333333333333334,False,False,28.0,False,,177000
6267377,https://bina.az/items/6267377,torpaq,sot,25.0,,,,,,True,False,8,Bakı,sabuncu,nardaran,,,,,False,,700000
6267635,https://bina.az/items/6267635,heyet-evleri,m²,500.0,32.0,6.0,,,True,True,False,30,Bakı,xezer,merdekan,,,,83.33333333333333,False,True,2000000
6263065,https://bina.az/items/6263065,torpaq,sot,10.0,,,,,,True,False,5,Bakı,sabuncu,nardaran,,,,,False,,350000
6189980,https://bina.az/items/6189980,torpaq,sot,30.0,,,,,,True,False,24,Bakı,abseron,goredil,,,,,False,,260000
6189920,https://bina.az/items/6189920,torpaq,sot,20.0,,,,,,True,False,9,Bakı,sabuncu,nardaran,,,,,False,,650000
5407765,https://bina.az/items/5407765,torpaq,sot,7000.0,,,,,,True,False,13,Beyləqan,,,,,,,False,,1550000
5765107,https://bina.az/items/5765107,menziller/kohne-tikili,m²,240.0,,5.0,6.0,7.0,True,True,False,30,Bakı,sahil,,0.8571428571428571,False,False,48.0,False,True,800000
5967969,https://bina.az/items/5967969,heyet-evleri,m²,600.0,12.0,9.0,,,True,True,False,30,Bakı,abseron,novxani,,,,66.66666666666667,False,,795000
5751234,https://bina.az/items/5751234,menziller/yeni-tikili,m²,190.0,,4.0,7.0,17.0,True,True,False,30,Bakı,iceri-seher-metrosu,,0.4117647058823529,False,False,47.5,False,,650000
6365372,https://bina.az/items/6365372,torpaq,sot,7.0,,,,,,True,True,6,Bakı,xezer,bine,,,,,False,,185000
6201137,https://bina.az/items/6201137,obyektler,m²,61.0,,,,,True,True,False,8,Bakı,iceri-seher-metrosu,,,,,,False,,420000
6100478,https://bina.az/items/6100478,torpaq,sot,3.2,,,,,,True,True,4,Bakı,abseron,novxani,,,,,False,,39000
5971628,https://bina.az/items/5971628,torpaq,sot,5.5,,,,,,True,True,5,Bakı,abseron,goredil,,,,,False,,58000
6187434,https://bina.az/items/6187434,menziller/kohne-tikili,m²,115.0,,3.0,8.0,10.0,True,True,False,14,Bakı,insaatcilar,,0.8,False,False,38.333333333333336,False,,255000
5773848,https://bina.az/items/5773848,heyet-evleri,m²,245.0,12.0,6.0,,,True,True,False,25,Bakı,abseron,novxani,,,,40.833333333333336,False,,699999
5842948,https://bina.az/items/5842948,menziller/yeni-tikili,m²,82.0,,3.0,6.0,6.0,True,True,False,13,Bakı,abseron,masazir,1.0,False,True,27.333333333333332,False,,79500
6365374,https://bina.az/items/6365374,obyektler,m²,40.0,,,,,True,True,False,4,Bakı,elmler-akademiyasi,,,,,,False,,100000
6365375,https://bina.az/items/6365375,menziller/yeni-tikili,m²,75.0,,2.0,5.0,14.0,True,True,True,12,Bakı,azadliq-prospekti,,0.35714285714285715,False,False,37.5,False,,225000
6365376,https://bina.az/items/6365376,menziller/yeni-tikili,m²,135.0,,3.0,3.0,12.0,True,True,True,27,Bakı,insaatcilar,,0.25,False,False,45.0,False,,265000
6365383,https://bina.az/items/6365383,heyet-evleri,m²,57.0,1.0,2.0,,,True,False,False,19,Bakı,bineqedi,bileceri,,,,28.5,False,,58500
6365388,https://bina.az/items/6365388,menziller/kohne-tikili,m²,80.0,,3.0,3.0,6.0,False,True,True,18,Bakı,28-may,,0.5,False,False,26.666666666666668,False,,250000
6365389,https://bina.az/items/6365389,menziller/yeni-tikili,m²,70.0,,3.0,1.0,5.0,True,True,False,15,Bakı,abseron,masazir,0.2,True,False,23.333333333333332,False,,105000
6270881,https://bina.az/items/6270881,torpaq,sot,16.0,,,,,,True,False,2,Bakı,xezer,turken,,,,,False,,94000
6365391,https://bina.az/items/6365391,heyet-evleri,m²,200.0,3.5,7.0,,,True,True,False,17,Bakı,xetai,kohne-gunesli,,,,28.571428571428573,False,True,280000
6284375,https://bina.az/items/6284375,obyektler,m²,230.0,,,,,True,True,False,14,Bakı,hezi-aslanov,,,,,,False,,650000
6365392,https://bina.az/items/6365392,menziller/yeni-tikili,m²,90.0,,3.0,6.0,8.0,True,True,True,11,Bakı,neriman-nerimanov,,0.75,False,False,30.0,False,,335000
6169304,https://bina.az/items/6169304,menziller/kohne-tikili,m²,100.0,,3.0,2.0,2.0,True,True,False,12,Bakı,bineqedi,m-e-resulzade,1.0,False,True,33.333333333333336,False,,185000
5872580,https://bina.az/items/5872580,menziller/yeni-tikili,m²,54.0,,2.0,5.0,13.0,True,True,True,10,Bakı,azadliq-prospekti,,0.38461538461538464,False,False,27.0,False,True,145000
6284347,https://bina.az/items/6284347,heyet-evleri,m²,100.0,2.0,4.0,,,True,True,True,10,Bakı,abseron,mammadli,,,,25.0,False,,109000
5823198,https://bina.az/items/5823198,menziller/yeni-tikili,m²,121.0,,3.0,16.0,17.0,True,True,True,28,Bakı,azadliq-prospekti,,0.9411764705882353,False,False,40.333333333333336,False,,280000
4919297,https://bina.az/items/4919297,menziller/yeni-tikili,m²,105.0,,3.0,12.0,17.0,True,True,True,23,Bakı,bineqedi,m-e-resulzade,0.7058823529411765,False,False,35.0,False,True,237000
6054477,https://bina.az/items/6054477,menziller/yeni-tikili,m²,109.0,,3.0,8.0,16.0,True,True,True,21,Bakı,azadliq-prospekti,,0.5,False,False,36.333333333333336,False,,258000
6365399,https://bina.az/items/6365399,menziller/yeni-tikili,m²,132.0,,3.0,8.0,16.0,False,True,True,4,Bakı,genclik,,0.5,False,False,44.0,False,,470000
6365400,https://bina.az/items/6365400,menziller/kohne-tikili,m²,60.0,,2.0,5.0,9.0,True,True,False,14,Bakı,hezi-aslanov,,0.5555555555555556,False,False,30.0,False,True,189000
6365406,https://bina.az/items/6365406,heyet-evleri,m²,110.0,1.8,3.0,,,True,True,False,30,Bakı,abseron,masazir,,,,36.666666666666664,False,,115000
6365407,https://bina.az/items/6365407,menziller/yeni-tikili,m²,125.0,,3.0,4.0,14.0,True,True,True,19,Bakı,azadliq-prospekti,,0.2857142857142857,False,False,41.666666666666664,False,,365000
6365408,https://bina.az/items/6365408,heyet-evleri,m²,160.0,4.0,5.0,,,,False,False,12,Qəbələ,,,,,,32.0,False,,160000
6365411,https://bina.az/items/6365411,menziller/yeni-tikili,m²,167.0,,4.0,13.0,16.0,True,True,True,16,Bakı,nizami-metrosu,,0.8125,False,False,41.75,True,,790000
6193430,https://bina.az/items/6193430,menziller/kohne-tikili,m²,73.0,,3.0,8.0,9.0,True,True,False,28,Bakı,bineqedi,9-cu-mikrorayon,0.8888888888888888,False,False,24.333333333333332,False,,195000
5315905,https://bina.az/items/5315905,menziller/kohne-tikili,m²,118.0,,4.0,7.0,9.0,True,True,False,10,Bakı,azadliq-prospekti,,0.7777777777777778,False,False,29.5,False,,238000
5832122,https://bina.az/items/5832122,menziller/yeni-tikili,m²,57.0,,2.0,5.0,6.0,False,False,False,5,Bakı,abseron,masazir,0.8333333333333334,False,False,28.5,False,,57000
6365414,https://bina.az/items/6365414,heyet-evleri,m²,200.0,8.0,4.0,,,True,False,False,22,Bakı,xezer,merdekan,,,,50.0,False,,395000
6365415,https://bina.az/items/6365415,heyet-evleri,m²,34.0,0.3,2.0,,,False,False,False,10,Bakı,abseron,masazir,,,,17.0,False,,40000
6365305,https://bina.az/items/6365305,torpaq,sot,6.0,,,,,,False,False,3,Bakı,xezer,sagan,,,,,False,,220000
6365420,https://bina.az/items/6365420,menziller/kohne-tikili,m²,95.0,,4.0,1.0,5.0,True,True,False,11,Bakı,nesimi,,0.2,True,False,23.75,False,,250000
6365421,https://bina.az/items/6365421,heyet-evleri,m²,160.0,2.3,6.0,,,True,True,False,17,Bakı,abseron,mehdiabad,,,,26.666666666666668,False,,175000
6365423,https://bina.az/items/6365423,menziller/kohne-tikili,m²,60.0,,3.0,2.0,9.0,True,True,True,27,Bakı,insaatcilar,,0.2222222222222222,False,False,20.0,False,,188000
6365424,https://bina.az/items/6365424,menziller/yeni-tikili,m²,96.0,,3.0,7.0,16.0,True,True,False,14,Bakı,hezi-aslanov,,0.4375,False,False,32.0,False,,205000
6365431,https://bina.az/items/6365431,menziller/yeni-tikili,m²,150.0,,3.0,15.0,17.0,True,True,False,23,Bakı,yasamal,yeni-yasamal,0.8823529411764706,False,False,50.0,False,True,295000
6365436,https://bina.az/items/6365436,menziller/kohne-tikili,m²,72.0,,2.0,5.0,5.0,False,True,False,12,Bakı,neftciler,,1.0,False,True,36.0,False,,155000
6348405,https://bina.az/items/6348405,menziller/yeni-tikili,m²,85.0,,3.0,15.0,17.0,True,True,True,12,Xırdalan,,,0.8823529411764706,False,False,28.333333333333332,False,True,157000
6365438,https://bina.az/items/6365438,heyet-evleri,m²,155.0,3.0,4.0,,,True,True,True,17,Bakı,xezer,suvelan,,,,38.75,False,,265000
6276579,https://bina.az/items/6276579,torpaq,sot,8.0,,,,,,True,False,8,Şamaxı,,,,,,,False,,16000
5004693,https://bina.az/items/5004693,torpaq,sot,4.0,,,,,,True,False,16,Şamaxı,,,,,,,False,,10000
6160276,https://bina.az/items/6160276,torpaq,sot,367.0,,,,,,True,False,19,Şamaxı,,,,,,,False,,125000
6095654,https://bina.az/items/6095654,torpaq,sot,12.0,,,,,,True,False,8,Şamaxı,,,,,,,False,,24000
6365440,https://bina.az/items/6365440,menziller/kohne-tikili,m²,65.0,,2.0,5.0,9.0,True,True,False,11,Bakı,hezi-aslanov,,0.5555555555555556,False,False,32.5,False,,189000
6365441,https://bina.az/items/6365441,heyet-evleri,m²,170.0,2.5,5.0,,,True,True,True,20,Bakı,xezer,merdekan,,,,34.0,False,,285000
6365443,https://bina.az/items/6365443,heyet-evleri,m²,60.0,0.1,2.0,,,True,False,False,8,Bakı,20-yanvar,,,,,30.0,False,,84000
6365447,https://bina.az/items/6365447,torpaq,sot,100.0,,,,,,True,False,14,Şamaxı,,,,,,,False,,450000
5696827,https://bina.az/items/5696827,heyet-evleri,m²,280.0,6.0,8.0,,,True,True,False,30,Sumqayıt,,,,,,35.0,False,,250000
6274581,https://bina.az/items/6274581,menziller/kohne-tikili,m²,70.0,,2.0,6.0,12.0,True,True,True,14,Bakı,bineqedi,,0.5,False,False,35.0,False,,188000
6365452,https://bina.az/items/6365452,heyet-evleri,m²,57.0,1.4,3.0,,,True,True,False,11,Bakı,abseron,mammadli,,,,19.0,False,,83000
6282204,https://bina.az/items/6282204,menziller/yeni-tikili,m²,52.0,,2.0,4.0,10.0,True,True,False,20,Sumqayıt,,,0.4,False,False,26.0,False,,130000
6365466,https://bina.az/items/6365466,heyet-evleri,m²,190.0,4.0,4.0,,,True,True,False,17,Bakı,abseron,novxani,,,,47.5,False,,195000
6365468,https://bina.az/items/6365468,menziller/kohne-tikili,m²,45.0,,2.0,6.0,9.0,True,True,False,9,Bakı,hezi-aslanov,,0.6666666666666666,False,False,22.5,False,,85000
6365469,https://bina.az/items/6365469,menziller/kohne-tikili,m²,110.0,,4.0,9.0,9.0,True,True,True,15,Bakı,azadliq-prospekti,,1.0,False,True,27.5,False,,255000
6365472,https://bina.az/items/6365472,menziller/yeni-tikili,m²,95.0,,3.0,15.0,19.0,,True,True,19,Bakı,hezi-aslanov,,0.7894736842105263,False,False,31.666666666666668,False,,228000
6282740,https://bina.az/items/6282740,menziller/yeni-tikili,m²,120.0,,3.0,4.0,6.0,True,True,True,17,Bakı,abseron,masazir,0.6666666666666666,False,False,40.0,False,,160000
6117031,https://bina.az/items/6117031,menziller/yeni-tikili,m²,44.0,,2.0,3.0,6.0,True,False,False,8,Bakı,abseron,masazir,0.5,False,False,22.0,False,,72000
6273417,https://bina.az/items/6273417,menziller/kohne-tikili,m²,70.0,,3.0,3.0,5.0,True,True,False,18,Bakı,genclik,,0.6,False,False,23.333333333333332,False,True,192000
6365477,https://bina.az/items/6365477,menziller/yeni-tikili,m²,57.7,,2.0,6.0,16.0,True,False,False,28,Bakı,neriman-nerimanov,,0.375,False,False,28.85,False,True,295000
6365478,https://bina.az/items/6365478,heyet-evleri,m²,300.0,5.0,7.0,,,False,True,False,4,Bakı,abseron,hokmeli,,,,42.857142857142854,False,,70000
6365479,https://bina.az/items/6365479,menziller/kohne-tikili,m²,90.0,,3.0,9.0,9.0,True,True,True,10,Bakı,azadliq-prospekti,,1.0,False,True,30.0,False,,245000
5531430,https://bina.az/items/5531430,qarajlar,m²,42.3,,,,,,False,False,7,Bakı,nizami-metrosu,,,,,,False,,100000
6127528,https://bina.az/items/6127528,menziller/kohne-tikili,m²,33.0,,2.0,4.0,5.0,True,True,False,4,Bakı,elmler-akademiyasi,,0.8,False,False,16.5,False,,120000
6274637,https://bina.az/items/6274637,menziller/kohne-tikili,m²,65.0,,2.0,9.0,9.0,True,True,False,8,Bakı,yasamal,,1.0,False,True,32.5,False,,145000
6118970,https://bina.az/items/6118970,menziller/yeni-tikili,m²,146.0,,3.0,17.0,17.0,True,True,False,18,Bakı,elmler-akademiyasi,,1.0,False,True,48.666666666666664,False,,300000
6189059,https://bina.az/items/6189059,torpaq,sot,2.0,,,,,,True,False,4,Bakı,bineqedi,sulutepe,,,,,False,,60000
6282013,https://bina.az/items/6282013,torpaq,sot,14.0,,,,,,True,True,6,Bakı,xezer,merdekan,,,,,False,,700000
6281794,https://bina.az/items/6281794,heyet-evleri,m²,255.0,7.0,5.0,,,True,True,True,30,Bakı,xezer,merdekan,,,,51.0,True,,695000
5946120,https://bina.az/items/5946120,torpaq,sot,72.0,,,,,,True,False,6,Bakı,xezer,suvelan,,,,,False,,1152000
5743340,https://bina.az/items/5743340,menziller/yeni-tikili,m²,80.0,,2.0,5.0,16.0,True,True,False,6,Bakı,qara-qarayev,,0.3125,False,False,40.0,False,,245000
6310791,https://bina.az/items/6310791,menziller/yeni-tikili,m²,95.0,,3.0,11.0,16.0,True,True,False,17,Bakı,neftciler,,0.6875,False,False,31.666666666666668,False,,265999
6360635,https://bina.az/items/6360635,menziller/yeni-tikili,m²,65.0,,3.0,4.0,16.0,True,True,False,11,Bakı,qara-qarayev,,0.25,False,False,21.666666666666668,False,,204999
6025043,https://bina.az/items/6025043,heyet-evleri,m²,900.0,8.0,13.0,,,True,True,False,29,Bakı,qara-qarayev,,,,,69.23076923076923,False,,1500000
6276631,https://bina.az/items/6276631,menziller/yeni-tikili,m²,100.0,,3.0,4.0,16.0,True,True,False,30,Bakı,neftciler,,0.25,False,False,33.333333333333336,False,,254999
5723573,https://bina.az/items/5723573,torpaq,sot,28.0,,,,,,True,False,10,Bakı,qaradag,sengecal,,,,,True,,220000
5786178,https://bina.az/items/5786178,menziller/yeni-tikili,m²,114.0,,3.0,3.0,16.0,True,True,True,8,Bakı,memar-ecemi,,0.1875,False,False,38.0,False,True,300000
5837598,https://bina.az/items/5837598,heyet-evleri,m²,610.0,14.0,6.0,,,True,True,True,18,Bakı,xezer,merdekan,,,,101.66666666666667,False,,320000
6280532,https://bina.az/items/6280532,torpaq,sot,7.0,,,,,,True,False,6,Bakı,xezer,merdekan,,,,,False,,224000
6351532,https://bina.az/items/6351532,menziller/yeni-tikili,m²,45.0,,3.0,15.0,16.0,True,True,False,13,Bakı,qara-qarayev,,0.9375,False,False,15.0,False,,168999
5914276,https://bina.az/items/5914276,menziller/yeni-tikili,m²,40.0,,2.0,15.0,16.0,True,True,False,17,Bakı,qara-qarayev,,0.9375,False,False,20.0,False,,158000
6045741,https://bina.az/items/6045741,menziller/yeni-tikili,m²,67.0,,2.0,17.0,19.0,True,True,False,12,Bakı,xetai,,0.8947368421052632,False,False,33.5,False,,198999
5840666,https://bina.az/items/5840666,menziller/yeni-tikili,m²,80.0,,2.0,14.0,16.0,False,True,False,7,Bakı,neftciler,,0.875,False,False,40.0,False,,190000
5480231,https://bina.az/items/5480231,menziller/yeni-tikili,m²,147.0,,3.0,17.0,17.0,False,True,False,18,Bakı,elmler-akademiyasi,,1.0,False,True,49.0,False,,300000
5097338,https://bina.az/items/5097338,heyet-evleri,m²,360.0,6.0,5.0,,,True,True,False,23,Bakı,sabuncu,albaliliq,,,,72.0,False,,180000
5859826,https://bina.az/items/5859826,menziller/yeni-tikili,m²,55.0,,2.0,7.0,14.0,True,False,False,14,Bakı,28-may,,0.5,False,False,27.5,False,,220000
6187744,https://bina.az/items/6187744,menziller/yeni-tikili,m²,46.0,,2.0,11.0,17.0,True,False,False,13,Xırdalan,,,0.6470588235294118,False,False,23.0,False,,74000
5561862,https://bina.az/items/5561862,torpaq,sot,12.0,,,,,,True,False,5,Bakı,xezer,dubendi,,,,,False,,120000
5608209,https://bina.az/items/5608209,obyektler,m²,20.0,,,,,True,False,False,5,Bakı,genclik,,,,,,False,,85000
6200162,https://bina.az/items/6200162,menziller/yeni-tikili,m²,55.0,,2.0,8.0,16.0,True,True,True,24,Bakı,neriman-nerimanov,,0.5,False,False,27.5,False,,279000
6363182,https://bina.az/items/6363182,menziller/yeni-tikili,m²,135.0,,3.0,18.0,19.0,True,True,True,6,Bakı,genclik,,0.9473684210526315,False,False,45.0,False,,265000
6280987,https://bina.az/items/6280987,menziller/yeni-tikili,m²,65.0,,2.0,10.0,16.0,True,True,False,7,Bakı,qara-qarayev,,0.625,False,False,32.5,False,,214999
5920284,https://bina.az/items/5920284,menziller/yeni-tikili,m²,78.0,,2.0,7.0,16.0,True,True,False,30,Bakı,qara-qarayev,,0.4375,False,False,39.0,False,,249999
5762431,https://bina.az/items/5762431,menziller/yeni-tikili,m²,110.0,,3.0,13.0,17.0,True,True,False,11,Bakı,qara-qarayev,,0.7647058823529411,False,False,36.666666666666664,False,,287000
6362241,https://bina.az/items/6362241,menziller/kohne-tikili,m²,110.0,,4.0,3.0,5.0,True,True,True,19,Bakı,xalqlar-dostlugu,,0.6,False,False,27.5,False,,258000
6362897,https://bina.az/items/6362897,obyektler,m²,35.0,,,,,True,False,False,5,Bakı,sebail,badamdar,,,,,False,,70000
6363422,https://bina.az/items/6363422,heyet-evleri,m²,95.0,2.0,3.0,,,True,False,False,9,Bakı,xezer,bine,,,,31.666666666666668,False,,42500
6365220,https://bina.az/items/6365220,heyet-evleri,m²,70.0,1.5,3.0,,,True,True,True,10,Bakı,abseron,mammadli,,,,23.333333333333332,False,,80000
6254253,https://bina.az/items/6254253,menziller/kohne-tikili,m²,55.0,,2.0,4.0,5.0,True,True,False,9,Bakı,memar-ecemi,,0.8,False,False,27.5,False,,155000
6150088,https://bina.az/items/6150088,menziller/kohne-tikili,m²,65.0,,2.0,3.0,5.0,True,True,False,27,Bakı,memar-ecemi,,0.6,False,False,32.5,False,,150000
6278834,https://bina.az/items/6278834,menziller/yeni-tikili,m²,113.0,,3.0,4.0,14.0,True,True,True,14,Bakı,azadliq-prospekti,,0.2857142857142857,False,False,37.666666666666664,False,,355000
5031274,https://bina.az/items/5031274,torpaq,sot,3.0,,,,,,True,True,3,Qəbələ,,,,,,,False,,55500
6364015,https://bina.az/items/6364015,menziller/yeni-tikili,m²,55.0,,2.0,13.0,15.0,True,True,True,6,Xırdalan,,,0.8666666666666667,False,False,27.5,False,,116000
6365488,https://bina.az/items/6365488,menziller/yeni-tikili,m²,80.0,,3.0,3.0,8.0,True,True,True,9,Xırdalan,,,0.375,False,False,26.666666666666668,False,,151500
6365491,https://bina.az/items/6365491,menziller/yeni-tikili,m²,157.0,,4.0,6.0,18.0,True,True,True,16,Bakı,xetai,ehmedli-qesebesi,0.3333333333333333,False,False,39.25,False,,285000
6365492,https://bina.az/items/6365492,menziller/kohne-tikili,m²,105.0,,4.0,3.0,5.0,True,True,True,13,Bakı,sabuncu,bakixanov,0.6,False,False,26.25,False,,250000
6365494,https://bina.az/items/6365494,menziller/kohne-tikili,m²,65.0,,2.0,6.0,9.0,True,True,True,9,Bakı,hezi-aslanov,,0.6666666666666666,False,False,32.5,False,False,148000
6365498,https://bina.az/items/6365498,heyet-evleri,m²,180.0,12.0,4.0,,,True,True,False,18,Bakı,xezer,buzovna,,,,45.0,False,,245000
6365502,https://bina.az/items/6365502,menziller/yeni-tikili,m²,60.0,,2.0,4.0,6.0,True,True,False,16,Bakı,abseron,masazir,0.6666666666666666,False,False,30.0,False,,89000
6365503,https://bina.az/items/6365503,heyet-evleri,m²,200.0,2.0,4.0,,,True,True,False,23,Bakı,abseron,masazir,,,,50.0,False,,155000
6365508,https://bina.az/items/6365508,menziller/yeni-tikili,m²,62.0,,2.0,5.0,17.0,True,False,False,13,Bakı,koroglu,,0.29411764705882354,False,False,31.0,False,True,250000
6365514,https://bina.az/items/6365514,torpaq,sot,4.4,,,,,,True,False,5,Bakı,sabuncu,albaliliq,,,,,False,,65900
6365515,https://bina.az/items/6365515,heyet-evleri,m²,95.0,2.5,3.0,,,True,False,False,17,Bakı,suraxani,hovsan,,,,31.666666666666668,False,,129000
6365516,https://bina.az/items/6365516,heyet-evleri,m²,300.0,5.5,4.0,,,True,True,True,18,Bakı,xezer,buzovna,,,,75.0,False,,615000
6365521,https://bina.az/items/6365521,torpaq,sot,6.0,,,,,,True,False,4,Bakı,xezer,sagan,,,,,False,,107400
6365524,https://bina.az/items/6365524,heyet-evleri,m²,100.0,3.8,4.0,,,True,True,True,20,Bakı,sabuncu,albaliliq,,,,25.0,False,True,119000
6365525,https://bina.az/items/6365525,heyet-evleri,m²,63.7,0.79,3.0,,,True,False,False,5,Bakı,nizami,kesle,,,,21.233333333333334,False,,85000
6365526,https://bina.az/items/6365526,torpaq,sot,4.0,,,,,,True,False,2,Bakı,xezer,buzovna,,,,,False,,120000
6365532,https://bina.az/items/6365532,heyet-evleri,m²,100.0,1.1,3.0,,,True,True,False,15,Bakı,bineqedi,bineqedi-qesebesi,,,,33.333333333333336,False,,82000
6365533,https://bina.az/items/6365533,menziller/yeni-tikili,m²,102.0,,4.0,7.0,9.0,True,True,False,15,Bakı,sabuncu,ramana,0.7777777777777778,False,False,25.5,False,,135000
6365538,https://bina.az/items/6365538,heyet-evleri,m²,120.0,1.5,5.0,,,True,False,False,29,Bakı,avtovagzal,,,,,24.0,False,,190000
6365541,https://bina.az/items/6365541,heyet-evleri,m²,100.0,4.0,3.0,,,True,True,False,15,Göyçay,,,,,,33.333333333333336,False,,150000
6365545,https://bina.az/items/6365545,heyet-evleri,m²,170.0,6.5,4.0,,,True,True,False,10,Qusar,,,,,,42.5,False,,250000
6365546,https://bina.az/items/6365546,menziller/kohne-tikili,m²,60.0,,3.0,1.0,3.0,True,True,False,11,Bakı,qaradag,sahil-qesebesi,0.3333333333333333,True,False,20.0,False,,85000
6365550,https://bina.az/items/6365550,heyet-evleri,m²,220.0,6.0,7.0,,,True,True,False,13,Bakı,xalqlar-dostlugu,,,,,31.428571428571427,False,,600000
6200312,https://bina.az/items/6200312,obyektler,m²,115.0,,,,,True,True,False,21,Bakı,yasamal,,,,,,True,,700000
5286626,https://bina.az/items/5286626,obyektler,m²,700.0,,,,,True,True,False,29,Bakı,nesimi,,,,,,False,True,2000000
6365552,https://bina.az/items/6365552,menziller/yeni-tikili,m²,60.0,,1.0,1.0,1.0,True,True,False,6,Bakı,sabuncu,sea-breeze,1.0,True,True,60.0,False,,231000
6365553,https://bina.az/items/6365553,menziller/kohne-tikili,m²,69.3,,3.0,10.0,10.0,False,True,False,8,Bakı,xetai,ehmedli-qesebesi,1.0,False,True,23.099999999999998,False,,146000
6365556,https://bina.az/items/6365556,heyet-evleri,m²,246.0,8.0,7.0,,,True,True,True,14,Bakı,sabuncu,mastaga,,,,35.142857142857146,False,,249000
6365442,https://bina.az/items/6365442,qarajlar,m²,25.0,,,,,,True,False,3,Bakı,elmler-akademiyasi,,,,,,False,,23000
6365558,https://bina.az/items/6365558,menziller/yeni-tikili,m²,72.0,,2.0,4.0,12.0,False,False,False,7,Bakı,sabuncu,bakixanov,0.3333333333333333,False,False,36.0,True,,150000
5969375,https://bina.az/items/5969375,menziller/yeni-tikili,m²,44.0,,2.0,3.0,6.0,True,False,False,10,Bakı,abseron,masazir,0.5,False,False,22.0,False,,72000
6364481,https://bina.az/items/6364481,torpaq,sot,15.0,,,,,,True,False,8,Qəbələ,,,,,,,False,,8500
5902284,https://bina.az/items/5902284,menziller/yeni-tikili,m²,183.0,,4.0,5.0,18.0,True,True,False,30,Bakı,sah-ismayil-xetai,,0.2777777777777778,False,False,45.75,True,,675000
6088533,https://bina.az/items/6088533,heyet-evleri,m²,130.0,2.5,5.0,,,True,False,False,17,Bakı,bineqedi,bileceri,,,,26.0,False,,125000
6292019,https://bina.az/items/6292019,menziller/kohne-tikili,m²,80.0,,3.0,4.0,5.0,True,True,False,13,Bakı,nerimanov,,0.8,False,False,26.666666666666668,False,,235000
6279040,https://bina.az/items/6279040,menziller/kohne-tikili,m²,81.0,,3.0,2.0,6.0,True,True,False,30,Bakı,genclik,,0.3333333333333333,False,False,27.0,True,,295000
6365568,https://bina.az/items/6365568,menziller/kohne-tikili,m²,50.0,,2.0,5.0,5.0,True,True,False,10,Bakı,neftciler,,1.0,False,True,25.0,False,,126500
6365572,https://bina.az/items/6365572,heyet-evleri,m²,160.0,4.0,4.0,,,True,True,True,15,Bakı,xezer,suvelan,,,,40.0,False,,245000
6365579,https://bina.az/items/6365579,menziller/yeni-tikili,m²,113.0,,3.0,4.0,15.0,True,True,True,7,Bakı,azadliq-prospekti,,0.26666666666666666,False,False,37.666666666666664,False,,355000
5207391,https://bina.az/items/5207391,heyet-evleri,m²,1032.0,9.5,20.0,,,True,True,False,25,Bakı,sebail,badamdar,,,,51.6,False,,5500000
6095128,https://bina.az/items/6095128,menziller/yeni-tikili,m²,130.0,,3.0,19.0,21.0,True,True,True,14,Bakı,nizami-metrosu,,0.9047619047619048,False,False,43.333333333333336,False,True,360000
6365582,https://bina.az/items/6365582,menziller/kohne-tikili,m²,44.0,,2.0,2.0,5.0,True,True,False,27,Sumqayıt,,,0.4,False,False,22.0,False,,92000
6365583,https://bina.az/items/6365583,menziller/kohne-tikili,m²,58.0,,2.0,5.0,9.0,True,True,True,9,Bakı,memar-ecemi,,0.5555555555555556,False,False,29.0,False,,124000
6365589,https://bina.az/items/6365589,menziller/yeni-tikili,m²,95.0,,3.0,3.0,19.0,True,True,True,14,Bakı,insaatcilar,,0.15789473684210525,False,False,31.666666666666668,False,,185000
6365592,https://bina.az/items/6365592,torpaq,sot,4.0,,,,,,False,False,8,Bakı,xezer,bine,,,,,False,,49000
6365593,https://bina.az/items/6365593,menziller/kohne-tikili,m²,75.0,,2.0,5.0,9.0,True,True,False,8,Bakı,nesimi-metrosu,,0.5555555555555556,False,False,37.5,False,,168000
6357927,https://bina.az/items/6357927,menziller/yeni-tikili,m²,119.0,,3.0,5.0,10.0,True,False,False,27,Bakı,neriman-nerimanov,,0.5,False,False,39.666666666666664,False,,350000
6365577,https://bina.az/items/6365577,heyet-evleri,m²,200.0,7.0,5.0,,,False,True,False,7,Bakı,abseron,mammadli,,,,40.0,False,,155000
6365599,https://bina.az/items/6365599,menziller/kohne-tikili,m²,65.0,,2.0,5.0,5.0,True,True,True,11,Bakı,bineqedi,8-ci-mikrorayon,1.0,False,True,32.5,False,,186000
6365601,https://bina.az/items/6365601,heyet-evleri,m²,250.0,41.0,6.0,,,True,True,False,21,Sumqayıt,,,,,,41.666666666666664,False,,135000
6365603,https://bina.az/items/6365603,menziller/yeni-tikili,m²,100.0,,4.0,4.0,15.0,True,True,True,15,Bakı,insaatcilar,,0.26666666666666666,False,False,25.0,False,,194000
6178755,https://bina.az/items/6178755,menziller/yeni-tikili,m²,780.0,,8.0,16.0,17.0,False,True,True,27,Bakı,elmler-akademiyasi,,0.9411764705882353,False,False,97.5,False,,840000
5906353,https://bina.az/items/5906353,menziller/yeni-tikili,m²,125.0,,3.0,7.0,15.0,True,True,True,18,Bakı,sahil,,0.4666666666666667,False,False,41.666666666666664,False,,435000
5984826,https://bina.az/items/5984826,heyet-evleri,m²,190.0,5.0,6.0,,,True,True,True,30,Bakı,sabuncu,sea-breeze,,,,31.666666666666668,False,,650000
5688061,https://bina.az/items/5688061,heyet-evleri,m²,500.0,9.0,11.0,,,True,True,True,30,Bakı,xezer,buzovna,,,,45.45454545454545,False,,730000
6365610,https://bina.az/items/6365610,menziller/kohne-tikili,m²,48.0,,2.0,8.0,9.0,True,True,True,10,Bakı,ehmedli,,0.8888888888888888,False,False,24.0,False,,147000
6365609,https://bina.az/items/6365609,torpaq,sot,2.5,,,,,,True,False,3,Bakı,suraxani,yeni-suraxani,,,,,False,,95000
6365612,https://bina.az/items/6365612,torpaq,sot,3.0,,,,,,True,False,7,Bakı,abseron,masazir,,,,,False,,46000
6365520,https://bina.az/items/6365520,heyet-evleri,m²,250.0,10.0,5.0,,,False,True,False,9,Bakı,bineqedi,sulutepe,,,,50.0,False,,290000
6354276,https://bina.az/items/6354276,menziller/yeni-tikili,m²,68.0,,2.0,16.0,16.0,True,True,True,10,Bakı,hezi-aslanov,,1.0,False,True,34.0,False,True,157000
5730589,https://bina.az/items/5730589,menziller/yeni-tikili,m²,120.5,,3.0,15.0,18.0,True,False,False,10,Bakı,28-may,,0.8333333333333334,False,False,40.166666666666664,False,,385600
4965627,https://bina.az/items/4965627,torpaq,sot,6.0,,,,,,True,False,5,Bakı,genclik,,,,,,False,,1300000
5317279,https://bina.az/items/5317279,menziller/yeni-tikili,m²,57.0,,1.0,2.0,6.0,False,True,False,8,Bakı,abseron,masazir,0.3333333333333333,False,False,57.0,False,,62000
6365504,https://bina.az/items/6365504,torpaq,sot,6.0,,,,,,True,False,4,Bakı,sabuncu,sea-breeze,,,,,False,,12500
6365617,https://bina.az/items/6365617,menziller/yeni-tikili,m²,70.0,,3.0,14.0,18.0,True,True,False,7,Bakı,28-may,,0.7777777777777778,False,False,23.333333333333332,False,,280000
6204727,https://bina.az/items/6204727,menziller/yeni-tikili,m²,120.0,,3.0,10.0,12.0,True,True,False,15,Bakı,abseron,masazir,0.8333333333333334,False,False,40.0,False,True,170000
5873057,https://bina.az/items/5873057,menziller/yeni-tikili,m²,72.0,,2.0,6.0,6.0,False,False,False,10,Bakı,abseron,masazir,1.0,False,True,36.0,False,,56500
5021687,https://bina.az/items/5021687,menziller/yeni-tikili,m²,82.0,,2.0,6.0,6.0,True,True,False,10,Bakı,abseron,masazir,1.0,False,True,41.0,False,,85000
6284349,https://bina.az/items/6284349,menziller/yeni-tikili,m²,50.0,,1.0,8.0,9.0,False,False,False,12,Bakı,abseron,masazir,0.8888888888888888,False,False,50.0,False,,60000
6198542,https://bina.az/items/6198542,menziller/yeni-tikili,m²,60.0,,2.0,5.0,5.0,True,True,False,9,Bakı,abseron,masazir,1.0,False,True,30.0,False,,75000
6112440,https://bina.az/items/6112440,heyet-evleri,m²,700.0,15.0,10.0,,,True,True,False,21,Bakı,sabuncu,bakixanov,,,,70.0,False,,1400000
5475603,https://bina.az/items/5475603,heyet-evleri,m²,420.0,6.0,8.0,,,False,False,False,14,Bakı,sabuncu,nardaran,,,,52.5,False,,850000
6281997,https://bina.az/items/6281997,menziller/kohne-tikili,m²,78.0,,3.0,7.0,9.0,True,True,True,16,Bakı,koroglu,,0.7777777777777778,False,False,26.0,False,,195000
6281978,https://bina.az/items/6281978,menziller/kohne-tikili,m²,66.0,,3.0,6.0,9.0,True,True,True,21,Bakı,koroglu,,0.6666666666666666,False,False,22.0,False,,185000
6279786,https://bina.az/items/6279786,menziller/yeni-tikili,m²,178.0,,4.0,12.0,18.0,True,True,True,10,Bakı,xalqlar-dostlugu,,0.6666666666666666,False,False,44.5,False,,415000
6365620,https://bina.az/items/6365620,torpaq,sot,4.5,,,,,,True,False,3,Bakı,xezer,turken,,,,,False,,35000
6365621,https://bina.az/items/6365621,heyet-evleri,m²,210.0,6.0,4.0,,,True,True,True,20,Bakı,xezer,suvelan,,,,52.5,False,,214000
6365625,https://bina.az/items/6365625,obyektler,m²,24.0,,,,,True,True,False,12,Lənkəran,,,,,,,False,,17500
6200681,https://bina.az/items/6200681,heyet-evleri,m²,110.0,6.0,6.0,,,True,False,False,28,Bakı,nizami,,,,,18.333333333333332,False,,380000
6361408,https://bina.az/items/6361408,heyet-evleri,m²,100.0,1.5,4.0,,,False,True,False,10,Bakı,abseron,masazir,,,,25.0,False,,50000
6365628,https://bina.az/items/6365628,heyet-evleri,m²,80.0,1.5,3.0,,,True,False,False,6,Bakı,bineqedi,bileceri,,,,26.666666666666668,False,,69000
6283018,https://bina.az/items/6283018,menziller/kohne-tikili,m²,50.0,,3.0,4.0,5.0,True,True,False,11,Bakı,nizami,,0.8,False,False,16.666666666666668,False,,155000
6349189,https://bina.az/items/6349189,menziller/kohne-tikili,m²,65.0,,2.0,5.0,9.0,True,True,True,15,Bakı,hezi-aslanov,,0.5555555555555556,False,False,32.5,False,,189000
6338466,https://bina.az/items/6338466,menziller/yeni-tikili,m²,101.0,,3.0,15.0,17.0,True,True,True,17,Bakı,hezi-aslanov,,0.8823529411764706,False,False,33.666666666666664,False,,230000
6365635,https://bina.az/items/6365635,menziller/yeni-tikili,m²,134.0,,3.0,6.0,19.0,True,True,False,10,Bakı,neriman-nerimanov,,0.3157894736842105,False,False,44.666666666666664,True,,315000
6365636,https://bina.az/items/6365636,heyet-evleri,m²,160.0,3.5,4.0,,,True,True,True,18,Bakı,xezer,suvelan,,,,40.0,False,,220000
6338427,https://bina.az/items/6338427,menziller/kohne-tikili,m²,52.0,,2.0,5.0,5.0,True,True,False,9,Bakı,hezi-aslanov,,1.0,False,True,26.0,False,,150000
6365637,https://bina.az/items/6365637,menziller/kohne-tikili,m²,57.0,,3.0,2.0,9.0,True,False,False,14,Bakı,hezi-aslanov,,0.2222222222222222,False,False,19.0,False,,165000
6365513,https://bina.az/items/6365513,heyet-evleri,m²,85.0,3.0,3.0,,,True,True,False,29,Bakı,xezer,qala,,,,28.333333333333332,False,,115000
6241890,https://bina.az/items/6241890,menziller/yeni-tikili,m²,70.0,,3.0,11.0,17.0,True,True,True,18,Bakı,hezi-aslanov,,0.6470588235294118,False,False,23.333333333333332,False,True,185000
6365639,https://bina.az/items/6365639,menziller/yeni-tikili,m²,68.0,,2.0,8.0,13.0,True,True,False,11,Sumqayıt,,,0.6153846153846154,False,False,34.0,False,,125000
6365640,https://bina.az/items/6365640,menziller/kohne-tikili,m²,55.0,,2.0,4.0,5.0,True,True,False,9,Sumqayıt,,,0.8,False,False,27.5,False,,92000
6283949,https://bina.az/items/6283949,menziller/yeni-tikili,m²,186.0,,4.0,10.0,15.0,True,False,False,15,Bakı,28-may,,0.6666666666666666,False,False,46.5,False,,730000
6365645,https://bina.az/items/6365645,menziller/yeni-tikili,m²,48.0,,2.0,20.0,20.0,True,True,False,5,Bakı,20-yanvar,,1.0,False,True,24.0,True,,150000
5955671,https://bina.az/items/5955671,menziller/yeni-tikili,m²,85.0,,3.0,5.0,15.0,True,False,False,20,Bakı,28-may,,0.3333333333333333,False,False,28.333333333333332,False,,380000
5614897,https://bina.az/items/5614897,menziller/yeni-tikili,m²,272.0,,5.0,6.0,16.0,False,True,False,7,Bakı,nesimi,,0.375,False,False,54.4,False,,670000
6365646,https://bina.az/items/6365646,menziller/kohne-tikili,m²,55.0,,2.0,7.0,9.0,True,True,False,17,Bakı,bineqedi,9-cu-mikrorayon,0.7777777777777778,False,False,27.5,False,,190000
6365651,https://bina.az/items/6365651,heyet-evleri,m²,828.9,9.0,10.0,,,True,True,False,13,Bakı,nesimi-metrosu,,,,,82.89,False,,2500000
5471204,https://bina.az/items/5471204,heyet-evleri,m²,170.0,4.0,4.0,,,True,True,False,23,Bakı,xezer,suvelan,,,,42.5,False,,300000
5800886,https://bina.az/items/5800886,menziller/yeni-tikili,m²,242.0,,4.0,11.0,16.0,False,True,False,9,Bakı,28-may,,0.6875,False,False,60.5,False,,678000
6365653,https://bina.az/items/6365653,torpaq,sot,12.0,,,,,,True,False,5,Bakı,xezer,turken,,,,,False,,63500
5375712,https://bina.az/items/5375712,heyet-evleri,m²,195.0,5.0,5.0,,,True,True,False,9,Bakı,xezer,merdekan,,,,39.0,False,,437000
5869598,https://bina.az/items/5869598,heyet-evleri,m²,180.0,4.0,4.0,,,True,True,False,19,Bakı,xezer,merdekan,,,,45.0,False,,365000
6365652,https://bina.az/items/6365652,menziller/yeni-tikili,m²,84.0,,2.0,8.0,16.0,True,True,False,8,Bakı,hezi-aslanov,,0.5,False,False,42.0,False,,190000
6357845,https://bina.az/items/6357845,heyet-evleri,m²,150.0,3.0,4.0,,,True,True,False,20,Bakı,xezer,merdekan,,,,37.5,False,,275000
6273507,https://bina.az/items/6273507,heyet-evleri,m²,150.0,3.0,4.0,,,True,True,False,14,Bakı,xezer,merdekan,,,,37.5,False,True,195000
5798076,https://bina.az/items/5798076,menziller/yeni-tikili,m²,200.0,,4.0,8.0,14.0,True,True,False,13,Bakı,nizami-metrosu,,0.5714285714285714,False,False,50.0,False,,750000
6205332,https://bina.az/items/6205332,menziller/kohne-tikili,m²,145.0,,5.0,2.0,5.0,True,True,False,30,Bakı,yasamal,yeni-yasamal,0.4,False,False,29.0,False,,185000
6365644,https://bina.az/items/6365644,menziller/yeni-tikili,m²,92.0,,2.0,9.0,13.0,False,True,True,6,Bakı,8-noyabr,,0.6923076923076923,False,False,46.0,False,,253000
6136893,https://bina.az/items/6136893,heyet-evleri,m²,200.0,5.0,4.0,,,True,True,False,25,Bakı,xezer,merdekan,,,,50.0,False,True,495000
6365659,https://bina.az/items/6365659,heyet-evleri,m²,65.3,1.2,3.0,,,True,True,True,12,Xırdalan,,,,,,21.766666666666666,False,,90000
6365660,https://bina.az/items/6365660,menziller/yeni-tikili,m²,121.0,,3.0,11.0,16.0,False,False,False,11,Bakı,bineqedi,8-ci-mikrorayon,0.6875,False,False,40.333333333333336,False,,280000
6365665,https://bina.az/items/6365665,menziller/yeni-tikili,m²,105.0,,2.0,10.0,18.0,True,True,False,5,Bakı,bineqedi,9-cu-mikrorayon,0.5555555555555556,False,False,52.5,False,,280000
6247576,https://bina.az/items/6247576,menziller/yeni-tikili,m²,115.0,,3.0,10.0,21.0,True,True,True,26,Bakı,sah-ismayil-xetai,,0.47619047619047616,False,False,38.333333333333336,False,,322000
6365668,https://bina.az/items/6365668,menziller/kohne-tikili,m²,130.0,,4.0,4.0,8.0,True,True,False,12,Bakı,sahil,,0.5,False,False,32.5,True,,675000
6284032,https://bina.az/items/6284032,menziller/kohne-tikili,m²,50.0,,2.0,3.0,5.0,True,True,False,21,Bakı,genclik,,0.6,False,False,25.0,False,,165000
6365671,https://bina.az/items/6365671,menziller/yeni-tikili,m²,77.0,,3.0,8.0,16.0,True,True,True,16,Bakı,ehmedli,,0.5,False,False,25.666666666666668,False,True,185000
6312299,https://bina.az/items/6312299,menziller/yeni-tikili,m²,64.0,,2.0,8.0,19.0,True,True,False,10,Bakı,hezi-aslanov,,0.42105263157894735,False,False,32.0,False,True,189000
6146419,https://bina.az/items/6146419,heyet-evleri,m²,300.0,10.0,6.0,,,True,True,False,30,Bakı,xezer,,,,,50.0,False,,380000
6365680,https://bina.az/items/6365680,menziller/kohne-tikili,m²,80.0,,3.0,8.0,9.0,True,True,False,8,Bakı,xalqlar-dostlugu,,0.8888888888888888,False,False,26.666666666666668,False,,182000
6266732,https://bina.az/items/6266732,menziller/yeni-tikili,m²,89.1,,3.0,6.0,14.0,False,False,True,13,Bakı,suraxani,zig,0.42857142857142855,False,False,29.7,False,,196020
6365693,https://bina.az/items/6365693,menziller/yeni-tikili,m²,60.0,,2.0,6.0,6.0,True,True,True,10,Xırdalan,abseron,,1.0,False,True,30.0,False,,76000
5874195,https://bina.az/items/5874195,menziller/yeni-tikili,m²,74.0,,2.0,4.0,10.0,True,True,False,7,Bakı,abseron,mammadli,0.4,False,False,37.0,False,,120000
6365699,https://bina.az/items/6365699,torpaq,sot,40.0,,,,,,False,False,5,Bakı,xezer,zire,,,,,False,,68000
6261135,https://bina.az/items/6261135,menziller/yeni-tikili,m²,68.0,,2.0,6.0,20.0,True,True,False,20,Bakı,sah-ismayil-xetai,,0.3,False,False,34.0,False,,380000
6118986,https://bina.az/items/6118986,menziller/yeni-tikili,m²,73.0,,2.0,9.0,16.0,True,False,False,23,Bakı,azadliq-prospekti,,0.5625,False,False,36.5,False,,255000
6253492,https://bina.az/items/6253492,menziller/yeni-tikili,m²,98.0,,3.0,11.0,17.0,False,False,False,5,Bakı,insaatcilar,,0.6470588235294118,False,False,32.666666666666664,False,,294999
6365705,https://bina.az/items/6365705,menziller/yeni-tikili,m²,60.0,,2.0,4.0,20.0,True,True,False,13,Bakı,20-yanvar,,0.2,False,False,30.0,True,,205000
5937127,https://bina.az/items/5937127,menziller/yeni-tikili,m²,137.0,,3.0,9.0,16.0,True,True,False,18,Bakı,neriman-nerimanov,,0.5625,False,False,45.666666666666664,False,,565000
6199348,https://bina.az/items/6199348,menziller/yeni-tikili,m²,181.0,,4.0,15.0,17.0,False,True,False,8,Bakı,neriman-nerimanov,,0.8823529411764706,False,False,45.25,False,,543000
6365710,https://bina.az/items/6365710,menziller/yeni-tikili,m²,212.0,,4.0,7.0,16.0,False,False,False,15,Bakı,28-may,,0.4375,False,False,53.0,False,,329000
6169311,https://bina.az/items/6169311,menziller/yeni-tikili,m²,200.0,,4.0,7.0,8.0,True,True,True,29,Bakı,20-yanvar,,0.875,False,False,50.0,True,,349000
5618904,https://bina.az/items/5618904,torpaq,sot,32.0,,,,,,True,False,10,Bakı,nerimanov,,,,,,False,,3400000
6365716,https://bina.az/items/6365716,menziller/yeni-tikili,m²,130.0,,3.0,9.0,11.0,True,True,True,13,Bakı,xalqlar-dostlugu,,0.8181818181818182,False,False,43.333333333333336,False,,243000
6227676,https://bina.az/items/6227676,torpaq,sot,91.0,,,,,,True,False,3,Qusar,,,,,,,False,,45000
6095733,https://bina.az/items/6095733,menziller/kohne-tikili,m²,100.0,,3.0,3.0,4.0,True,True,True,9,Bakı,sahil,,0.75,False,False,33.333333333333336,False,,350000
5701915,https://bina.az/items/5701915,menziller/yeni-tikili,m²,181.0,,4.0,9.0,18.0,True,True,True,24,Bakı,sah-ismayil-xetai,,0.5,False,False,45.25,True,True,549000
6204809,https://bina.az/items/6204809,menziller/yeni-tikili,m²,87.0,,3.0,3.0,10.0,False,True,False,19,Sumqayıt,,,0.3,False,False,29.0,False,,165000
5834613,https://bina.az/items/5834613,torpaq,sot,14.0,,,,,,True,False,6,Bakı,xezer,merdekan,,,,,False,,360000
6204901,https://bina.az/items/6204901,menziller/yeni-tikili,m²,75.0,,2.0,6.0,14.0,False,True,False,19,Sumqayıt,abseron,,0.42857142857142855,False,False,37.5,False,,102000
6284066,https://bina.az/items/6284066,menziller/yeni-tikili,m²,93.0,,2.0,10.0,17.0,True,True,False,10,Bakı,8-noyabr,,0.5882352941176471,False,False,46.5,False,,285000
6365730,https://bina.az/items/6365730,menziller/yeni-tikili,m²,122.5,,3.0,6.0,16.0,True,True,True,17,Bakı,qara-qarayev,,0.375,False,False,40.833333333333336,False,,389000
6283704,https://bina.az/items/6283704,menziller/yeni-tikili,m²,172.0,,3.0,11.0,14.0,False,True,False,6,Bakı,nerimanov,,0.7857142857142857,False,False,57.333333333333336,False,,430000
6193748,https://bina.az/items/6193748,menziller/yeni-tikili,m²,148.0,,3.0,5.0,17.0,True,True,False,14,Bakı,memar-ecemi,,0.29411764705882354,False,False,49.333333333333336,False,,330000
6026946,https://bina.az/items/6026946,menziller/yeni-tikili,m²,115.0,,3.0,13.0,17.0,True,True,False,13,Bakı,iceri-seher-metrosu,,0.7647058823529411,False,False,38.333333333333336,False,,368000
6365726,https://bina.az/items/6365726,menziller/kohne-tikili,m²,65.0,,2.0,4.0,9.0,True,True,True,18,Bakı,ehmedli,,0.4444444444444444,False,False,32.5,False,True,195000
6365732,https://bina.az/items/6365732,heyet-evleri,m²,60.0,1.7,3.0,,,True,False,False,8,Bakı,abseron,mammadli,,,,20.0,False,,68000
6361858,https://bina.az/items/6361858,menziller/yeni-tikili,m²,128.0,,3.0,9.0,19.0,True,False,False,30,Bakı,qara-qarayev,,0.47368421052631576,False,False,42.666666666666664,False,,508000
6250536,https://bina.az/items/6250536,menziller/yeni-tikili,m²,72.0,,2.0,14.0,16.0,True,True,False,15,Bakı,yasamal,,0.875,False,False,36.0,False,,178500
6365623,https://bina.az/items/6365623,torpaq,sot,24.0,,,,,,True,False,5,Bakı,sabuncu,bilgeh,,,,,False,,276000
6365744,https://bina.az/items/6365744,menziller/yeni-tikili,m²,156.0,,3.0,4.0,17.0,True,True,True,16,Bakı,sah-ismayil-xetai,,0.23529411764705882,False,False,52.0,False,,380000
6365745,https://bina.az/items/6365745,menziller/yeni-tikili,m²,96.0,,2.0,15.0,15.0,True,True,True,17,Bakı,xetai,hezi-aslanov-qesebesi,1.0,False,True,48.0,False,,225000
6181439,https://bina.az/items/6181439,menziller/yeni-tikili,m²,236.0,,4.0,9.0,18.0,True,True,True,16,Bakı,28-may,,0.5,False,False,59.0,False,,600000
5241077,https://bina.az/items/5241077,menziller/kohne-tikili,m²,74.0,,3.0,5.0,5.0,True,True,False,13,Bakı,memar-ecemi,,1.0,False,True,24.666666666666668,False,,148000
5803882,https://bina.az/items/5803882,menziller/yeni-tikili,m²,165.0,,3.0,5.0,12.0,True,True,True,19,Bakı,genclik,,0.4166666666666667,False,False,55.0,False,,499000
5857542,https://bina.az/items/5857542,menziller/yeni-tikili,m²,177.0,,4.0,6.0,18.0,False,False,False,14,Bakı,nerimanov,,0.3333333333333333,False,False,44.25,False,,495000
6193194,https://bina.az/items/6193194,heyet-evleri,m²,80.0,1.5,3.0,,,True,False,False,13,Bakı,xetai,ehmedli-qesebesi,,,,26.666666666666668,False,,125000
6365753,https://bina.az/items/6365753,heyet-evleri,m²,170.0,4.5,4.0,,,True,True,False,27,Bakı,xezer,suvelan,,,,42.5,False,True,250000
6365752,https://bina.az/items/6365752,heyet-evleri,m²,75.0,2.0,3.0,,,True,True,False,12,Bakı,28-may,,,,,25.0,False,,190000
5957256,https://bina.az/items/5957256,menziller/yeni-tikili,m²,140.0,,3.0,5.0,20.0,True,True,True,17,Bakı,yasamal,,0.25,False,False,46.666666666666664,False,,300000
4623383,https://bina.az/items/4623383,menziller/yeni-tikili,m²,186.0,,4.0,16.0,21.0,True,False,False,21,Bakı,yasamal,,0.7619047619047619,False,False,46.5,False,,375000
6365757,https://bina.az/items/6365757,heyet-evleri,m²,32.0,0.1,2.0,,,True,True,False,6,Bakı,nizami-metrosu,,,,,16.0,False,,75000
6365758,https://bina.az/items/6365758,menziller/yeni-tikili,m²,133.6,,4.0,11.0,15.0,True,False,False,17,Xırdalan,,,0.7333333333333333,False,False,33.4,False,,195000
6365760,https://bina.az/items/6365760,heyet-evleri,m²,110.0,3.0,3.0,,,True,False,False,18,Bakı,sabuncu,balaxani,,,,36.666666666666664,False,,75000
6365764,https://bina.az/items/6365764,torpaq,sot,5.3,,,,,,True,True,7,Bakı,xezer,sagan,,,,,False,,95000
6157731,https://bina.az/items/6157731,menziller/yeni-tikili,m²,105.0,,3.0,15.0,17.0,True,True,False,15,Bakı,qara-qarayev,,0.8823529411764706,False,False,35.0,False,,309000
6365773,https://bina.az/items/6365773,obyektler,m²,4473.0,,,,,True,True,True,17,Bakı,neftciler,,,,,,False,,5900000
6146351,https://bina.az/items/6146351,menziller/yeni-tikili,m²,132.0,,3.0,15.0,16.0,True,False,False,8,Bakı,yasamal,,0.9375,False,False,44.0,False,,195000
5915150,https://bina.az/items/5915150,menziller/yeni-tikili,m²,220.0,,4.0,6.0,16.0,False,True,True,19,Bakı,neriman-nerimanov,,0.375,False,False,55.0,False,,636000
6217104,https://bina.az/items/6217104,menziller/yeni-tikili,m²,133.0,,3.0,15.0,17.0,False,True,True,9,Bakı,elmler-akademiyasi,,0.8823529411764706,False,False,44.333333333333336,False,,728000
6365775,https://bina.az/items/6365775,torpaq,sot,1.5,,,,,,False,False,4,Bakı,suraxani,zig,,,,,False,,32000
6196791,https://bina.az/items/6196791,menziller/kohne-tikili,m²,25.0,,1.0,2.0,2.0,True,True,False,6,Bakı,28-may,,1.0,False,True,25.0,False,,92000
6297509,https://bina.az/items/6297509,menziller/kohne-tikili,m²,93.0,,3.0,2.0,5.0,True,True,True,20,Bakı,sebail,,0.4,False,False,31.0,False,,280000
5814461,https://bina.az/items/5814461,menziller/kohne-tikili,m²,55.0,,2.0,3.0,5.0,True,True,True,11,Bakı,nerimanov,,0.6,False,False,27.5,False,,140000
6365780,https://bina.az/items/6365780,menziller/kohne-tikili,m²,65.0,,2.0,4.0,9.0,True,True,False,17,Bakı,ehmedli,,0.4444444444444444,False,False,32.5,False,True,195000
5589860,https://bina.az/items/5589860,menziller/yeni-tikili,m²,210.0,,4.0,3.0,16.0,True,True,True,18,Bakı,28-may,,0.1875,False,False,52.5,False,True,520000
6365784,https://bina.az/items/6365784,menziller/yeni-tikili,m²,105.0,,3.0,7.0,17.0,False,False,False,19,Bakı,koroglu,,0.4117647058823529,False,False,35.0,False,,303000
6283935,https://bina.az/items/6283935,menziller/kohne-tikili,m²,65.0,,3.0,7.0,9.0,True,True,True,12,Bakı,ehmedli,,0.7777777777777778,False,False,21.666666666666668,False,True,175000
6283666,https://bina.az/items/6283666,menziller/yeni-tikili,m²,120.0,,3.0,2.0,15.0,True,True,False,16,Bakı,hezi-aslanov,,0.13333333333333333,False,False,40.0,False,,285000
6365789,https://bina.az/items/6365789,heyet-evleri,m²,830.0,9.0,10.0,,,True,True,False,11,Bakı,nesimi-metrosu,,,,,83.0,False,,2500000
6365787,https://bina.az/items/6365787,heyet-evleri,m²,75.0,6.0,3.0,,,True,True,True,18,Bakı,abseron,novxani,,,,25.0,False,,110000
6124247,https://bina.az/items/6124247,menziller/yeni-tikili,m²,99.0,,3.0,7.0,13.0,True,True,True,21,Bakı,qara-qarayev,,0.5384615384615384,False,False,33.0,False,,259000
6221247,https://bina.az/items/6221247,menziller/kohne-tikili,m²,60.0,,2.0,3.0,9.0,True,True,True,13,Bakı,genclik,,0.3333333333333333,False,False,30.0,False,,225000
6197724,https://bina.az/items/6197724,menziller/yeni-tikili,m²,212.0,,4.0,6.0,13.0,True,True,False,11,Bakı,nesimi,,0.46153846153846156,False,False,53.0,False,,700000
6197181,https://bina.az/items/6197181,torpaq,sot,12.0,,,,,,True,False,14,Bakı,abseron,goredil,,,,,False,,115000
6197061,https://bina.az/items/6197061,heyet-evleri,m²,1150.0,12.0,5.0,,,True,True,False,12,Bakı,xezer,buzovna,,,,230.0,False,,860000
6365796,https://bina.az/items/6365796,menziller/yeni-tikili,m²,170.0,,4.0,15.0,17.0,True,True,True,19,Bakı,sah-ismayil-xetai,,0.8823529411764706,False,False,42.5,False,,475000
6365800,https://bina.az/items/6365800,menziller/yeni-tikili,m²,120.0,,3.0,3.0,16.0,True,True,False,27,Bakı,8-noyabr,,0.1875,False,False,40.0,False,,310000
6265545,https://bina.az/items/6265545,ofisler,m²,94.0,,3.0,,,True,True,False,19,Bakı,sebail,,,,,31.333333333333332,False,,330000
6365803,https://bina.az/items/6365803,heyet-evleri,m²,220.0,4.5,6.0,,,False,False,False,13,Bakı,xezer,buzovna,,,,36.666666666666664,False,,99000
6365804,https://bina.az/items/6365804,menziller/kohne-tikili,m²,90.0,,3.0,2.0,9.0,True,True,True,10,Bakı,xetai,,0.2222222222222222,False,False,30.0,False,,180000
6365805,https://bina.az/items/6365805,torpaq,sot,6.0,,,,,,True,False,2,Bakı,xezer,turken,,,,,False,,49500
6257000,https://bina.az/items/6257000,obyektler,m²,54.3,,,,,True,True,False,21,Bakı,iceri-seher-metrosu,,,,,,False,,350000
6167304,https://bina.az/items/6167304,menziller/yeni-tikili,m²,68.0,,2.0,3.0,17.0,True,True,True,9,Bakı,elmler-akademiyasi,,0.17647058823529413,False,False,34.0,False,,335000
6202460,https://bina.az/items/6202460,menziller/kohne-tikili,m²,80.0,,3.0,4.0,4.0,True,True,False,27,Sumqayıt,,,1.0,False,True,26.666666666666668,False,,180000
6245244,https://bina.az/items/6245244,menziller/kohne-tikili,m²,130.0,,5.0,9.0,9.0,True,True,True,20,Bakı,yasamal,yeni-yasamal,1.0,False,True,26.0,False,,173000
6156787,https://bina.az/items/6156787,torpaq,sot,51.0,,,,,,True,False,12,Bakı,abseron,goredil,,,,,False,,750000
6245175,https://bina.az/items/6245175,obyektler,m²,90.0,,,,,True,True,False,7,Bakı,neriman-nerimanov,,,,,,False,,550000
5270687,https://bina.az/items/5270687,menziller/kohne-tikili,m²,170.0,,5.0,3.0,4.0,True,True,False,30,Bakı,sahil,,0.75,False,False,34.0,False,,650000
6365697,https://bina.az/items/6365697,heyet-evleri,m²,55.0,1.3,2.0,,,True,True,False,12,Bakı,abseron,mehdiabad,,,,27.5,False,,55000
6365815,https://bina.az/items/6365815,menziller/yeni-tikili,m²,117.0,,3.0,4.0,16.0,True,True,True,17,Bakı,genclik,,0.25,False,False,39.0,False,,520000
6284794,https://bina.az/items/6284794,menziller/kohne-tikili,m²,65.0,,3.0,7.0,9.0,True,True,True,11,Bakı,ehmedli,,0.7777777777777778,False,False,21.666666666666668,False,,175000
6255604,https://bina.az/items/6255604,menziller/kohne-tikili,m²,25.0,,1.0,2.0,3.0,True,True,False,15,Bakı,28-may,,0.6666666666666666,False,False,25.0,False,,92000
6284784,https://bina.az/items/6284784,menziller/yeni-tikili,m²,93.0,,2.0,3.0,16.0,True,True,True,4,Bakı,neriman-nerimanov,,0.1875,False,False,46.5,False,True,249000
6237516,https://bina.az/items/6237516,menziller/yeni-tikili,m²,68.0,,2.0,3.0,17.0,True,True,True,13,Bakı,elmler-akademiyasi,,0.17647058823529413,False,False,34.0,False,True,335000
6365822,https://bina.az/items/6365822,heyet-evleri,m²,81.0,1.7,3.0,,,False,True,False,8,Bakı,abseron,mehdiabad,,,,27.0,False,,55000
6245869,https://bina.az/items/6245869,menziller/yeni-tikili,m²,65.0,,2.0,20.0,20.0,True,True,True,13,Bakı,sah-ismayil-xetai,,1.0,False,True,32.5,False,,310000
6365823,https://bina.az/items/6365823,heyet-evleri,m²,100.0,6.0,3.0,,,False,False,False,30,Bakı,xezer,turken,,,,33.333333333333336,False,,85000
6352549,https://bina.az/items/6352549,obyektler,m²,340.0,,,,,True,True,False,22,Bakı,elmler-akademiyasi,,,,,,False,,1200000
6161211,https://bina.az/items/6161211,heyet-evleri,m²,220.0,7.8,4.0,,,True,True,True,7,Bakı,xezer,buzovna,,,,55.0,False,,625000
6177407,https://bina.az/items/6177407,torpaq,sot,17.0,,,,,,True,False,3,Qobustan,,,,,,,False,,50000
6363435,https://bina.az/items/6363435,obyektler,m²,60.0,,,,,True,True,False,15,Bakı,elmler-akademiyasi,,,,,,False,,230000
5905332,https://bina.az/items/5905332,menziller/yeni-tikili,m²,100.0,,3.0,14.0,14.0,False,False,False,6,Bakı,28-may,,1.0,False,True,33.333333333333336,False,,285000
6365831,https://bina.az/items/6365831,menziller/yeni-tikili,m²,56.0,,2.0,8.0,21.0,True,True,True,11,Bakı,insaatcilar,,0.38095238095238093,False,False,28.0,False,,158000
5919676,https://bina.az/items/5919676,menziller/yeni-tikili,m²,64.0,,2.0,16.0,19.0,True,False,False,11,Bakı,xetai,,0.8421052631578947,False,False,32.0,False,True,199000
6361586,https://bina.az/items/6361586,menziller/kohne-tikili,m²,60.0,,2.0,3.0,9.0,True,True,False,10,Bakı,qara-qarayev,,0.3333333333333333,False,False,30.0,False,,177000
6198680,https://bina.az/items/6198680,menziller/kohne-tikili,m²,110.0,,4.0,2.0,5.0,True,True,True,11,Bakı,qara-qarayev,,0.4,False,False,27.5,False,,245000
4584263,https://bina.az/items/4584263,menziller/yeni-tikili,m²,215.0,,4.0,6.0,23.0,True,True,False,21,Bakı,nizami-metrosu,,0.2608695652173913,False,False,53.75,False,,615000
6283275,https://bina.az/items/6283275,menziller/kohne-tikili,m²,35.0,,2.0,1.0,4.0,True,False,False,13,Bakı,sebail,bayil,0.25,True,False,17.5,False,,45000
6273353,https://bina.az/items/6273353,menziller/yeni-tikili,m²,93.0,,2.0,11.0,19.0,True,True,True,17,Bakı,azadliq-prospekti,,0.5789473684210527,False,False,46.5,False,,255000
6154145,https://bina.az/items/6154145,menziller/yeni-tikili,m²,68.0,,2.0,8.0,19.0,True,True,False,12,Bakı,yasamal,yeni-yasamal,0.42105263157894735,False,False,34.0,False,,158700
6365845,https://bina.az/items/6365845,heyet-evleri,m²,390.0,11.5,5.0,,,True,True,True,30,Bakı,xezer,merdekan,,,,78.0,False,,620000
6365847,https://bina.az/items/6365847,menziller/kohne-tikili,m²,80.0,,3.0,4.0,9.0,True,True,False,15,Bakı,suraxani,yeni-gunesli,0.4444444444444444,False,False,26.666666666666668,False,,167000
6365851,https://bina.az/items/6365851,menziller/yeni-tikili,m²,150.0,,3.0,15.0,17.0,True,True,True,16,Bakı,insaatcilar,,0.8823529411764706,False,False,50.0,False,,295000
6122215,https://bina.az/items/6122215,menziller/yeni-tikili,m²,90.0,,2.0,17.0,19.0,False,True,False,9,Bakı,xetai,hezi-aslanov-qesebesi,0.8947368421052632,False,False,45.0,False,,235000
6283835,https://bina.az/items/6283835,menziller/yeni-tikili,m²,60.0,,3.0,17.0,17.0,True,True,False,23,Bakı,xalqlar-dostlugu,,1.0,False,True,20.0,False,,135000
6365857,https://bina.az/items/6365857,heyet-evleri,m²,450.0,6.0,7.0,,,True,True,False,4,Bakı,sabuncu,albaliliq,,,,64.28571428571429,False,,770000
6273984,https://bina.az/items/6273984,heyet-evleri,m²,85.0,1.3,3.0,,,True,True,False,20,Bakı,sebail,20-ci-sahe,,,,28.333333333333332,False,,98000
6365859,https://bina.az/items/6365859,menziller/yeni-tikili,m²,63.7,,2.0,11.0,16.0,True,True,True,12,Bakı,xetai,,0.6875,False,False,31.85,False,True,215000
6365856,https://bina.az/items/6365856,menziller/kohne-tikili,m²,85.0,,3.0,5.0,9.0,True,True,False,18,Bakı,insaatcilar,,0.5555555555555556,False,False,28.333333333333332,False,,189000
6365860,https://bina.az/items/6365860,menziller/kohne-tikili,m²,60.0,,2.0,3.0,5.0,True,True,False,7,Bakı,sebail,,0.6,False,False,30.0,False,True,176000
6365861,https://bina.az/items/6365861,menziller/yeni-tikili,m²,55.0,,2.0,13.0,16.0,True,True,True,10,Bakı,neftciler,,0.8125,False,False,27.5,False,,175000
6365862,https://bina.az/items/6365862,torpaq,sot,24.0,,,,,,True,False,6,Qəbələ,,,,,,,False,,600000
6365865,https://bina.az/items/6365865,menziller/kohne-tikili,m²,40.0,,2.0,3.0,5.0,True,True,False,7,Bakı,neftciler,,0.6,False,False,20.0,False,,121500
6365866,https://bina.az/items/6365866,heyet-evleri,m²,75.0,1.5,3.0,,,True,False,False,10,Xırdalan,,,,,,25.0,False,,75000
6365871,https://bina.az/items/6365871,menziller/yeni-tikili,m²,58.0,,2.0,13.0,15.0,False,True,False,5,Bakı,azadliq-prospekti,,0.8666666666666667,False,False,29.0,True,,178000
6365873,https://bina.az/items/6365873,heyet-evleri,m²,234.0,3.3,6.0,,,True,False,False,16,Bakı,qara-qarayev,,,,,39.0,False,,268000
4980795,https://bina.az/items/4980795,torpaq,sot,18.0,,,,,,True,False,6,Bakı,elmler-akademiyasi,,,,,,False,,6000000
6365872,https://bina.az/items/6365872,heyet-evleri,m²,65.0,2.5,2.0,,,False,True,False,6,Bakı,xezer,bine,,,,32.5,False,,105000
4967083,https://bina.az/items/4967083,torpaq,sot,9.0,,,,,,True,False,5,Bakı,sahil,,,,,,False,,5000000
4631583,https://bina.az/items/4631583,obyektler,m²,100.0,,,,,True,True,False,9,Bakı,nesimi,,,,,,False,,1100000
6365874,https://bina.az/items/6365874,menziller/kohne-tikili,m²,65.0,,2.0,9.0,9.0,True,True,True,17,Bakı,suraxani,yeni-gunesli,1.0,False,True,32.5,False,True,132000
5445969,https://bina.az/items/5445969,menziller/kohne-tikili,m²,350.0,,8.0,2.0,2.0,True,True,False,24,Bakı,sahil,,1.0,False,True,43.75,False,,830000
6365880,https://bina.az/items/6365880,menziller/kohne-tikili,m²,110.0,,5.0,2.0,5.0,True,True,False,22,Bakı,azadliq-prospekti,,0.4,False,False,22.0,False,,267000
5926546,https://bina.az/items/5926546,menziller/yeni-tikili,m²,84.0,,2.0,6.0,17.0,True,True,False,14,Bakı,hezi-aslanov,,0.35294117647058826,False,False,42.0,False,,239000
6202195,https://bina.az/items/6202195,heyet-evleri,m²,160.0,1.5,6.0,,,True,False,False,16,Bakı,sebail,bayil,,,,26.666666666666668,False,,145000
6365879,https://bina.az/items/6365879,torpaq,sot,150.0,,,,,,True,False,15,Qəbələ,,,,,,,False,,3750000
5783073,https://bina.az/items/5783073,heyet-evleri,m²,280.0,9.0,6.0,,,True,True,False,26,Bakı,sabuncu,ramana,,,,46.666666666666664,False,,340000
6283552,https://bina.az/items/6283552,menziller/yeni-tikili,m²,44.0,,2.0,7.0,9.0,True,True,False,12,Bakı,yasamal,yasamal-qesebesi,0.7777777777777778,False,False,22.0,False,True,146000
6200439,https://bina.az/items/6200439,menziller/yeni-tikili,m²,80.0,,3.0,6.0,15.0,True,True,False,12,Bakı,hezi-aslanov,,0.4,False,False,26.666666666666668,False,,229000
6365883,https://bina.az/items/6365883,menziller/yeni-tikili,m²,90.0,,3.0,13.0,24.0,True,False,False,13,Bakı,insaatcilar,,0.5416666666666666,False,False,30.0,False,True,295000
6243602,https://bina.az/items/6243602,menziller/kohne-tikili,m²,75.0,,3.0,8.0,9.0,True,True,False,12,Bakı,hezi-aslanov,,0.8888888888888888,False,False,25.0,False,,225000
6365886,https://bina.az/items/6365886,menziller/kohne-tikili,m²,60.0,,2.0,4.0,5.0,True,True,False,6,Bakı,nizami-metrosu,,0.8,False,False,30.0,False,,210000
6284548,https://bina.az/items/6284548,menziller/yeni-tikili,m²,110.0,,4.0,1.0,9.0,True,True,False,12,Bakı,yasamal,yasamal-qesebesi,0.1111111111111111,True,False,27.5,False,,240000
6365887,https://bina.az/items/6365887,heyet-evleri,m²,300.0,2.2,6.0,,,True,True,False,29,Bakı,bineqedi,bileceri,,,,50.0,False,,300000
6365891,https://bina.az/items/6365891,menziller/kohne-tikili,m²,65.0,,2.0,3.0,5.0,True,True,False,12,Bakı,memar-ecemi,,0.6,False,False,32.5,False,True,165000
6365892,https://bina.az/items/6365892,menziller/kohne-tikili,m²,75.0,,3.0,3.0,9.0,True,True,False,16,Bakı,xetai,,0.3333333333333333,False,False,25.0,False,,185000
6363419,https://bina.az/items/6363419,menziller/kohne-tikili,m²,45.0,,1.0,8.0,9.0,True,True,True,10,Bakı,ehmedli,,0.8888888888888888,False,False,45.0,False,,129000
6272533,https://bina.az/items/6272533,menziller/yeni-tikili,m²,60.0,,2.0,2.0,9.0,True,True,False,14,Bakı,elmler-akademiyasi,,0.2222222222222222,False,False,30.0,False,,175000
6365897,https://bina.az/items/6365897,menziller/yeni-tikili,m²,80.0,,2.0,3.0,18.0,True,False,False,22,Bakı,neriman-nerimanov,,0.16666666666666666,False,False,40.0,False,,275000
6240986,https://bina.az/items/6240986,menziller/yeni-tikili,m²,130.0,,4.0,7.0,9.0,True,True,False,18,Bakı,elmler-akademiyasi,,0.7777777777777778,False,False,32.5,False,True,340000
6202556,https://bina.az/items/6202556,menziller/yeni-tikili,m²,55.0,,2.0,3.0,16.0,True,False,False,12,Bakı,nerimanov,,0.1875,False,False,27.5,False,,245000
6365895,https://bina.az/items/6365895,menziller/kohne-tikili,m²,50.0,,3.0,3.0,5.0,True,True,False,11,Bakı,neriman-nerimanov,,0.6,False,False,16.666666666666668,False,,177000
6365899,https://bina.az/items/6365899,menziller/kohne-tikili,m²,65.0,,2.0,6.0,9.0,True,True,True,8,Bakı,memar-ecemi,,0.6666666666666666,False,False,32.5,False,,200000
6277816,https://bina.az/items/6277816,menziller/kohne-tikili,m²,55.0,,2.0,2.0,4.0,True,True,True,10,Bakı,genclik,,0.5,False,False,27.5,False,True,178000
6365898,https://bina.az/items/6365898,torpaq,sot,9.0,,,,,,True,False,6,Qusar,,,,,,,False,,28800
6282403,https://bina.az/items/6282403,menziller/yeni-tikili,m²,323.0,,6.0,16.0,17.0,False,False,False,18,Bakı,neriman-nerimanov,,0.9411764705882353,False,False,53.833333333333336,True,,862410
6365902,https://bina.az/items/6365902,menziller/yeni-tikili,m²,100.0,,3.0,3.0,16.0,True,True,True,10,Bakı,ehmedli,,0.1875,False,False,33.333333333333336,False,,242000
6201113,https://bina.az/items/6201113,menziller/kohne-tikili,m²,80.0,,2.0,1.0,5.0,True,True,False,13,Bakı,nerimanov,,0.2,True,False,40.0,False,,178000
6280068,https://bina.az/items/6280068,menziller/yeni-tikili,m²,86.0,,2.0,9.0,12.0,True,False,False,16,Bakı,nerimanov,,0.75,False,False,43.0,False,,225000
6365906,https://bina.az/items/6365906,menziller/yeni-tikili,m²,100.0,,3.0,7.0,20.0,True,True,True,15,Bakı,sah-ismayil-xetai,,0.35,False,False,33.333333333333336,False,True,350000
6197826,https://bina.az/items/6197826,menziller/kohne-tikili,m²,90.0,,3.0,8.0,9.0,True,True,True,10,Bakı,genclik,,0.8888888888888888,False,False,30.0,False,,245000
6365911,https://bina.az/items/6365911,menziller/yeni-tikili,m²,57.0,,2.0,12.0,16.0,True,True,False,23,Bakı,azadliq-prospekti,,0.75,False,False,28.5,False,True,170000
6365913,https://bina.az/items/6365913,menziller/kohne-tikili,m²,80.0,,3.0,4.0,9.0,True,True,False,14,Bakı,xetai,hezi-aslanov-qesebesi,0.4444444444444444,False,False,26.666666666666668,False,,225000
6365918,https://bina.az/items/6365918,menziller/kohne-tikili,m²,120.0,,4.0,5.0,9.0,True,True,False,16,Bakı,azadliq-prospekti,,0.5555555555555556,False,False,30.0,False,,310000
6365917,https://bina.az/items/6365917,menziller/yeni-tikili,m²,71.0,,3.0,4.0,16.0,True,True,False,11,Bakı,yasamal,,0.25,False,False,23.666666666666668,False,,268000
6101256,https://bina.az/items/6101256,menziller/yeni-tikili,m²,104.0,,3.0,2.0,19.0,True,True,False,28,Bakı,nerimanov,,0.10526315789473684,False,False,34.666666666666664,False,,365000
6064669,https://bina.az/items/6064669,menziller/yeni-tikili,m²,127.0,,3.0,8.0,12.0,True,False,False,15,Bakı,qara-qarayev,,0.6666666666666666,False,False,42.333333333333336,False,,398000
6365927,https://bina.az/items/6365927,menziller/kohne-tikili,m²,65.0,,2.0,4.0,9.0,True,True,False,9,Bakı,ehmedli,,0.4444444444444444,False,False,32.5,False,True,195000
5947894,https://bina.az/items/5947894,menziller/yeni-tikili,m²,68.0,,3.0,9.0,12.0,True,True,False,23,Bakı,suraxani,yeni-gunesli,0.75,False,False,22.666666666666668,False,,182000
6365928,https://bina.az/items/6365928,menziller/kohne-tikili,m²,45.0,,2.0,5.0,12.0,True,True,True,17,Bakı,azadliq-prospekti,,0.4166666666666667,False,False,22.5,False,,150000
6189914,https://bina.az/items/6189914,heyet-evleri,m²,250.0,8.0,5.0,,,True,True,False,30,Bakı,xezer,suvelan,,,,50.0,False,True,490000
6209167,https://bina.az/items/6209167,menziller/yeni-tikili,m²,74.0,,3.0,2.0,7.0,True,True,False,11,Bakı,suraxani,hovsan,0.2857142857142857,False,False,24.666666666666668,False,,142000
6283186,https://bina.az/items/6283186,menziller/yeni-tikili,m²,115.0,,3.0,5.0,15.0,True,True,False,17,Bakı,suraxani,yeni-gunesli,0.3333333333333333,False,False,38.333333333333336,False,,175000
6365932,https://bina.az/items/6365932,menziller/yeni-tikili,m²,110.0,,3.0,13.0,17.0,True,True,True,22,Bakı,qara-qarayev,,0.7647058823529411,False,False,36.666666666666664,False,,325000
6365933,https://bina.az/items/6365933,menziller/kohne-tikili,m²,42.0,,2.0,3.0,5.0,True,True,False,17,Bakı,neriman-nerimanov,,0.6,False,False,21.0,False,,150000
6128616,https://bina.az/items/6128616,menziller/yeni-tikili,m²,92.0,,3.0,12.0,16.0,True,False,False,13,Bakı,ehmedli,,0.75,False,False,30.666666666666668,False,,185000
6048987,https://bina.az/items/6048987,menziller/yeni-tikili,m²,96.0,,3.0,8.0,17.0,True,True,False,9,Bakı,ehmedli,,0.47058823529411764,False,False,32.0,False,,226000
6165725,https://bina.az/items/6165725,menziller/yeni-tikili,m²,87.0,,3.0,9.0,12.0,True,True,False,15,Bakı,elmler-akademiyasi,,0.75,False,False,29.0,False,,212000
6365939,https://bina.az/items/6365939,menziller/yeni-tikili,m²,43.0,,2.0,6.0,12.0,True,True,True,15,Bakı,sabuncu,bakixanov,0.5,False,False,21.5,False,,157900
6365940,https://bina.az/items/6365940,menziller/yeni-tikili,m²,129.0,,4.0,7.0,16.0,True,True,False,12,Bakı,bakmil,,0.4375,False,False,32.25,False,,470000
6195375,https://bina.az/items/6195375,menziller/yeni-tikili,m²,62.0,,2.0,4.0,7.0,True,True,False,11,Bakı,suraxani,hovsan,0.5714285714285714,False,False,31.0,False,,112000
6365949,https://bina.az/items/6365949,menziller/yeni-tikili,m²,52.0,,2.0,14.0,17.0,True,False,False,30,Bakı,koroglu,,0.8235294117647058,False,False,26.0,False,,225000
6365948,https://bina.az/items/6365948,menziller/kohne-tikili,m²,60.0,,3.0,4.0,9.0,True,True,True,16,Bakı,hezi-aslanov,,0.4444444444444444,False,False,20.0,False,,158000
5957213,https://bina.az/items/5957213,menziller/yeni-tikili,m²,68.0,,2.0,16.0,17.0,True,True,False,16,Bakı,elmler-akademiyasi,,0.9411764705882353,False,False,34.0,False,,335000
6365950,https://bina.az/items/6365950,menziller/yeni-tikili,m²,62.0,,2.0,7.0,17.0,True,False,False,12,Xırdalan,,,0.4117647058823529,False,False,31.0,False,,96000
6365938,https://bina.az/items/6365938,menziller/yeni-tikili,m²,55.0,,2.0,18.0,18.0,True,True,True,13,Bakı,yasamal,yeni-yasamal,1.0,False,True,27.5,False,,157000
6278846,https://bina.az/items/6278846,menziller/kohne-tikili,m²,56.0,,2.0,2.0,3.0,True,True,True,20,Bakı,nizami-metrosu,,0.6666666666666666,False,False,28.0,False,,235000
6365957,https://bina.az/items/6365957,menziller/yeni-tikili,m²,83.0,,3.0,9.0,11.0,True,True,True,12,Xırdalan,,,0.8181818181818182,False,False,27.666666666666668,False,,122000
6365956,https://bina.az/items/6365956,heyet-evleri,m²,80.0,1.5,3.0,,,True,False,False,9,Bakı,bineqedi,bineqedi-qesebesi,,,,26.666666666666668,False,,76000
6365962,https://bina.az/items/6365962,menziller/kohne-tikili,m²,70.0,,3.0,1.0,9.0,True,True,True,14,Bakı,suraxani,,0.1111111111111111,True,False,23.333333333333332,False,True,136000
6365964,https://bina.az/items/6365964,obyektler,m²,84.0,,,,,True,True,False,8,Bakı,elmler-akademiyasi,,,,,,False,,550000
6194083,https://bina.az/items/6194083,menziller/kohne-tikili,m²,60.0,,3.0,4.0,5.0,True,True,False,10,Bakı,suraxani,bulbule,0.8,False,False,20.0,False,,115900
6283977,https://bina.az/items/6283977,menziller/yeni-tikili,m²,50.0,,1.0,12.0,12.0,False,False,False,5,Bakı,insaatcilar,,1.0,False,True,50.0,False,,142000
6365965,https://bina.az/items/6365965,menziller/yeni-tikili,m²,140.0,,3.0,8.0,17.0,True,True,True,14,Bakı,insaatcilar,,0.47058823529411764,False,False,46.666666666666664,False,,365000
6197679,https://bina.az/items/6197679,menziller/yeni-tikili,m²,124.0,,3.0,5.0,10.0,True,False,False,28,Bakı,nizami-metrosu,,0.5,False,False,41.333333333333336,False,,520000
6365967,https://bina.az/items/6365967,menziller/yeni-tikili,m²,185.0,,4.0,3.0,17.0,True,True,False,12,Bakı,elmler-akademiyasi,,0.17647058823529413,False,False,46.25,False,,760000
6022165,https://bina.az/items/6022165,menziller/yeni-tikili,m²,92.0,,3.0,13.0,21.0,True,True,False,19,Bakı,28-may,,0.6190476190476191,False,False,30.666666666666668,False,True,460000
6022144,https://bina.az/items/6022144,menziller/yeni-tikili,m²,92.0,,2.0,4.0,21.0,True,True,False,22,Bakı,28-may,,0.19047619047619047,False,False,46.0,False,True,405000
4646873,https://bina.az/items/4646873,obyektler,m²,115.0,,,,,True,True,False,8,Bakı,nesimi,,,,,,False,,950000
5781279,https://bina.az/items/5781279,obyektler,m²,250.0,,,,,False,True,False,21,Bakı,elmler-akademiyasi,,,,,,False,,640000
6365968,https://bina.az/items/6365968,heyet-evleri,m²,61.4,5.0,3.0,,,True,True,False,24,Bakı,suraxani,hovsan,,,,20.466666666666665,False,,100000
6284763,https://bina.az/items/6284763,menziller/yeni-tikili,m²,57.0,,1.0,5.0,6.0,False,False,False,8,Bakı,abseron,masazir,0.8333333333333334,False,False,57.0,False,,62000
6297372,https://bina.az/items/6297372,menziller/yeni-tikili,m²,120.0,,3.0,3.0,17.0,False,True,True,7,Bakı,28-may,,0.17647058823529413,False,False,40.0,True,,390000
6285407,https://bina.az/items/6285407,menziller/yeni-tikili,m²,56.0,,2.0,7.0,7.0,True,True,False,10,Bakı,abseron,masazir,1.0,False,True,28.0,False,,92000
6365975,https://bina.az/items/6365975,menziller/kohne-tikili,m²,45.0,,2.0,4.0,5.0,True,True,False,12,Bakı,hezi-aslanov,,0.8,False,False,22.5,False,,125000
6365971,https://bina.az/items/6365971,menziller/kohne-tikili,m²,65.0,,4.0,5.0,5.0,True,True,False,25,Bakı,memar-ecemi,,1.0,False,True,16.25,False,,160000
6365986,https://bina.az/items/6365986,menziller/kohne-tikili,m²,75.0,,3.0,2.0,9.0,True,True,True,12,Bakı,xetai,,0.2222222222222222,False,False,25.0,False,,180000
6365988,https://bina.az/items/6365988,menziller/yeni-tikili,m²,48.0,,2.0,16.0,17.0,True,True,True,19,Bakı,qara-qarayev,,0.9411764705882353,False,False,24.0,False,,125000
6365989,https://bina.az/items/6365989,menziller/yeni-tikili,m²,75.0,,2.0,12.0,16.0,False,True,False,12,Bakı,neriman-nerimanov,,0.75,False,False,37.5,False,,225000
6263260,https://bina.az/items/6263260,menziller/yeni-tikili,m²,65.0,,2.0,3.0,9.0,True,True,False,17,Bakı,elmler-akademiyasi,,0.3333333333333333,False,False,32.5,False,True,171000
6365998,https://bina.az/items/6365998,menziller/yeni-tikili,m²,100.0,,3.0,8.0,10.0,True,True,True,10,Bakı,abseron,ceyranbatan,0.8,False,False,33.333333333333336,False,,154990
6116456,https://bina.az/items/6116456,menziller/yeni-tikili,m²,118.0,,3.0,8.0,17.0,True,True,False,13,Bakı,nizami-metrosu,,0.47058823529411764,False,False,39.333333333333336,True,,399000
5243496,https://bina.az/items/5243496,menziller/yeni-tikili,m²,67.0,,2.0,15.0,17.0,True,True,True,18,Bakı,elmler-akademiyasi,,0.8823529411764706,False,False,33.5,False,,315000
6106526,https://bina.az/items/6106526,menziller/kohne-tikili,m²,80.0,,3.0,5.0,5.0,False,True,False,11,Bakı,sahil,,1.0,False,True,26.666666666666668,False,,370000
6284855,https://bina.az/items/6284855,menziller/yeni-tikili,m²,125.0,,3.0,4.0,11.0,False,False,False,7,Bakı,nizami,,0.36363636363636365,False,False,41.666666666666664,True,,207000
6119302,https://bina.az/items/6119302,heyet-evleri,m²,190.0,7.0,5.0,,,True,True,True,24,Bakı,xezer,suvelan,,,,38.0,True,,490000
6146704,https://bina.az/items/6146704,menziller/yeni-tikili,m²,123.0,,3.0,6.0,9.0,False,True,True,19,Bakı,sabuncu,bakixanov,0.6666666666666666,False,False,41.0,False,,210000
6203647,https://bina.az/items/6203647,menziller/yeni-tikili,m²,180.0,,3.0,8.0,11.0,False,True,True,10,Bakı,ehmedli,,0.7272727272727273,False,False,60.0,False,,450000
6366010,https://bina.az/items/6366010,menziller/kohne-tikili,m²,45.0,,2.0,4.0,9.0,True,True,True,9,Bakı,bineqedi,8-ci-mikrorayon,0.4444444444444444,False,False,22.5,False,,150000
6365279,https://bina.az/items/6365279,menziller/yeni-tikili,m²,93.0,,2.0,13.0,19.0,True,True,True,18,Bakı,hezi-aslanov,,0.6842105263157895,False,False,46.5,False,,215000
6366012,https://bina.az/items/6366012,heyet-evleri,m²,70.0,1.5,2.0,,,True,False,False,12,Bakı,bineqedi,bineqedi-qesebesi,,,,35.0,False,,58000
6366018,https://bina.az/items/6366018,menziller/kohne-tikili,m²,80.0,,3.0,5.0,5.0,True,True,False,21,Bakı,nizami-metrosu,,1.0,False,True,26.666666666666668,False,,310000
6283066,https://bina.az/items/6283066,heyet-evleri,m²,170.0,2.3,5.0,,,True,True,False,12,Bakı,xetai,hezi-aslanov-qesebesi,,,,34.0,False,,250000
6112439,https://bina.az/items/6112439,torpaq,sot,6.5,,,,,,False,False,7,Bakı,sabuncu,albaliliq,,,,,False,,65000
6366019,https://bina.az/items/6366019,menziller/kohne-tikili,m²,50.0,,2.0,8.0,9.0,True,True,True,15,Bakı,yasamal,yeni-yasamal,0.8888888888888888,False,False,25.0,False,,129800
5951206,https://bina.az/items/5951206,menziller/yeni-tikili,m²,190.0,,5.0,7.0,8.0,False,True,True,11,Bakı,neriman-nerimanov,,0.875,False,False,38.0,False,,470000
6184981,https://bina.az/items/6184981,menziller/yeni-tikili,m²,185.0,,3.0,11.0,14.0,True,True,True,12,Bakı,28-may,,0.7857142857142857,False,False,61.666666666666664,False,,398000
5546717,https://bina.az/items/5546717,obyektler,m²,145.0,,,,,True,True,False,16,Bakı,nesimi,,,,,,False,,300000
6193908,https://bina.az/items/6193908,heyet-evleri,m²,580.0,14.0,8.0,,,True,True,False,26,Bakı,sabuncu,bakixanov,,,,72.5,False,,1680000
6133550,https://bina.az/items/6133550,menziller/yeni-tikili,m²,105.0,,3.0,11.0,15.0,True,True,True,16,Bakı,xetai,hezi-aslanov-qesebesi,0.7333333333333333,False,False,35.0,False,,260000
6271132,https://bina.az/items/6271132,menziller/kohne-tikili,m²,85.0,,3.0,5.0,5.0,True,True,False,14,Bakı,yasamal,,1.0,False,True,28.333333333333332,False,,239000
5981628,https://bina.az/items/5981628,menziller/kohne-tikili,m²,65.0,,2.0,1.0,9.0,True,True,True,14,Bakı,suraxani,yeni-gunesli,0.1111111111111111,True,False,32.5,True,,135000
6283545,https://bina.az/items/6283545,menziller/kohne-tikili,m²,45.0,,2.0,3.0,9.0,True,True,False,7,Bakı,20-yanvar,,0.3333333333333333,False,False,22.5,False,,180000
6274182,https://bina.az/items/6274182,menziller/kohne-tikili,m²,65.0,,2.0,7.0,9.0,True,True,False,15,Bakı,memar-ecemi,,0.7777777777777778,False,False,32.5,False,,190000
6200503,https://bina.az/items/6200503,menziller/kohne-tikili,m²,40.0,,2.0,3.0,5.0,True,True,False,15,Bakı,hezi-aslanov,,0.6,False,False,20.0,False,True,127000
6028084,https://bina.az/items/6028084,menziller/yeni-tikili,m²,109.0,,2.0,4.0,17.0,True,True,False,21,Bakı,bineqedi,8-ci-mikrorayon,0.23529411764705882,False,False,54.5,True,True,355000
6278550,https://bina.az/items/6278550,obyektler,m²,50.0,,,,,True,True,False,8,Bakı,insaatcilar,,,,,,False,,162000
6279731,https://bina.az/items/6279731,menziller/yeni-tikili,m²,101.0,,3.0,14.0,15.0,False,False,False,8,Bakı,neriman-nerimanov,,0.9333333333333333,False,False,33.666666666666664,False,,430000
6366030,https://bina.az/items/6366030,menziller/kohne-tikili,m²,100.0,,5.0,8.0,9.0,True,True,False,23,Bakı,hezi-aslanov,,0.8888888888888888,False,False,20.0,False,,240000
6122197,https://bina.az/items/6122197,heyet-evleri,m²,140.0,9.5,4.0,,,True,True,False,29,Bakı,abseron,novxani,,,,35.0,False,,120000
5051886,https://bina.az/items/5051886,torpaq,sot,32.0,,,,,,True,False,19,Bakı,sebail,badamdar,,,,,False,,2500000
6025551,https://bina.az/items/6025551,menziller/yeni-tikili,m²,117.0,,3.0,1.0,7.0,False,False,False,12,Bakı,sabuncu,sea-breeze,0.14285714285714285,True,False,39.0,False,,295000
5597368,https://bina.az/items/5597368,menziller/yeni-tikili,m²,75.0,,2.0,2.0,6.0,True,False,False,11,Bakı,sabuncu,nardaran,0.3333333333333333,False,False,37.5,False,,323000
6281623,https://bina.az/items/6281623,heyet-evleri,m²,300.0,35.0,6.0,,,True,True,False,30,Bakı,abseron,goredil,,,,50.0,False,,470000
6117188,https://bina.az/items/6117188,heyet-evleri,m²,200.0,22.0,6.0,,,True,True,False,14,Bakı,abseron,novxani,,,,33.333333333333336,False,,270000
5071285,https://bina.az/items/5071285,menziller/yeni-tikili,m²,83.0,,2.0,6.0,6.0,False,False,False,14,Bakı,abseron,masazir,1.0,False,True,41.5,False,,60000
6197572,https://bina.az/items/6197572,obyektler,m²,1000.0,,,,,True,True,False,6,Bakı,neftciler,,,,,,False,,900000
6284716,https://bina.az/items/6284716,menziller/yeni-tikili,m²,72.1,,2.0,3.0,6.0,True,False,False,17,Bakı,sabuncu,nardaran,0.5,False,False,36.05,False,,330000
6366015,https://bina.az/items/6366015,heyet-evleri,m²,135.0,2.5,4.0,,,True,True,False,8,Bakı,abseron,mammadli,,,,33.75,False,,134000
6366041,https://bina.az/items/6366041,menziller/yeni-tikili,m²,44.0,,2.0,3.0,12.0,False,False,False,16,Bakı,hezi-aslanov,,0.25,False,False,22.0,False,,102000
6366043,https://bina.az/items/6366043,heyet-evleri,m²,380.0,8.0,8.0,,,True,False,False,25,Bakı,xezer,merdekan,,,,47.5,False,,325000
6366045,https://bina.az/items/6366045,heyet-evleri,m²,200.0,2.5,7.0,,,True,True,False,18,Bakı,xezer,merdekan,,,,28.571428571428573,False,,233000
6359118,https://bina.az/items/6359118,menziller/kohne-tikili,m²,63.0,,3.0,2.0,5.0,True,True,False,23,Bakı,elmler-akademiyasi,,0.4,False,False,21.0,False,,210000
6366051,https://bina.az/items/6366051,menziller/yeni-tikili,m²,120.0,,5.0,1.0,10.0,True,False,False,20,Bakı,xalqlar-dostlugu,,0.1,True,False,24.0,False,True,240000
4076302,https://bina.az/items/4076302,menziller/yeni-tikili,m²,259.0,,5.0,14.0,15.0,False,True,True,9,Bakı,nizami-metrosu,,0.9333333333333333,False,False,51.8,False,,880600
5044379,https://bina.az/items/5044379,menziller/yeni-tikili,m²,104.0,,2.0,4.0,15.0,True,True,True,30,Bakı,nizami-metrosu,,0.26666666666666666,False,False,52.0,False,,416000
4076369,https://bina.az/items/4076369,menziller/yeni-tikili,m²,267.5,,5.0,9.0,15.0,False,True,True,30,Bakı,nizami-metrosu,,0.6,False,False,53.5,False,,909500
6366061,https://bina.az/items/6366061,menziller/kohne-tikili,m²,60.0,,3.0,2.0,5.0,True,True,False,6,Bakı,28-may,,0.4,False,False,20.0,False,,185000
6312627,https://bina.az/items/6312627,menziller/yeni-tikili,m²,60.0,,2.0,2.0,17.0,True,True,False,23,Bakı,nerimanov,,0.11764705882352941,False,False,30.0,False,,239000
6366069,https://bina.az/items/6366069,menziller/yeni-tikili,m²,90.0,,2.0,5.0,16.0,True,True,True,8,Bakı,nesimi,,0.3125,False,False,45.0,False,,280000
6366058,https://bina.az/items/6366058,menziller/kohne-tikili,m²,120.0,,5.0,5.0,5.0,True,True,True,20,Bakı,sabuncu,bakixanov,1.0,False,True,24.0,False,,235000
6366073,https://bina.az/items/6366073,menziller/yeni-tikili,m²,130.0,,3.0,5.0,17.0,True,True,True,19,Bakı,hezi-aslanov,,0.29411764705882354,False,False,43.333333333333336,False,,257000
6366077,https://bina.az/items/6366077,menziller/yeni-tikili,m²,59.0,,2.0,2.0,4.0,True,True,True,11,Bakı,abseron,masazir,0.5,False,False,29.5,False,,115000
6366078,https://bina.az/items/6366078,obyektler,m²,128.0,,,,,True,True,False,27,Bakı,bineqedi,bileceri,,,,,False,,350000
6366074,https://bina.az/items/6366074,torpaq,sot,20.0,,,,,,False,False,10,Mingəçevir,,,,,,,False,,40000
6282585,https://bina.az/items/6282585,menziller/yeni-tikili,m²,31.0,,1.0,16.0,20.0,False,True,True,6,Bakı,nesimi,,0.8,False,False,31.0,False,,150000
6269508,https://bina.az/items/6269508,menziller/yeni-tikili,m²,90.0,,3.0,9.0,19.0,True,False,False,14,Bakı,yasamal,yeni-yasamal,0.47368421052631576,False,False,30.0,False,,205000
6366081,https://bina.az/items/6366081,menziller/yeni-tikili,m²,86.0,,2.0,7.0,17.0,True,True,True,17,Bakı,elmler-akademiyasi,,0.4117647058823529,False,False,43.0,False,,438000
6105753,https://bina.az/items/6105753,menziller/yeni-tikili,m²,165.0,,3.0,23.0,27.0,True,True,True,24,Bakı,sah-ismayil-xetai,,0.8518518518518519,False,False,55.0,False,,2400000
6366082,https://bina.az/items/6366082,ofisler,m²,116.0,,5.0,,,True,True,True,14,Bakı,xetai,ag-sheher,,,,23.2,False,,620000
6366088,https://bina.az/items/6366088,menziller/kohne-tikili,m²,60.0,,2.0,5.0,5.0,True,True,False,19,Bakı,neriman-nerimanov,,1.0,False,True,30.0,False,,185000
6200517,https://bina.az/items/6200517,menziller/yeni-tikili,m²,61.0,,2.0,6.0,18.0,True,True,True,12,Bakı,nesimi,,0.3333333333333333,False,False,30.5,False,,228000
6366086,https://bina.az/items/6366086,obyektler,m²,6.5,,,,,True,True,False,17,Bakı,xezer,suvelan,,,,,False,,475000
6366089,https://bina.az/items/6366089,menziller/kohne-tikili,m²,80.0,,3.0,2.0,5.0,True,True,False,11,Bakı,elmler-akademiyasi,,0.4,False,False,26.666666666666668,False,True,191000
6365049,https://bina.az/items/6365049,menziller/yeni-tikili,m²,160.0,,3.0,2.0,16.0,True,True,True,18,Bakı,elmler-akademiyasi,,0.125,False,False,53.333333333333336,False,,455000
6366092,https://bina.az/items/6366092,menziller/kohne-tikili,m²,55.0,,2.0,9.0,9.0,True,True,False,18,Bakı,suraxani,yeni-gunesli,1.0,False,True,27.5,False,,132000
6365674,https://bina.az/items/6365674,menziller/yeni-tikili,m²,180.0,,4.0,12.0,17.0,True,True,True,19,Bakı,nizami-metrosu,,0.7058823529411765,False,False,45.0,False,,525000
6365648,https://bina.az/items/6365648,menziller/yeni-tikili,m²,70.0,,3.0,15.0,20.0,True,True,True,16,Xırdalan,abseron,,0.75,False,False,23.333333333333332,False,,118500
6366105,https://bina.az/items/6366105,heyet-evleri,m²,100.0,5.2,4.0,,,False,False,False,12,Bakı,xezer,suvelan,,,,25.0,False,,80000
6366108,https://bina.az/items/6366108,menziller/kohne-tikili,m²,65.0,,2.0,4.0,5.0,True,True,True,20,Bakı,xalqlar-dostlugu,,0.8,False,False,32.5,False,,161000
6366110,https://bina.az/items/6366110,heyet-evleri,m²,150.0,2.0,4.0,,,True,False,False,25,Bakı,suraxani,hovsan,,,,37.5,False,,94500
5568119,https://bina.az/items/5568119,menziller/yeni-tikili,m²,136.0,,4.0,11.0,19.0,True,True,True,20,Bakı,xetai,,0.5789473684210527,False,False,34.0,False,,339000
6366114,https://bina.az/items/6366114,menziller/kohne-tikili,m²,60.0,,2.0,4.0,5.0,True,True,False,7,Bakı,nizami-metrosu,,0.8,False,False,30.0,False,,210000
6366117,https://bina.az/items/6366117,heyet-evleri,m²,90.0,2.0,3.0,,,True,True,False,7,Bakı,bineqedi,bineqedi-qesebesi,,,,30.0,False,,100000
6366119,https://bina.az/items/6366119,menziller/yeni-tikili,m²,47.5,,2.0,17.0,17.0,True,False,False,10,Xırdalan,,,1.0,False,True,23.75,False,,66500
6366121,https://bina.az/items/6366121,menziller/yeni-tikili,m²,66.0,,2.0,5.0,18.0,True,False,False,9,Bakı,sah-ismayil-xetai,,0.2777777777777778,False,False,33.0,False,,236000
6366120,https://bina.az/items/6366120,menziller/kohne-tikili,m²,80.0,,3.0,8.0,9.0,True,True,False,7,Bakı,hezi-aslanov,,0.8888888888888888,False,False,26.666666666666668,False,,190000
6302141,https://bina.az/items/6302141,menziller/kohne-tikili,m²,59.0,,2.0,4.0,5.0,True,True,False,9,Bakı,nesimi,,0.8,False,False,29.5,False,,208000
6366127,https://bina.az/items/6366127,ofisler,m²,110.0,,5.0,,,True,True,True,14,Bakı,nesimi,,,,,22.0,False,,275000
6336995,https://bina.az/items/6336995,menziller/kohne-tikili,m²,89.0,,2.0,3.0,9.0,True,True,True,15,Bakı,xalqlar-dostlugu,,0.3333333333333333,False,False,44.5,False,,168000
6366132,https://bina.az/items/6366132,menziller/yeni-tikili,m²,92.0,,3.0,8.0,19.0,True,True,False,12,Bakı,nizami,,0.42105263157894735,False,False,30.666666666666668,False,,240000
6366135,https://bina.az/items/6366135,menziller/yeni-tikili,m²,181.0,,4.0,6.0,17.0,False,False,False,6,Bakı,28-may,,0.35294117647058826,False,False,45.25,False,,552000
5044313,https://bina.az/items/5044313,menziller/yeni-tikili,m²,114.0,,2.0,2.0,15.0,True,True,True,30,Bakı,nizami-metrosu,,0.13333333333333333,False,False,57.0,False,,456000
6205189,https://bina.az/items/6205189,menziller/kohne-tikili,m²,80.0,,3.0,9.0,9.0,True,True,False,17,Bakı,bineqedi,8-ci-mikrorayon,1.0,False,True,26.666666666666668,False,,210000
6188194,https://bina.az/items/6188194,menziller/kohne-tikili,m²,65.0,,2.0,8.0,9.0,True,True,False,7,Bakı,elmler-akademiyasi,,0.8888888888888888,False,False,32.5,False,,213000
6366142,https://bina.az/items/6366142,menziller/yeni-tikili,m²,82.0,,2.0,10.0,14.0,False,False,False,7,Bakı,nerimanov,,0.7142857142857143,False,False,41.0,False,,234000
5685754,https://bina.az/items/5685754,menziller/yeni-tikili,m²,75.0,,2.0,14.0,21.0,True,False,False,12,Bakı,sah-ismayil-xetai,,0.6666666666666666,False,False,37.5,True,True,289000
4734777,https://bina.az/items/4734777,menziller/yeni-tikili,m²,78.0,,3.0,5.0,16.0,True,True,True,13,Bakı,hezi-aslanov,,0.3125,False,False,26.0,False,,180000
5789815,https://bina.az/items/5789815,menziller/yeni-tikili,m²,69.0,,2.0,13.0,15.0,True,False,False,11,Bakı,nizami-metrosu,,0.8666666666666667,False,False,34.5,False,,285000
6366144,https://bina.az/items/6366144,menziller/yeni-tikili,m²,65.0,,2.0,14.0,20.0,True,True,True,16,Bakı,sah-ismayil-xetai,,0.7,False,False,32.5,False,,275000
6284407,https://bina.az/items/6284407,menziller/kohne-tikili,m²,50.0,,2.0,6.0,9.0,True,True,False,19,Bakı,genclik,,0.6666666666666666,False,False,25.0,False,,217000
6249780,https://bina.az/items/6249780,menziller/kohne-tikili,m²,60.0,,2.0,4.0,5.0,True,True,False,9,Bakı,elmler-akademiyasi,,0.8,False,False,30.0,False,,165000
6324294,https://bina.az/items/6324294,menziller/kohne-tikili,m²,83.0,,3.0,8.0,9.0,True,True,False,19,Bakı,genclik,,0.8888888888888888,False,False,27.666666666666668,False,,240000
5696471,https://bina.az/items/5696471,menziller/yeni-tikili,m²,180.0,,3.0,25.0,27.0,True,True,True,19,Bakı,8-noyabr,,0.9259259259259259,False,False,60.0,False,True,620000
6366147,https://bina.az/items/6366147,menziller/yeni-tikili,m²,61.0,,2.0,10.0,17.0,True,False,False,29,Bakı,genclik,,0.5882352941176471,False,False,30.5,True,True,280000
6366152,https://bina.az/items/6366152,menziller/yeni-tikili,m²,202.0,,3.0,13.0,21.0,False,True,False,9,Bakı,nesimi,,0.6190476190476191,False,False,67.33333333333333,False,,950000
6366149,https://bina.az/items/6366149,menziller/kohne-tikili,m²,60.0,,2.0,1.0,2.0,True,True,False,9,Bakı,iceri-seher-metrosu,,0.5,True,False,30.0,False,,220000
6366154,https://bina.az/items/6366154,menziller/yeni-tikili,m²,51.0,,2.0,15.0,17.0,True,True,True,9,Bakı,azadliq-prospekti,,0.8823529411764706,False,False,25.5,False,True,172999
6211523,https://bina.az/items/6211523,menziller/yeni-tikili,m²,56.0,,2.0,16.0,18.0,True,True,False,20,Bakı,bakmil,,0.8888888888888888,False,False,28.0,False,,270000
6366159,https://bina.az/items/6366159,heyet-evleri,m²,120.0,5.0,4.0,,,True,True,False,12,Bakı,sabuncu,mastaga,,,,30.0,False,,160000
6142788,https://bina.az/items/6142788,menziller/kohne-tikili,m²,55.0,,3.0,3.0,5.0,True,True,False,7,Bakı,memar-ecemi,,0.6,False,False,18.333333333333332,False,,155000
6366165,https://bina.az/items/6366165,menziller/kohne-tikili,m²,85.0,,3.0,4.0,9.0,True,True,False,15,Bakı,elmler-akademiyasi,,0.4444444444444444,False,False,28.333333333333332,False,,265000
6366166,https://bina.az/items/6366166,menziller/kohne-tikili,m²,85.0,,4.0,2.0,5.0,True,True,True,6,Bakı,xezer,merdekan,0.4,False,False,21.25,False,,160000
6284873,https://bina.az/items/6284873,heyet-evleri,m²,200.0,3.0,6.0,,,True,True,False,14,Xırdalan,abseron,,,,,33.333333333333336,False,,197000
5924809,https://bina.az/items/5924809,menziller/yeni-tikili,m²,54.0,,2.0,10.0,16.0,False,True,False,9,Bakı,xetai,ehmedli-qesebesi,0.625,False,False,27.0,False,,155000
6366171,https://bina.az/items/6366171,menziller/kohne-tikili,m²,75.0,,3.0,3.0,5.0,True,True,False,11,Bakı,neriman-nerimanov,,0.6,False,False,25.0,False,,205000
6366174,https://bina.az/items/6366174,menziller/yeni-tikili,m²,212.0,,4.0,7.0,16.0,False,False,False,18,Bakı,nerimanov,,0.4375,False,False,53.0,False,,327500
6279659,https://bina.az/items/6279659,menziller/yeni-tikili,m²,85.0,,2.0,3.0,7.0,True,False,False,13,Bakı,sabuncu,sea-breeze,0.42857142857142855,False,False,42.5,True,,368000
6313298,https://bina.az/items/6313298,menziller/yeni-tikili,m²,157.0,,4.0,6.0,21.0,True,False,False,12,Bakı,sah-ismayil-xetai,,0.2857142857142857,False,False,39.25,True,,375000
6279650,https://bina.az/items/6279650,menziller/yeni-tikili,m²,76.0,,2.0,3.0,7.0,True,False,False,11,Bakı,sabuncu,sea-breeze,0.42857142857142855,False,False,38.0,True,,335000
6279639,https://bina.az/items/6279639,menziller/yeni-tikili,m²,73.0,,2.0,5.0,7.0,True,False,False,13,Bakı,sabuncu,sea-breeze,0.7142857142857143,False,False,36.5,True,,320000
6284879,https://bina.az/items/6284879,menziller/kohne-tikili,m²,65.0,,3.0,1.0,9.0,True,True,False,17,Bakı,xetai,,0.1111111111111111,True,False,21.666666666666668,True,True,135000
6114241,https://bina.az/items/6114241,heyet-evleri,m²,230.0,2.5,5.0,,,True,True,False,8,Bakı,sebail,badamdar,,,,46.0,False,,585000
6284970,https://bina.az/items/6284970,menziller/yeni-tikili,m²,110.0,,4.0,9.0,12.0,False,False,False,9,Bakı,neftciler,,0.75,False,False,27.5,True,,242000
6366177,https://bina.az/items/6366177,menziller/yeni-tikili,m²,73.0,,3.0,6.0,9.0,True,True,False,21,Bakı,suraxani,hovsan,0.6666666666666666,False,False,24.333333333333332,False,,147000
6366176,https://bina.az/items/6366176,heyet-evleri,m²,50.0,1.5,2.0,,,False,True,True,4,Bakı,abseron,mammadli,,,,25.0,False,,45000
6366180,https://bina.az/items/6366180,heyet-evleri,m²,85.0,1.5,3.0,,,True,True,True,8,Bakı,sabuncu,ramana,,,,28.333333333333332,False,,73000
6271923,https://bina.az/items/6271923,heyet-evleri,m²,360.0,12.0,6.0,,,True,True,False,23,Bakı,abseron,novxani,,,,60.0,False,,320000
6283893,https://bina.az/items/6283893,menziller/kohne-tikili,m²,50.0,,3.0,1.0,6.0,True,True,False,9,Bakı,elmler-akademiyasi,,0.16666666666666666,True,False,16.666666666666668,False,,135000
6366190,https://bina.az/items/6366190,heyet-evleri,m²,120.0,2.2,4.0,,,True,True,False,11,Bakı,sebail,badamdar,,,,30.0,False,True,340000
5454429,https://bina.az/items/5454429,menziller/yeni-tikili,m²,54.0,,2.0,11.0,16.0,True,False,False,8,Bakı,neriman-nerimanov,,0.6875,False,False,27.0,False,,225000
6366200,https://bina.az/items/6366200,menziller/yeni-tikili,m²,110.0,,3.0,9.0,21.0,True,True,False,22,Bakı,yasamal,,0.42857142857142855,False,False,36.666666666666664,False,,269000
6280701,https://bina.az/items/6280701,menziller/yeni-tikili,m²,164.0,,4.0,3.0,16.0,True,False,False,14,Bakı,neriman-nerimanov,,0.1875,False,False,41.0,False,True,590000
6366201,https://bina.az/items/6366201,menziller/yeni-tikili,m²,53.0,,2.0,14.0,19.0,True,True,False,15,Bakı,xetai,,0.7368421052631579,False,False,26.5,False,,173000
6366204,https://bina.az/items/6366204,menziller/yeni-tikili,m²,112.0,,3.0,15.0,19.0,True,True,True,8,Bakı,sabuncu,bakixanov,0.7894736842105263,False,False,37.333333333333336,False,,200000
5281703,https://bina.az/items/5281703,menziller/kohne-tikili,m²,100.0,,4.0,6.0,9.0,True,True,False,22,Bakı,sabuncu,bakixanov,0.6666666666666666,False,False,25.0,False,,249000
6366210,https://bina.az/items/6366210,menziller/yeni-tikili,m²,93.0,,3.0,7.0,17.0,True,True,True,10,Bakı,memar-ecemi,,0.4117647058823529,False,False,31.0,False,,225000
5517438,https://bina.az/items/5517438,menziller/yeni-tikili,m²,64.0,,2.0,17.0,17.0,True,False,False,11,Bakı,insaatcilar,,1.0,False,True,32.0,False,,160000
6189492,https://bina.az/items/6189492,menziller/kohne-tikili,m²,35.0,,1.0,5.0,5.0,True,True,False,15,Bakı,yasamal,,1.0,False,True,35.0,False,,138000
6366221,https://bina.az/items/6366221,torpaq,sot,3.0,,,,,,False,False,3,Bakı,sabuncu,savalan,,,,,False,,12000
6366231,https://bina.az/items/6366231,heyet-evleri,m²,120.0,3.0,3.0,,,True,False,False,10,Bakı,qara-qarayev,,,,,40.0,False,True,230000
6184677,https://bina.az/items/6184677,menziller/kohne-tikili,m²,60.0,,2.0,6.0,6.0,True,True,False,15,Bakı,hezi-aslanov,,1.0,False,True,30.0,False,,135000
5660732,https://bina.az/items/5660732,menziller/yeni-tikili,m²,168.0,,3.0,6.0,18.0,False,False,False,19,Bakı,sah-ismayil-xetai,,0.3333333333333333,False,False,56.0,False,,560000
6366237,https://bina.az/items/6366237,menziller/yeni-tikili,m²,130.0,,3.0,9.0,16.0,True,True,True,13,Bakı,hezi-aslanov,,0.5625,False,False,43.333333333333336,False,,345000
5695395,https://bina.az/items/5695395,menziller/yeni-tikili,m²,154.0,,3.0,3.0,8.0,False,False,False,20,Bakı,nerimanov,,0.375,False,False,51.333333333333336,False,,510000
5695453,https://bina.az/items/5695453,menziller/yeni-tikili,m²,98.0,,2.0,3.0,8.0,False,False,False,12,Bakı,nerimanov,,0.375,False,False,49.0,False,,319000
6294262,https://bina.az/items/6294262,menziller/yeni-tikili,m²,102.0,,3.0,2.0,14.0,True,True,True,13,Bakı,memar-ecemi,,0.14285714285714285,False,False,34.0,False,,265000
5700912,https://bina.az/items/5700912,menziller/yeni-tikili,m²,182.5,,4.0,8.0,16.0,False,True,True,20,Bakı,sebail,,0.5,False,False,45.625,False,,570000
6366239,https://bina.az/items/6366239,menziller/yeni-tikili,m²,62.0,,2.0,5.0,17.0,True,True,False,11,Bakı,koroglu,,0.29411764705882354,False,False,31.0,False,,255000
6200339,https://bina.az/items/6200339,menziller/yeni-tikili,m²,205.0,,4.0,11.0,16.0,False,True,False,10,Bakı,nesimi,,0.6875,False,False,51.25,False,,420000
6174344,https://bina.az/items/6174344,menziller/yeni-tikili,m²,50.0,,2.0,9.0,20.0,True,True,False,13,Bakı,20-yanvar,,0.45,False,False,25.0,False,True,170000
6366242,https://bina.az/items/6366242,menziller/kohne-tikili,m²,55.0,,2.0,4.0,5.0,True,True,False,11,Bakı,insaatcilar,,0.8,False,False,27.5,False,,175000
6343852,https://bina.az/items/6343852,menziller/yeni-tikili,m²,156.0,,3.0,3.0,16.0,False,False,False,7,Bakı,qara-qarayev,,0.1875,False,False,52.0,False,,322000
6220095,https://bina.az/items/6220095,menziller/yeni-tikili,m²,167.0,,4.0,6.0,17.0,False,True,False,13,Bakı,bineqedi,bileceri,0.35294117647058826,False,False,41.75,False,,275000
6366236,https://bina.az/items/6366236,heyet-evleri,m²,84.0,1.5,3.0,,,True,False,False,9,Bakı,sabuncu,zabrat,,,,28.0,False,,72500
6340855,https://bina.az/items/6340855,menziller/kohne-tikili,m²,65.0,,2.0,6.0,9.0,True,True,True,11,Bakı,hezi-aslanov,,0.6666666666666666,False,False,32.5,False,,189000
6366248,https://bina.az/items/6366248,menziller/kohne-tikili,m²,60.0,,2.0,2.0,5.0,True,True,True,19,Bakı,xetai,ehmedli-qesebesi,0.4,False,False,30.0,False,,143000
6366250,https://bina.az/items/6366250,heyet-evleri,m²,800.0,20.0,15.0,,,True,True,True,28,Bakı,bineqedi,bineqedi-qesebesi,,,,53.333333333333336,False,,450000
6283325,https://bina.az/items/6283325,menziller/yeni-tikili,m²,35.0,,2.0,1.0,6.0,True,False,False,6,Bakı,abseron,masazir,0.16666666666666666,True,False,17.5,False,,60000
6366251,https://bina.az/items/6366251,menziller/yeni-tikili,m²,80.0,,3.0,7.0,16.0,True,False,False,11,Bakı,neriman-nerimanov,,0.4375,False,False,26.666666666666668,True,,350000
6366249,https://bina.az/items/6366249,menziller/kohne-tikili,m²,75.0,,3.0,5.0,5.0,True,True,True,12,Bakı,xalqlar-dostlugu,,1.0,False,True,25.0,False,,155000
6366253,https://bina.az/items/6366253,menziller/yeni-tikili,m²,68.0,,2.0,7.0,16.0,True,True,True,12,Bakı,nesimi-metrosu,,0.4375,False,False,34.0,False,,195000
5646656,https://bina.az/items/5646656,menziller/yeni-tikili,m²,150.0,,3.0,22.0,27.0,True,True,True,16,Bakı,8-noyabr,,0.8148148148148148,False,False,50.0,True,,440000
6108091,https://bina.az/items/6108091,menziller/yeni-tikili,m²,120.0,,3.0,5.0,16.0,True,True,True,17,Bakı,28-may,,0.3125,False,False,40.0,True,True,367000
6366258,https://bina.az/items/6366258,menziller/yeni-tikili,m²,55.0,,2.0,7.0,18.0,True,True,True,9,Bakı,hezi-aslanov,,0.3888888888888889,False,False,27.5,False,,159000
6027663,https://bina.az/items/6027663,menziller/yeni-tikili,m²,113.0,,3.0,16.0,18.0,False,False,False,13,Bakı,28-may,,0.8888888888888888,False,False,37.666666666666664,False,,325000
6283818,https://bina.az/items/6283818,menziller/kohne-tikili,m²,80.0,,3.0,4.0,5.0,True,True,False,8,Bakı,avtovagzal,,0.8,False,False,26.666666666666668,False,,160000
5905102,https://bina.az/items/5905102,torpaq,sot,5.0,,,,,,True,False,11,Bakı,abseron,mammadli,,,,,False,,60000
6366261,https://bina.az/items/6366261,menziller/yeni-tikili,m²,120.0,,3.0,3.0,19.0,True,True,False,21,Bakı,8-noyabr,,0.15789473684210525,False,False,40.0,False,,310000
6366266,https://bina.az/items/6366266,menziller/kohne-tikili,m²,95.0,,3.0,1.0,5.0,True,True,False,11,Bakı,28-may,,0.2,True,False,31.666666666666668,False,,250000
6366269,https://bina.az/items/6366269,menziller/yeni-tikili,m²,60.0,,3.0,15.0,16.0,True,True,True,12,Xırdalan,,,0.9375,False,False,20.0,False,,95000
6034952,https://bina.az/items/6034952,menziller/yeni-tikili,m²,64.0,,2.0,17.0,19.0,True,True,False,11,Bakı,hezi-aslanov,,0.8947368421052632,False,False,32.0,False,,199000
6366278,https://bina.az/items/6366278,menziller/kohne-tikili,m²,55.0,,2.0,4.0,9.0,True,True,True,14,Bakı,xetai,,0.4444444444444444,False,False,27.5,False,,150000
6192658,https://bina.az/items/6192658,torpaq,sot,2.0,,,,,,True,False,4,Bakı,sebail,badamdar,,,,,False,,190000
6366281,https://bina.az/items/6366281,menziller/kohne-tikili,m²,44.0,,2.0,4.0,5.0,True,True,False,4,Bakı,elmler-akademiyasi,,0.8,False,False,22.0,False,,175000
6366286,https://bina.az/items/6366286,torpaq,sot,3.0,,,,,,True,True,5,Bakı,xezer,merdekan,,,,,False,,95000
6366276,https://bina.az/items/6366276,menziller/kohne-tikili,m²,74.0,,4.0,2.0,3.0,True,False,False,6,Bakı,sebail,bayil,0.6666666666666666,False,False,18.5,False,,250000
6366285,https://bina.az/items/6366285,menziller/yeni-tikili,m²,100.0,,3.0,15.0,16.0,True,True,True,17,Bakı,xalqlar-dostlugu,,0.9375,False,False,33.333333333333336,False,,265000
4891313,https://bina.az/items/4891313,torpaq,sot,10.0,,,,,,True,False,6,Bakı,abseron,saray,,,,,False,,135000
6122387,https://bina.az/items/6122387,menziller/yeni-tikili,m²,90.0,,3.0,13.0,17.0,True,True,False,11,Bakı,hezi-aslanov,,0.7647058823529411,False,False,30.0,False,,246000
5478597,https://bina.az/items/5478597,menziller/yeni-tikili,m²,106.6,,3.0,3.0,17.0,True,True,True,30,Bakı,qara-qarayev,,0.17647058823529413,False,False,35.53333333333333,False,,310000
6204135,https://bina.az/items/6204135,menziller/yeni-tikili,m²,77.0,,2.0,8.0,16.0,False,True,False,9,Bakı,memar-ecemi,,0.5,False,False,38.5,False,,208000
5220886,https://bina.az/items/5220886,heyet-evleri,m²,250.0,3.2,5.0,,,True,True,True,30,Bakı,qara-qarayev,,,,,50.0,False,,495000
6201661,https://bina.az/items/6201661,heyet-evleri,m²,525.0,4.2,7.0,,,True,True,True,30,Bakı,suraxani,qaracuxur,,,,75.0,False,True,650000
6366293,https://bina.az/items/6366293,menziller/kohne-tikili,m²,100.0,,3.0,6.0,9.0,True,True,False,13,Bakı,neriman-nerimanov,,0.6666666666666666,False,False,33.333333333333336,False,,250000
6205385,https://bina.az/items/6205385,menziller/yeni-tikili,m²,135.0,,4.0,12.0,16.0,True,True,False,21,Bakı,hezi-aslanov,,0.75,False,False,33.75,False,,299000
6025647,https://bina.az/items/6025647,menziller/yeni-tikili,m²,63.0,,2.0,4.0,17.0,True,False,False,17,Bakı,qara-qarayev,,0.23529411764705882,False,False,31.5,False,,205000
6362887,https://bina.az/items/6362887,menziller/kohne-tikili,m²,60.0,,2.0,6.0,9.0,True,True,False,13,Bakı,hezi-aslanov,,0.6666666666666666,False,False,30.0,False,,189000
6281125,https://bina.az/items/6281125,menziller/yeni-tikili,m²,41.0,,1.0,4.0,14.0,False,False,False,8,Bakı,sabuncu,sea-breeze,0.2857142857142857,False,False,41.0,True,,125000
6281141,https://bina.az/items/6281141,menziller/yeni-tikili,m²,36.0,,1.0,18.0,18.0,False,False,False,8,Bakı,sabuncu,sea-breeze,1.0,False,True,36.0,True,,120000
6281176,https://bina.az/items/6281176,menziller/yeni-tikili,m²,100.0,,3.0,8.0,18.0,False,False,False,8,Bakı,sabuncu,sea-breeze,0.4444444444444444,False,False,33.333333333333336,True,,256000
6366289,https://bina.az/items/6366289,heyet-evleri,m²,550.0,4.0,6.0,,,True,True,False,24,Bakı,azadliq-prospekti,,,,,91.66666666666667,False,,410000
6284802,https://bina.az/items/6284802,menziller/yeni-tikili,m²,63.0,,3.0,2.0,18.0,True,True,False,10,Bakı,hezi-aslanov,,0.1111111111111111,False,False,21.0,False,,150000
6366299,https://bina.az/items/6366299,menziller/kohne-tikili,m²,55.0,,2.0,3.0,5.0,True,True,False,19,Bakı,20-yanvar,,0.6,False,False,27.5,False,,142000
6359448,https://bina.az/items/6359448,menziller/kohne-tikili,m²,60.0,,3.0,3.0,9.0,True,True,False,13,Bakı,hezi-aslanov,,0.3333333333333333,False,False,20.0,False,,172000
6284821,https://bina.az/items/6284821,menziller/yeni-tikili,m²,96.0,,3.0,7.0,17.0,True,True,False,13,Bakı,hezi-aslanov,,0.4117647058823529,False,False,32.0,False,,205000
6366310,https://bina.az/items/6366310,menziller/kohne-tikili,m²,65.0,,2.0,2.0,2.0,True,True,False,14,Bakı,azadliq-prospekti,,1.0,False,True,32.5,False,,80000
6366311,https://bina.az/items/6366311,menziller/yeni-tikili,m²,35.0,,2.0,4.0,6.0,True,False,False,11,Bakı,abseron,masazir,0.6666666666666666,False,False,17.5,False,,67000
6366313,https://bina.az/items/6366313,menziller/yeni-tikili,m²,70.0,,3.0,4.0,15.0,True,True,True,18,Bakı,suraxani,yeni-gunesli,0.26666666666666666,False,False,23.333333333333332,False,True,179000
6282769,https://bina.az/items/6282769,menziller/yeni-tikili,m²,85.0,,2.0,15.0,18.0,True,False,False,12,Bakı,28-may,,0.8333333333333334,False,False,42.5,False,,310000
6189108,https://bina.az/items/6189108,menziller/yeni-tikili,m²,117.0,,4.0,14.0,16.0,True,False,False,28,Bakı,neriman-nerimanov,,0.875,False,False,29.25,False,,460000
6366312,https://bina.az/items/6366312,menziller/yeni-tikili,m²,100.0,,2.0,10.0,17.0,True,True,True,22,Bakı,8-noyabr,,0.5882352941176471,False,False,50.0,False,,340000
6285099,https://bina.az/items/6285099,heyet-evleri,m²,95.0,5.0,6.0,,,True,True,False,16,Bakı,abseron,novxani,,,,15.833333333333334,False,,75000
6204200,https://bina.az/items/6204200,menziller/yeni-tikili,m²,69.0,,2.0,3.0,14.0,False,False,False,12,Bakı,qara-qarayev,,0.21428571428571427,False,False,34.5,False,,215000
6285119,https://bina.az/items/6285119,torpaq,sot,4.0,,,,,,True,True,7,Bakı,abseron,novxani,,,,,False,,46000
5774083,https://bina.az/items/5774083,menziller/yeni-tikili,m²,103.0,,3.0,12.0,14.0,False,False,False,14,Xırdalan,,,0.8571428571428571,False,False,34.333333333333336,False,,135000
6282222,https://bina.az/items/6282222,menziller/yeni-tikili,m²,125.0,,3.0,11.0,12.0,True,True,False,29,Xırdalan,abseron,,0.9166666666666666,False,False,41.666666666666664,False,,219000
6200830,https://bina.az/items/6200830,menziller/yeni-tikili,m²,146.0,,3.0,10.0,17.0,False,False,False,9,Bakı,koroglu,,0.5882352941176471,False,False,48.666666666666664,True,,365000
6366316,https://bina.az/items/6366316,ofisler,m²,252.0,,4.0,,,True,True,True,19,Bakı,sah-ismayil-xetai,,,,,63.0,False,,700000
6282242,https://bina.az/items/6282242,menziller/kohne-tikili,m²,110.0,,4.0,4.0,9.0,True,True,False,22,Bakı,memar-ecemi,,0.4444444444444444,False,False,27.5,False,,269900
6204175,https://bina.az/items/6204175,menziller/yeni-tikili,m²,63.6,,1.0,4.0,14.0,False,False,False,12,Bakı,qara-qarayev,,0.2857142857142857,False,False,63.6,False,,194000
6203517,https://bina.az/items/6203517,menziller/yeni-tikili,m²,82.0,,2.0,13.0,16.0,False,False,False,4,Bakı,ehmedli,,0.8125,False,False,41.0,False,,182000
6366321,https://bina.az/items/6366321,menziller/yeni-tikili,m²,85.0,,3.0,5.0,15.0,True,True,True,17,Bakı,yasamal,yeni-yasamal,0.3333333333333333,False,False,28.333333333333332,False,,186000
6366331,https://bina.az/items/6366331,heyet-evleri,m²,120.0,7.0,8.0,,,True,True,False,9,Ağdaş,,,,,,15.0,False,,100000
6366329,https://bina.az/items/6366329,menziller/yeni-tikili,m²,59.0,,2.0,7.0,16.0,True,True,False,10,Bakı,8-noyabr,,0.4375,False,False,29.5,False,True,211000
6366336,https://bina.az/items/6366336,menziller/yeni-tikili,m²,45.0,,2.0,7.0,9.0,True,True,True,6,Bakı,yasamal,yeni-yasamal,0.7777777777777778,False,False,22.5,False,,150000
6108929,https://bina.az/items/6108929,menziller/yeni-tikili,m²,62.0,,2.0,4.0,14.0,True,True,False,20,Bakı,ehmedli,,0.2857142857142857,False,False,31.0,False,True,185000
6204509,https://bina.az/items/6204509,menziller/kohne-tikili,m²,45.0,,2.0,2.0,5.0,True,True,False,16,Bakı,qara-qarayev,,0.4,False,False,22.5,False,,160000
6257159,https://bina.az/items/6257159,torpaq,sot,20.0,,,,,,True,True,5,Qəbələ,,,,,,,False,,240000
6366342,https://bina.az/items/6366342,heyet-evleri,m²,250.0,15.0,7.0,,,True,True,True,30,Bakı,abseron,novxani,,,,35.714285714285715,False,,284000
6123163,https://bina.az/items/6123163,menziller/yeni-tikili,m²,59.0,,2.0,2.0,14.0,True,True,False,16,Bakı,suraxani,yeni-gunesli,0.14285714285714285,False,False,29.5,False,,137000
6204270,https://bina.az/items/6204270,menziller/yeni-tikili,m²,95.0,,3.0,15.0,17.0,True,True,True,20,Bakı,qara-qarayev,,0.8823529411764706,False,False,31.666666666666668,False,True,263000
6202619,https://bina.az/items/6202619,menziller/yeni-tikili,m²,136.0,,3.0,3.0,16.0,True,True,False,19,Bakı,koroglu,,0.1875,False,False,45.333333333333336,True,,495000
5817107,https://bina.az/items/5817107,menziller/yeni-tikili,m²,240.0,,4.0,12.0,20.0,True,True,True,26,Bakı,nesimi,,0.6,False,False,60.0,False,True,700000
6366350,https://bina.az/items/6366350,menziller/yeni-tikili,m²,62.5,,2.0,5.0,8.0,False,True,False,10,Bakı,abseron,masazir,0.625,False,False,31.25,False,,75000
6285033,https://bina.az/items/6285033,menziller/yeni-tikili,m²,90.0,,3.0,6.0,16.0,True,True,True,11,Bakı,xalqlar-dostlugu,,0.375,False,False,30.0,False,,258000
6282977,https://bina.az/items/6282977,menziller/kohne-tikili,m²,70.0,,3.0,7.0,9.0,True,True,True,18,Bakı,suraxani,yeni-gunesli,0.7777777777777778,False,False,23.333333333333332,False,,185000
6280724,https://bina.az/items/6280724,menziller/yeni-tikili,m²,94.0,,3.0,1.0,19.0,True,True,True,11,Bakı,hezi-aslanov,,0.05263157894736842,True,False,31.333333333333332,False,,215000
6274641,https://bina.az/items/6274641,menziller/yeni-tikili,m²,65.5,,2.0,15.0,16.0,True,True,True,19,Bakı,neftciler,,0.9375,False,False,32.75,False,,225000
6277505,https://bina.az/items/6277505,menziller/yeni-tikili,m²,80.0,,3.0,12.0,20.0,True,True,True,21,Bakı,ehmedli,,0.6,False,False,26.666666666666668,False,,180000
6286306,https://bina.az/items/6286306,menziller/yeni-tikili,m²,64.0,,2.0,3.0,16.0,True,True,True,24,Bakı,nesimi,,0.1875,False,False,32.0,False,True,282000
6022070,https://bina.az/items/6022070,menziller/yeni-tikili,m²,92.0,,3.0,5.0,14.0,True,False,False,23,Bakı,qara-qarayev,,0.35714285714285715,False,False,30.666666666666668,False,,290000
4170266,https://bina.az/items/4170266,obyektler,m²,100.0,,,,,True,True,False,12,Bakı,neriman-nerimanov,,,,,,False,,340000
6200570,https://bina.az/items/6200570,menziller/yeni-tikili,m²,117.0,,3.0,10.0,11.0,True,True,True,13,Bakı,28-may,,0.9090909090909091,False,False,39.0,False,True,468000
6366360,https://bina.az/items/6366360,menziller/yeni-tikili,m²,100.0,,2.0,4.0,16.0,False,True,True,11,Bakı,ehmedli,,0.25,False,False,50.0,False,,210000
6035666,https://bina.az/items/6035666,menziller/kohne-tikili,m²,100.0,,3.0,1.0,2.0,True,True,False,10,Bakı,sebail,bayil,0.5,True,False,33.333333333333336,False,,230000
5110069,https://bina.az/items/5110069,menziller/yeni-tikili,m²,215.0,,4.0,12.0,20.0,True,True,False,19,Bakı,28-may,,0.6,False,False,53.75,False,,666000
6202902,https://bina.az/items/6202902,menziller/yeni-tikili,m²,158.0,,3.0,10.0,13.0,True,True,True,17,Bakı,nerimanov,,0.7692307692307693,False,False,52.666666666666664,False,,466100
6269317,https://bina.az/items/6269317,menziller/yeni-tikili,m²,90.0,,2.0,16.0,17.0,True,True,True,15,Bakı,28-may,,0.9411764705882353,False,False,45.0,True,True,450000
6245192,https://bina.az/items/6245192,menziller/yeni-tikili,m²,105.0,,3.0,9.0,17.0,True,True,True,27,Bakı,hezi-aslanov,,0.5294117647058824,False,False,35.0,False,,345000
5873179,https://bina.az/items/5873179,menziller/yeni-tikili,m²,99.0,,3.0,5.0,12.0,False,False,False,8,Bakı,dernegul,,0.4166666666666667,False,False,33.0,False,,235000
6249022,https://bina.az/items/6249022,menziller/yeni-tikili,m²,90.0,,2.0,16.0,16.0,True,True,True,14,Bakı,ehmedli,,1.0,False,True,45.0,False,,250000
5371029,https://bina.az/items/5371029,menziller/yeni-tikili,m²,77.0,,2.0,4.0,7.0,True,False,False,12,Bakı,sabuncu,sea-breeze,0.5714285714285714,False,False,38.5,False,,425000
4719387,https://bina.az/items/4719387,torpaq,sot,6.5,,,,,,True,False,15,Bakı,bineqedi,m-e-resulzade,,,,,False,,555000
4721217,https://bina.az/items/4721217,obyektler,m²,115.0,,,,,True,True,True,11,Bakı,ehmedli,,,,,,False,,355000
4262804,https://bina.az/items/4262804,heyet-evleri,m²,1000.0,24.0,10.0,,,True,True,False,20,Bakı,sabuncu,albaliliq,,,,100.0,False,,1000000
6272328,https://bina.az/items/6272328,menziller/yeni-tikili,m²,196.0,,4.0,13.0,17.0,True,True,True,11,Bakı,nesimi,,0.7647058823529411,False,False,49.0,False,,525000
5359838,https://bina.az/items/5359838,menziller/yeni-tikili,m²,129.0,,3.0,4.0,5.0,True,True,False,17,Bakı,sebail,shixov,0.8,False,False,43.0,False,,295000
5864640,https://bina.az/items/5864640,menziller/yeni-tikili,m²,135.7,,4.0,6.0,7.0,False,True,False,23,Bakı,xetai,ag-sheher,0.8571428571428571,False,False,33.925,False,,816000
5825170,https://bina.az/items/5825170,menziller/yeni-tikili,m²,52.0,,1.0,2.0,7.0,True,True,True,6,Bakı,sabuncu,nardaran,0.2857142857142857,False,False,52.0,False,,312000
6285107,https://bina.az/items/6285107,menziller/yeni-tikili,m²,145.0,,3.0,12.0,17.0,False,True,False,6,Bakı,nizami,,0.7058823529411765,False,False,48.333333333333336,True,,286000
5392213,https://bina.az/items/5392213,menziller/yeni-tikili,m²,80.0,,3.0,2.0,5.0,True,False,False,17,Bakı,sabuncu,sea-breeze,0.4,False,False,26.666666666666668,False,,435000
5163619,https://bina.az/items/5163619,menziller/yeni-tikili,m²,93.0,,2.0,12.0,20.0,True,True,False,30,Bakı,nerimanov,,0.6,False,False,46.5,False,,330000
5795298,https://bina.az/items/5795298,menziller/yeni-tikili,m²,134.0,,3.0,3.0,8.0,False,True,False,5,Bakı,sabuncu,,0.375,False,False,44.666666666666664,False,,350000
6366378,https://bina.az/items/6366378,menziller/yeni-tikili,m²,110.0,,4.0,11.0,17.0,True,True,True,9,Bakı,xalqlar-dostlugu,,0.6470588235294118,False,False,27.5,False,,295000
6082290,https://bina.az/items/6082290,menziller/yeni-tikili,m²,177.0,,3.0,6.0,6.0,True,True,False,12,Bakı,xetai,ag-sheher,1.0,False,True,59.0,False,,750000
5793170,https://bina.az/items/5793170,menziller/yeni-tikili,m²,144.0,,3.0,23.0,27.0,True,True,True,22,Bakı,8-noyabr,,0.8518518518518519,False,False,48.0,False,True,435000
6366377,https://bina.az/items/6366377,torpaq,sot,2000.0,,,,,False,True,False,5,Bakı,sabuncu,savalan,,,,,False,,599000
6006655,https://bina.az/items/6006655,menziller/yeni-tikili,m²,100.0,,2.0,2.0,6.0,True,True,False,13,Bakı,sabuncu,sea-breeze,0.3333333333333333,False,False,50.0,False,,545000
6366382,https://bina.az/items/6366382,menziller/kohne-tikili,m²,135.0,,3.0,3.0,5.0,True,True,True,21,Bakı,qara-qarayev,,0.6,False,False,45.0,False,,329000
6366385,https://bina.az/items/6366385,heyet-evleri,m²,155.0,2.0,4.0,,,True,False,False,21,Xırdalan,,,,,,38.75,False,,225000
6361810,https://bina.az/items/6361810,menziller/yeni-tikili,m²,110.0,,3.0,6.0,9.0,True,False,False,11,Sumqayıt,abseron,baki-abseron-asagi-guzdek,0.6666666666666666,False,False,36.666666666666664,False,False,67000
6030924,https://bina.az/items/6030924,menziller/yeni-tikili,m²,154.0,,3.0,4.0,16.0,True,False,False,13,Bakı,elmler-akademiyasi,,0.25,False,False,51.333333333333336,False,,630000
6194427,https://bina.az/items/6194427,menziller/kohne-tikili,m²,53.0,,2.0,4.0,5.0,True,True,False,11,Bakı,elmler-akademiyasi,,0.8,False,False,26.5,False,,170000
5118973,https://bina.az/items/5118973,menziller/kohne-tikili,m²,105.0,,4.0,6.0,9.0,True,True,True,15,Bakı,elmler-akademiyasi,,0.6666666666666666,False,False,26.25,False,,355000
6366390,https://bina.az/items/6366390,menziller/yeni-tikili,m²,113.0,,3.0,4.0,14.0,True,True,True,8,Bakı,azadliq-prospekti,,0.2857142857142857,False,False,37.666666666666664,True,,355000
6366389,https://bina.az/items/6366389,menziller/kohne-tikili,m²,65.0,,2.0,2.0,5.0,True,True,False,14,Bakı,nizami-metrosu,,0.4,False,False,32.5,False,,240000
5878926,https://bina.az/items/5878926,heyet-evleri,m²,420.0,7.5,9.0,,,True,True,True,30,Şirvan,,,,,,46.666666666666664,False,,139000
6196223,https://bina.az/items/6196223,menziller/yeni-tikili,m²,100.0,,3.0,12.0,15.0,True,True,True,8,Bakı,elmler-akademiyasi,,0.8,False,False,33.333333333333336,True,,485000
6115234,https://bina.az/items/6115234,menziller/kohne-tikili,m²,65.0,,2.0,3.0,5.0,True,True,False,14,Bakı,elmler-akademiyasi,,0.6,False,False,32.5,False,,225000
6221377,https://bina.az/items/6221377,menziller/yeni-tikili,m²,60.0,,2.0,3.0,4.0,True,False,False,10,Bakı,suraxani,,0.75,False,False,30.0,True,,110000
5247082,https://bina.az/items/5247082,torpaq,sot,20.0,,,,,,True,False,5,Qəbələ,,,,,,,False,,150000
6366393,https://bina.az/items/6366393,heyet-evleri,m²,74.0,1.7,2.0,,,True,True,False,12,Xırdalan,abseron,,,,,37.0,False,True,84000
6197637,https://bina.az/items/6197637,menziller/yeni-tikili,m²,106.0,,3.0,13.0,15.0,True,False,False,21,Bakı,insaatcilar,,0.8666666666666667,False,False,35.333333333333336,False,True,275000
6285074,https://bina.az/items/6285074,menziller/yeni-tikili,m²,213.0,,3.0,9.0,9.0,True,True,True,7,Bakı,abseron,masazir,1.0,False,True,71.0,False,,150000
6080833,https://bina.az/items/6080833,menziller/kohne-tikili,m²,65.0,,2.0,5.0,6.0,True,True,False,8,Bakı,nizami-metrosu,,0.8333333333333334,False,False,32.5,False,True,230000
6366397,https://bina.az/items/6366397,torpaq,sot,24.0,,,,,,True,True,5,Bakı,xezer,qala,,,,,False,,268500
5775180,https://bina.az/items/5775180,menziller/yeni-tikili,m²,97.0,,2.0,6.0,18.0,True,True,True,22,Bakı,memar-ecemi,,0.3333333333333333,False,False,48.5,False,,236000
6284759,https://bina.az/items/6284759,menziller/kohne-tikili,m²,51.0,,2.0,8.0,9.0,True,True,False,12,Bakı,xetai,kohne-gunesli,0.8888888888888888,False,False,25.5,False,,139000
6366405,https://bina.az/items/6366405,menziller/kohne-tikili,m²,135.0,,4.0,9.0,9.0,True,True,False,16,Bakı,20-yanvar,,1.0,False,True,33.75,False,,255000
6284689,https://bina.az/items/6284689,menziller/yeni-tikili,m²,92.0,,3.0,17.0,18.0,True,True,False,21,Bakı,yasamal,,0.9444444444444444,False,False,30.666666666666668,False,,219000
6366407,https://bina.az/items/6366407,obyektler,m²,1370.0,,,,,True,True,False,24,Bakı,sabuncu,ramana,,,,,False,True,3000000
6366410,https://bina.az/items/6366410,menziller/kohne-tikili,m²,60.0,,3.0,9.0,9.0,True,True,True,12,Bakı,xalqlar-dostlugu,,1.0,False,True,20.0,False,True,155000
6366411,https://bina.az/items/6366411,menziller/kohne-tikili,m²,62.0,,3.0,4.0,4.0,True,True,False,8,Bakı,28-may,,1.0,False,True,20.666666666666668,False,,175000
6275112,https://bina.az/items/6275112,menziller/yeni-tikili,m²,59.6,,2.0,5.0,17.0,True,False,False,24,Bakı,neftciler,,0.29411764705882354,False,False,29.8,False,True,165000
6200317,https://bina.az/items/6200317,heyet-evleri,m²,200.0,8.0,5.0,,,True,True,True,15,Bakı,xezer,suvelan,,,,40.0,False,True,475000
6281958,https://bina.az/items/6281958,menziller/yeni-tikili,m²,90.0,,3.0,3.0,17.0,True,False,False,15,Bakı,ehmedli,,0.17647058823529413,False,False,30.0,False,,210000
6123882,https://bina.az/items/6123882,obyektler,m²,65.0,,,,,True,True,True,14,Bakı,nizami-metrosu,,,,,,False,,415000
6123808,https://bina.az/items/6123808,menziller/yeni-tikili,m²,85.0,,3.0,15.0,18.0,True,True,True,14,Bakı,neftciler,,0.8333333333333334,False,False,28.333333333333332,True,,255000
6366416,https://bina.az/items/6366416,menziller/yeni-tikili,m²,67.0,,3.0,3.0,4.0,True,False,False,7,Bakı,suraxani,qaracuxur,0.75,False,False,22.333333333333332,True,,119000
6062511,https://bina.az/items/6062511,menziller/yeni-tikili,m²,75.0,,2.0,8.0,16.0,True,True,True,7,Bakı,hezi-aslanov,,0.5,False,False,37.5,False,,192000
6366414,https://bina.az/items/6366414,heyet-evleri,m²,600.0,10.0,10.0,,,True,False,False,28,Bakı,xezer,buzovna,,,,60.0,False,True,245000
6366418,https://bina.az/items/6366418,menziller/kohne-tikili,m²,65.0,,2.0,4.0,5.0,True,True,True,9,Bakı,xalqlar-dostlugu,,0.8,False,False,32.5,False,,161000
6366419,https://bina.az/items/6366419,menziller/kohne-tikili,m²,80.0,,3.0,5.0,5.0,True,True,False,14,Bakı,28-may,,1.0,False,True,26.666666666666668,False,,230000
6366421,https://bina.az/items/6366421,menziller/yeni-tikili,m²,90.0,,3.0,6.0,11.0,True,True,True,11,Bakı,yasamal,yeni-yasamal,0.5454545454545454,False,False,30.0,False,,245000
5771215,https://bina.az/items/5771215,obyektler,m²,30.0,,,,,True,True,False,19,Bakı,qara-qarayev,,,,,,False,,68000
6281255,https://bina.az/items/6281255,menziller/yeni-tikili,m²,177.0,,4.0,5.0,15.0,False,False,False,8,Bakı,neriman-nerimanov,,0.3333333333333333,False,False,44.25,False,,708000
6366424,https://bina.az/items/6366424,menziller/kohne-tikili,m²,60.0,,2.0,9.0,9.0,True,True,True,19,Bakı,qara-qarayev,,1.0,False,True,30.0,False,,139000
6321481,https://bina.az/items/6321481,menziller/yeni-tikili,m²,162.0,,3.0,8.0,18.0,True,True,True,17,Bakı,neriman-nerimanov,,0.4444444444444444,False,False,54.0,False,True,500000
5902865,https://bina.az/items/5902865,menziller/yeni-tikili,m²,358.0,,4.0,15.0,18.0,False,True,False,20,Bakı,sebail,bayil,0.8333333333333334,False,False,89.5,False,,2220000
6366428,https://bina.az/items/6366428,heyet-evleri,m²,256.0,5.0,4.0,,,True,True,True,29,Bakı,sabuncu,zabrat,,,,64.0,False,,195000
5932353,https://bina.az/items/5932353,obyektler,m²,67.0,,,,,True,True,False,14,Bakı,28-may,,,,,,False,False,640000
6239185,https://bina.az/items/6239185,obyektler,m²,5000.0,,,,,True,True,False,5,Bakı,suraxani,hovsan,,,,,False,,120000
6366433,https://bina.az/items/6366433,menziller/kohne-tikili,m²,90.0,,4.0,4.0,5.0,True,True,True,16,Bakı,qara-qarayev,,0.8,False,False,22.5,False,,205000
6366436,https://bina.az/items/6366436,menziller/yeni-tikili,m²,90.0,,3.0,8.0,21.0,True,True,True,16,Bakı,insaatcilar,,0.38095238095238093,False,False,30.0,False,,248000
6366434,https://bina.az/items/6366434,menziller/yeni-tikili,m²,114.0,,3.0,2.0,19.0,True,True,False,18,Bakı,sah-ismayil-xetai,,0.10526315789473684,False,False,38.0,True,True,350000
6205671,https://bina.az/items/6205671,menziller/yeni-tikili,m²,100.0,,3.0,7.0,17.0,True,True,True,24,Bakı,ehmedli,,0.4117647058823529,False,False,33.333333333333336,False,True,240000
6030401,https://bina.az/items/6030401,menziller/yeni-tikili,m²,110.0,,3.0,11.0,19.0,True,True,True,11,Bakı,hezi-aslanov,,0.5789473684210527,False,False,36.666666666666664,False,,245000
6366443,https://bina.az/items/6366443,menziller/kohne-tikili,m²,70.0,,3.0,1.0,5.0,True,True,True,19,Bakı,neftciler,,0.2,True,False,23.333333333333332,False,,175000
6366444,https://bina.az/items/6366444,menziller/yeni-tikili,m²,74.0,,2.0,6.0,6.0,True,True,True,24,Bakı,sabuncu,nardaran,1.0,False,True,37.0,False,,430000
6115132,https://bina.az/items/6115132,menziller/kohne-tikili,m²,70.0,,3.0,5.0,5.0,True,True,True,12,Bakı,neftciler,,1.0,False,True,23.333333333333332,False,,160000
6366449,https://bina.az/items/6366449,menziller/kohne-tikili,m²,65.0,,3.0,4.0,5.0,True,True,True,30,Bakı,hezi-aslanov,,0.8,False,False,21.666666666666668,False,,180000
6366450,https://bina.az/items/6366450,heyet-evleri,m²,140.0,4.0,4.0,,,True,True,False,8,Bakı,abseron,mehdiabad,,,,35.0,False,,110000
5526549,https://bina.az/items/5526549,heyet-evleri,m²,220.0,2.2,6.0,,,True,True,False,22,Bakı,qara-qarayev,,,,,36.666666666666664,False,,270000
5615257,https://bina.az/items/5615257,menziller/kohne-tikili,m²,85.0,,3.0,2.0,9.0,True,True,True,17,Bakı,hezi-aslanov,,0.2222222222222222,False,False,28.333333333333332,False,,205000
6117825,https://bina.az/items/6117825,menziller/kohne-tikili,m²,70.0,,3.0,1.0,5.0,True,True,True,13,Bakı,qara-qarayev,,0.2,True,False,23.333333333333332,False,,170000
6117832,https://bina.az/items/6117832,menziller/kohne-tikili,m²,85.0,,3.0,9.0,9.0,True,True,True,14,Bakı,xetai,kohne-gunesli,1.0,False,True,28.333333333333332,False,,150000
5938467,https://bina.az/items/5938467,obyektler,m²,130.0,,,,,True,True,False,12,Bakı,insaatcilar,,,,,,False,,235000
6366452,https://bina.az/items/6366452,menziller/yeni-tikili,m²,57.0,,2.0,10.0,11.0,True,True,False,28,Bakı,suraxani,zig,0.9090909090909091,False,False,28.5,False,True,112000
6366457,https://bina.az/items/6366457,menziller/kohne-tikili,m²,65.0,,3.0,3.0,5.0,True,True,True,20,Bakı,neriman-nerimanov,,0.6,False,False,21.666666666666668,False,,240000
5865292,https://bina.az/items/5865292,menziller/kohne-tikili,m²,110.0,,4.0,9.0,9.0,,True,False,23,Bakı,bineqedi,7-ci-mikrorayon,1.0,False,True,27.5,False,,220000
6190085,https://bina.az/items/6190085,heyet-evleri,m²,100.0,9.0,3.0,,,False,True,False,8,Bakı,abseron,novxani,,,,33.333333333333336,False,,90000
6366374,https://bina.az/items/6366374,menziller/yeni-tikili,m²,100.0,,2.0,4.0,16.0,False,True,True,9,Bakı,ehmedli,,0.25,False,False,50.0,False,,207000
6366460,https://bina.az/items/6366460,menziller/kohne-tikili,m²,50.0,,1.0,4.0,9.0,True,True,True,4,Bakı,neftciler,,0.4444444444444444,False,False,50.0,False,,130000
6199414,https://bina.az/items/6199414,heyet-evleri,m²,230.0,9.0,6.0,,,False,True,False,18,Bakı,abseron,novxani,,,,38.333333333333336,False,,175000
5928625,https://bina.az/items/5928625,torpaq,sot,6.0,,,,,,True,False,7,Bakı,abseron,fatmayi,,,,,False,,36000
5947102,https://bina.az/items/5947102,heyet-evleri,m²,300.0,20.0,6.0,,,True,True,False,30,Bakı,abseron,novxani,,,,50.0,False,,650000
6366467,https://bina.az/items/6366467,menziller/yeni-tikili,m²,92.0,,4.0,11.0,17.0,True,True,True,18,Bakı,hezi-aslanov,,0.6470588235294118,False,False,23.0,False,True,255000
6121844,https://bina.az/items/6121844,heyet-evleri,m²,260.0,6.0,5.0,,,True,True,False,30,Bakı,abseron,novxani,,,,52.0,False,,145000
6121656,https://bina.az/items/6121656,heyet-evleri,m²,280.0,14.0,5.0,,,True,True,False,11,Bakı,abseron,novxani,,,,56.0,False,,210000
6283862,https://bina.az/items/6283862,torpaq,sot,2.0,,,,,,True,False,16,Bakı,abseron,novxani,,,,,False,,24000
6012135,https://bina.az/items/6012135,torpaq,sot,25.0,,,,,,True,False,20,Bakı,abseron,novxani,,,,,False,,550000
5862344,https://bina.az/items/5862344,heyet-evleri,m²,366.0,5.6,6.0,,,False,True,True,26,Bakı,xezer,suvelan,,,,61.0,False,,250000
5781570,https://bina.az/items/5781570,torpaq,sot,12.0,,,,,,True,False,5,Bakı,xezer,merdekan,,,,,False,,336000
5920476,https://bina.az/items/5920476,torpaq,sot,12.0,,,,,,True,False,6,Bakı,xezer,suvelan,,,,,False,,280000
6035237,https://bina.az/items/6035237,torpaq,sot,6.0,,,,,,True,True,9,Bakı,xezer,suvelan,,,,,False,,145000
6366475,https://bina.az/items/6366475,menziller/yeni-tikili,m²,87.0,,3.0,16.0,18.0,True,True,True,6,Bakı,memar-ecemi,,0.8888888888888888,False,False,29.0,True,,240000
6366478,https://bina.az/items/6366478,menziller/yeni-tikili,m²,70.0,,2.0,15.0,18.0,True,True,False,10,Bakı,yasamal,yeni-yasamal,0.8333333333333334,False,False,35.0,False,,166000
6366479,https://bina.az/items/6366479,heyet-evleri,m²,64.0,0.1,4.0,,,True,False,False,15,Bakı,nerimanov,,,,,16.0,False,,125000
6204096,https://bina.az/items/6204096,menziller/yeni-tikili,m²,147.0,,3.0,10.0,16.0,True,True,True,9,Bakı,20-yanvar,,0.625,False,False,49.0,False,True,355000
6205324,https://bina.az/items/6205324,menziller/yeni-tikili,m²,61.3,,1.0,15.0,17.0,True,True,True,9,Bakı,20-yanvar,,0.8823529411764706,False,False,61.3,False,False,180000
6366482,https://bina.az/items/6366482,obyektler,m²,1000.0,,,,,True,True,False,13,Qusar,,,,,,,False,,1850000
5073201,https://bina.az/items/5073201,torpaq,sot,36.0,,,,,,True,False,9,Bakı,xezer,merdekan,,,,,False,,1170000
6167879,https://bina.az/items/6167879,menziller/yeni-tikili,m²,85.0,,3.0,9.0,11.0,False,False,False,10,Bakı,abseron,masazir,0.8181818181818182,False,False,28.333333333333332,False,,85000
6366489,https://bina.az/items/6366489,heyet-evleri,m²,62.0,1.0,2.0,,,True,False,False,6,Bakı,bineqedi,bineqedi-qesebesi,,,,31.0,False,,45500
6366494,https://bina.az/items/6366494,heyet-evleri,m²,100.0,3.0,3.0,,,True,True,False,8,Qəbələ,,,,,,33.333333333333336,False,,100000
6281102,https://bina.az/items/6281102,menziller/yeni-tikili,m²,181.0,,4.0,11.0,14.0,True,True,False,19,Bakı,elmler-akademiyasi,,0.7857142857142857,False,False,45.25,True,,1000000
6269712,https://bina.az/items/6269712,menziller/yeni-tikili,m²,96.0,,3.0,9.0,11.0,True,True,True,13,Bakı,elmler-akademiyasi,,0.8181818181818182,False,False,32.0,False,True,410000
6366492,https://bina.az/items/6366492,heyet-evleri,m²,75.0,1.4,3.0,,,True,True,True,6,Bakı,sabuncu,savalan,,,,25.0,False,,72000
6269102,https://bina.az/items/6269102,menziller/yeni-tikili,m²,52.0,,2.0,4.0,7.0,False,False,False,4,Bakı,xetai,ag-sheher,0.5714285714285714,False,False,26.0,True,,275000
6366503,https://bina.az/items/6366503,menziller/yeni-tikili,m²,42.0,,2.0,8.0,10.0,True,True,False,8,Bakı,abseron,masazir,0.8,False,False,21.0,False,,88000
6150384,https://bina.az/items/6150384,menziller/kohne-tikili,m²,70.0,,3.0,7.0,9.0,True,True,False,24,Sumqayıt,,,0.7777777777777778,False,False,23.333333333333332,False,,119500
6366505,https://bina.az/items/6366505,heyet-evleri,m²,125.0,2.5,3.0,,,True,False,False,10,Bakı,sabuncu,ramana,,,,41.666666666666664,False,True,89000
6194685,https://bina.az/items/6194685,menziller/kohne-tikili,m²,70.0,,3.0,4.0,5.0,True,True,False,5,Bakı,neriman-nerimanov,,0.8,False,False,23.333333333333332,False,,235000
6366512,https://bina.az/items/6366512,menziller/yeni-tikili,m²,142.0,,3.0,8.0,18.0,True,True,True,14,Bakı,nerimanov,,0.4444444444444444,False,False,47.333333333333336,False,,420000
6366515,https://bina.az/items/6366515,menziller/kohne-tikili,m²,60.0,,2.0,8.0,9.0,True,True,True,8,Bakı,hezi-aslanov,,0.8888888888888888,False,False,30.0,False,,167000
6263421,https://bina.az/items/6263421,menziller/yeni-tikili,m²,80.0,,2.0,6.0,12.0,True,True,False,25,Sumqayıt,,,0.5,False,False,40.0,False,,132000
6365207,https://bina.az/items/6365207,menziller/yeni-tikili,m²,92.0,,2.0,13.0,17.0,True,True,True,12,Bakı,hezi-aslanov,,0.7647058823529411,False,False,46.0,False,,215000
6366528,https://bina.az/items/6366528,menziller/yeni-tikili,m²,100.0,,3.0,7.0,17.0,True,True,True,20,Bakı,ehmedli,,0.4117647058823529,False,False,33.333333333333336,False,,240000
6204220,https://bina.az/items/6204220,menziller/kohne-tikili,m²,60.0,,2.0,2.0,9.0,True,True,False,9,Bakı,hezi-aslanov,,0.2222222222222222,False,False,30.0,False,,165000
6366531,https://bina.az/items/6366531,menziller/kohne-tikili,m²,18.0,,1.0,1.0,1.0,True,True,False,9,Bakı,nesimi,,1.0,True,True,18.0,False,,59000
6366534,https://bina.az/items/6366534,torpaq,sot,5.5,,,,,,True,False,8,Bakı,sebail,badamdar,,,,,False,,530000
6204284,https://bina.az/items/6204284,menziller/kohne-tikili,m²,60.0,,2.0,3.0,9.0,True,True,False,10,Bakı,hezi-aslanov,,0.3333333333333333,False,False,30.0,False,True,149000
5953878,https://bina.az/items/5953878,menziller/yeni-tikili,m²,105.0,,3.0,5.0,17.0,True,True,True,11,Bakı,insaatcilar,,0.29411764705882354,False,False,35.0,False,,285000
6366535,https://bina.az/items/6366535,menziller/yeni-tikili,m²,45.0,,2.0,6.0,20.0,True,True,True,8,Bakı,20-yanvar,,0.3,False,False,22.5,False,,174000
6366539,https://bina.az/items/6366539,menziller/kohne-tikili,m²,120.0,,5.0,8.0,9.0,True,True,True,24,Bakı,xalqlar-dostlugu,,0.8888888888888888,False,False,24.0,False,,250000
6113478,https://bina.az/items/6113478,menziller/kohne-tikili,m²,80.0,,3.0,9.0,9.0,True,True,True,7,Bakı,ehmedli,,1.0,False,True,26.666666666666668,False,,166000
6366542,https://bina.az/items/6366542,heyet-evleri,m²,120.0,2.5,4.0,,,True,True,True,13,Bakı,xezer,suvelan,,,,30.0,True,True,190000
6113488,https://bina.az/items/6113488,menziller/kohne-tikili,m²,50.0,,2.0,4.0,5.0,True,True,True,23,Bakı,xalqlar-dostlugu,,0.8,False,False,25.0,False,,146000
6366544,https://bina.az/items/6366544,menziller/kohne-tikili,m²,90.0,,3.0,3.0,9.0,True,True,True,11,Bakı,memar-ecemi,,0.3333333333333333,False,False,30.0,False,,225000
6366547,https://bina.az/items/6366547,heyet-evleri,m²,150.0,3.0,4.0,,,True,True,True,13,Bakı,xezer,suvelan,,,,37.5,True,,215000
6113496,https://bina.az/items/6113496,menziller/kohne-tikili,m²,65.0,,2.0,1.0,9.0,True,True,True,9,Bakı,ehmedli,,0.1111111111111111,True,False,32.5,False,,140000
6113506,https://bina.az/items/6113506,menziller/kohne-tikili,m²,50.0,,2.0,4.0,5.0,True,True,True,9,Bakı,neftciler,,0.8,False,False,25.0,False,,152000
6366550,https://bina.az/items/6366550,heyet-evleri,m²,200.0,8.0,6.0,,,True,False,False,12,Bakı,xezer,merdekan,,,,33.333333333333336,False,,175000
6284670,https://bina.az/items/6284670,menziller/yeni-tikili,m²,93.0,,2.0,2.0,12.0,True,True,False,19,Xırdalan,,,0.16666666666666666,False,False,46.5,False,True,155000
6366555,https://bina.az/items/6366555,menziller/kohne-tikili,m²,100.0,,4.0,3.0,5.0,True,True,False,16,Sumqayıt,,,0.6,False,False,25.0,False,,175000
6366553,https://bina.az/items/6366553,menziller/kohne-tikili,m²,60.0,,3.0,4.0,9.0,True,True,True,16,Bakı,hezi-aslanov,,0.4444444444444444,False,False,20.0,False,,158000
6366545,https://bina.az/items/6366545,menziller/kohne-tikili,m²,85.0,,3.0,6.0,9.0,True,True,True,16,Bakı,hezi-aslanov,,0.6666666666666666,False,False,28.333333333333332,False,,187000
6285153,https://bina.az/items/6285153,menziller/kohne-tikili,m²,75.0,,3.0,3.0,9.0,True,True,True,21,Bakı,xetai,kohne-gunesli,0.3333333333333333,False,False,25.0,False,,179000
6366559,https://bina.az/items/6366559,menziller/yeni-tikili,m²,72.0,,2.0,5.0,20.0,True,True,True,25,Bakı,20-yanvar,,0.25,False,False,36.0,True,,195000
6366558,https://bina.az/items/6366558,menziller/kohne-tikili,m²,65.0,,2.0,6.0,9.0,True,True,True,17,Bakı,hezi-aslanov,,0.6666666666666666,False,False,32.5,False,,145000
6111993,https://bina.az/items/6111993,menziller/kohne-tikili,m²,80.0,,3.0,3.0,9.0,True,True,True,30,Bakı,hezi-aslanov,,0.3333333333333333,False,False,26.666666666666668,False,,220000
6366562,https://bina.az/items/6366562,menziller/kohne-tikili,m²,35.0,,2.0,3.0,5.0,True,True,True,13,Bakı,neftciler,,0.6,False,False,17.5,False,,121500
6366571,https://bina.az/items/6366571,menziller/kohne-tikili,m²,68.0,,3.0,9.0,9.0,True,True,True,11,Bakı,hezi-aslanov,,1.0,False,True,22.666666666666668,False,,157000
6201147,https://bina.az/items/6201147,menziller/kohne-tikili,m²,60.0,,3.0,8.0,9.0,True,True,True,17,Bakı,hezi-aslanov,,0.8888888888888888,False,False,20.0,False,,178000
5958410,https://bina.az/items/5958410,menziller/yeni-tikili,m²,120.0,,3.0,10.0,17.0,True,True,True,30,Bakı,hezi-aslanov,,0.5882352941176471,False,False,40.0,False,,285000
6366575,https://bina.az/items/6366575,menziller/yeni-tikili,m²,76.0,,2.0,2.0,16.0,True,True,False,20,Bakı,20-yanvar,,0.125,False,False,38.0,True,,245000
5966529,https://bina.az/items/5966529,menziller/yeni-tikili,m²,70.0,,2.0,9.0,17.0,True,True,True,9,Bakı,ehmedli,,0.5294117647058824,False,False,35.0,False,True,176000
6205194,https://bina.az/items/6205194,menziller/yeni-tikili,m²,87.0,,3.0,12.0,14.0,True,True,True,15,Bakı,qara-qarayev,,0.8571428571428571,False,False,29.0,False,,268000
6366580,https://bina.az/items/6366580,heyet-evleri,m²,49.0,0.5,2.0,,,True,False,False,5,Bakı,insaatcilar,,,,,24.5,False,,90000
6366587,https://bina.az/items/6366587,menziller/yeni-tikili,m²,72.0,,3.0,15.0,17.0,True,True,True,18,Bakı,insaatcilar,,0.8823529411764706,False,False,24.0,False,,265000
5952226,https://bina.az/items/5952226,menziller/kohne-tikili,m²,78.0,,3.0,3.0,9.0,True,True,True,23,Bakı,xetai,,0.3333333333333333,False,False,26.0,False,,179000
6111319,https://bina.az/items/6111319,torpaq,sot,40.0,,,,,,True,False,13,Bakı,abseron,,,,,,False,,310000
6125039,https://bina.az/items/6125039,menziller/yeni-tikili,m²,86.0,,2.0,15.0,16.0,True,True,False,15,Xırdalan,,,0.9375,False,False,43.0,False,,149900
6366592,https://bina.az/items/6366592,menziller/kohne-tikili,m²,60.0,,2.0,1.0,5.0,True,True,False,10,Bakı,neriman-nerimanov,,0.2,True,False,30.0,False,,185000
6259752,https://bina.az/items/6259752,menziller/kohne-tikili,m²,32.0,,2.0,3.0,5.0,True,True,False,12,Bakı,elmler-akademiyasi,,0.6,False,False,16.0,False,,130000
6366594,https://bina.az/items/6366594,menziller/yeni-tikili,m²,72.0,,2.0,2.0,16.0,True,True,True,21,Bakı,hezi-aslanov,,0.125,False,False,36.0,False,,201000
6031944,https://bina.az/items/6031944,menziller/yeni-tikili,m²,95.0,,3.0,14.0,19.0,True,True,True,14,Bakı,insaatcilar,,0.7368421052631579,False,False,31.666666666666668,True,True,340000
6194564,https://bina.az/items/6194564,menziller/yeni-tikili,m²,209.0,,4.0,4.0,18.0,False,False,False,12,Bakı,28-may,,0.2222222222222222,False,False,52.25,False,,940500
6187703,https://bina.az/items/6187703,menziller/yeni-tikili,m²,106.0,,3.0,11.0,18.0,True,True,True,22,Bakı,elmler-akademiyasi,,0.6111111111111112,False,False,35.333333333333336,False,,540000
6366596,https://bina.az/items/6366596,heyet-evleri,m²,420.0,12.0,7.0,,,True,True,True,28,Bakı,sabuncu,albaliliq,,,,60.0,False,True,415000
6366598,https://bina.az/items/6366598,menziller/yeni-tikili,m²,53.0,,2.0,12.0,14.0,True,True,False,14,Bakı,yasamal,yeni-yasamal,0.8571428571428571,False,False,26.5,False,,156000
6259860,https://bina.az/items/6259860,menziller/yeni-tikili,m²,118.0,,3.0,9.0,14.0,True,True,True,11,Bakı,insaatcilar,,0.6428571428571429,False,False,39.333333333333336,False,,329000
6194460,https://bina.az/items/6194460,menziller/yeni-tikili,m²,133.0,,3.0,11.0,18.0,False,False,False,8,Bakı,28-may,,0.6111111111111112,False,False,44.333333333333336,False,,598500
6366605,https://bina.az/items/6366605,menziller/kohne-tikili,m²,65.0,,2.0,5.0,9.0,True,True,False,10,Bakı,xetai,,0.5555555555555556,False,False,32.5,False,,189000
6181424,https://bina.az/items/6181424,menziller/yeni-tikili,m²,114.0,,3.0,10.0,12.0,False,False,False,9,Bakı,xetai,hezi-aslanov-qesebesi,0.8333333333333334,False,False,38.0,False,,225000
6194408,https://bina.az/items/6194408,menziller/yeni-tikili,m²,92.0,,2.0,11.0,18.0,False,False,False,5,Bakı,sahil,,0.6111111111111112,False,False,46.0,False,,414000
6366608,https://bina.az/items/6366608,menziller/kohne-tikili,m²,110.0,,4.0,4.0,9.0,True,True,False,6,Bakı,hezi-aslanov,,0.4444444444444444,False,False,27.5,False,,189000
5595962,https://bina.az/items/5595962,menziller/yeni-tikili,m²,108.0,,3.0,11.0,18.0,True,True,True,13,Bakı,memar-ecemi,,0.6111111111111112,False,False,36.0,True,True,304000
6258059,https://bina.az/items/6258059,menziller/yeni-tikili,m²,138.0,,3.0,21.0,23.0,False,True,True,7,Bakı,sabuncu,bakixanov,0.9130434782608695,False,False,46.0,True,,290000
6366615,https://bina.az/items/6366615,heyet-evleri,m²,75.0,0.8,3.0,,,True,False,False,7,Bakı,yasamal,,,,,25.0,False,,130000
5603040,https://bina.az/items/5603040,menziller/kohne-tikili,m²,57.0,,3.0,5.0,5.0,True,True,True,9,Bakı,bineqedi,7-ci-mikrorayon,1.0,False,True,19.0,False,,138000
5877827,https://bina.az/items/5877827,menziller/yeni-tikili,m²,131.0,,4.0,9.0,9.0,False,True,True,13,Bakı,sabuncu,bakixanov,1.0,False,True,32.75,False,,236000
5973469,https://bina.az/items/5973469,menziller/yeni-tikili,m²,123.0,,3.0,7.0,9.0,False,True,True,8,Bakı,sabuncu,bakixanov,0.7777777777777778,False,False,41.0,False,,209000
6153757,https://bina.az/items/6153757,menziller/yeni-tikili,m²,142.0,,3.0,3.0,16.0,True,True,True,15,Bakı,nesimi,,0.1875,False,False,47.333333333333336,False,,325000
6366617,https://bina.az/items/6366617,menziller/kohne-tikili,m²,70.0,,2.0,7.0,9.0,True,True,True,24,Bakı,nizami-metrosu,,0.7777777777777778,False,False,35.0,False,,255000
6366622,https://bina.az/items/6366622,heyet-evleri,m²,288.0,5.0,4.0,,,True,True,True,30,Bakı,suraxani,bulbule,,,,72.0,False,,445000
6366630,https://bina.az/items/6366630,torpaq,sot,24.0,,,,,,True,False,6,Bakı,sabuncu,nardaran,,,,,False,,316800
6200855,https://bina.az/items/6200855,heyet-evleri,m²,300.0,8.0,7.0,,,True,True,True,27,Bakı,qaradag,sahil-qesebesi,,,,42.857142857142854,False,,460000
5872566,https://bina.az/items/5872566,menziller/yeni-tikili,m²,55.0,,2.0,13.0,15.0,True,False,False,12,Xırdalan,,,0.8666666666666667,False,False,27.5,False,,110000
6366637,https://bina.az/items/6366637,menziller/yeni-tikili,m²,111.0,,3.0,8.0,17.0,True,False,True,28,Bakı,hezi-aslanov,,0.47058823529411764,False,False,37.0,False,,315000
6285164,https://bina.az/items/6285164,menziller/kohne-tikili,m²,65.0,,2.0,1.0,5.0,True,True,False,16,Bakı,sebail,badamdar,0.2,True,False,32.5,False,,145000
6366639,https://bina.az/items/6366639,menziller/kohne-tikili,m²,85.0,,3.0,1.0,2.0,True,True,False,11,Bakı,nizami-metrosu,,0.5,True,False,28.333333333333332,False,,230000
6366632,https://bina.az/items/6366632,menziller/yeni-tikili,m²,57.0,,2.0,5.0,10.0,True,True,False,14,Sumqayıt,,,0.5,False,False,28.5,False,,153000
6366643,https://bina.az/items/6366643,torpaq,sot,54.0,,,,,,False,False,6,Bakı,xezer,merdekan,,,,,True,,980000
5473463,https://bina.az/items/5473463,menziller/yeni-tikili,m²,80.0,,3.0,14.0,16.0,True,True,True,20,Xırdalan,,,0.875,False,False,26.666666666666668,False,,127900
6366646,https://bina.az/items/6366646,menziller/yeni-tikili,m²,152.0,,3.0,9.0,18.0,True,True,True,17,Bakı,elmler-akademiyasi,,0.5,False,False,50.666666666666664,False,,600000
6366645,https://bina.az/items/6366645,menziller/kohne-tikili,m²,65.0,,2.0,6.0,9.0,True,True,False,12,Bakı,hezi-aslanov,,0.6666666666666666,False,False,32.5,False,,189000
6366655,https://bina.az/items/6366655,menziller/yeni-tikili,m²,31.0,,2.0,3.0,17.0,True,False,False,13,Xırdalan,,,0.17647058823529413,False,False,15.5,False,,57000
6366653,https://bina.az/items/6366653,menziller/yeni-tikili,m²,56.0,,1.0,2.0,4.0,True,False,False,19,Bakı,sabuncu,,0.5,False,False,56.0,False,,340000
4884531,https://bina.az/items/4884531,menziller/kohne-tikili,m²,80.0,,3.0,8.0,9.0,True,True,True,22,Bakı,neriman-nerimanov,,0.8888888888888888,False,False,26.666666666666668,False,,224000
6304185,https://bina.az/items/6304185,menziller/kohne-tikili,m²,48.0,,2.0,7.0,9.0,True,True,True,9,Bakı,xetai,,0.7777777777777778,False,False,24.0,False,,109000
6366659,https://bina.az/items/6366659,heyet-evleri,m²,540.0,6.0,6.0,,,True,False,False,16,Sumqayıt,,,,,,90.0,False,,204000
6366660,https://bina.az/items/6366660,menziller/yeni-tikili,m²,90.0,,2.0,7.0,19.0,True,False,False,16,Bakı,qara-qarayev,,0.3684210526315789,False,False,45.0,False,,300000
6366658,https://bina.az/items/6366658,menziller/yeni-tikili,m²,176.0,,3.0,9.0,18.0,True,False,False,12,Bakı,yasamal,,0.5,False,False,58.666666666666664,False,True,340000
4937009,https://bina.az/items/4937009,menziller/kohne-tikili,m²,119.0,,4.0,4.0,5.0,True,True,True,10,Bakı,28-may,,0.8,False,False,29.75,False,,339000
6139363,https://bina.az/items/6139363,obyektler,m²,220.0,,,,,True,True,False,12,Bakı,nesimi,,,,,,False,,1500000
6366666,https://bina.az/items/6366666,heyet-evleri,m²,335.0,6.0,6.0,,,True,True,False,30,Bakı,xezer,merdekan,,,,55.833333333333336,False,,450000
6366667,https://bina.az/items/6366667,menziller/kohne-tikili,m²,100.0,,3.0,1.0,6.0,True,True,False,8,Bakı,neftciler,,0.16666666666666666,True,False,33.333333333333336,False,,200000
6183644,https://bina.az/items/6183644,obyektler,m²,5400.0,,,,,False,True,False,5,Bakı,abseron,novxani,,,,,False,,2000000
6190853,https://bina.az/items/6190853,obyektler,m²,550.0,,,,,False,True,False,9,Bakı,sah-ismayil-xetai,,,,,,False,,1200000
6366668,https://bina.az/items/6366668,menziller/yeni-tikili,m²,88.0,,2.0,5.0,20.0,True,True,True,12,Bakı,sabuncu,bakixanov,0.25,False,False,44.0,True,True,258000
6366675,https://bina.az/items/6366675,menziller/kohne-tikili,m²,110.0,,5.0,8.0,10.0,True,True,True,13,Bakı,suraxani,yeni-gunesli,0.8,False,False,22.0,False,True,203000
6366678,https://bina.az/items/6366678,heyet-evleri,m²,70.0,1.0,3.0,,,True,False,False,15,Xırdalan,,,,,,23.333333333333332,False,,60000
6366680,https://bina.az/items/6366680,menziller/kohne-tikili,m²,41.6,,2.0,2.0,5.0,True,True,False,20,Sumqayıt,,,0.4,False,False,20.8,False,True,95000
6366681,https://bina.az/items/6366681,obyektler,m²,330.0,,,,,True,True,False,4,Bakı,nizami-metrosu,,,,,,False,,1800000
4980495,https://bina.az/items/4980495,menziller/yeni-tikili,m²,300.0,,5.0,12.0,18.0,True,True,False,30,Bakı,28-may,,0.6666666666666666,False,False,60.0,False,,850000
5900759,https://bina.az/items/5900759,menziller/yeni-tikili,m²,42.0,,1.0,7.0,18.0,True,False,False,5,Bakı,sabuncu,,0.3888888888888889,False,False,42.0,False,,174000
5719245,https://bina.az/items/5719245,menziller/yeni-tikili,m²,188.0,,4.0,17.0,20.0,True,True,True,29,Bakı,elmler-akademiyasi,,0.85,False,False,47.0,False,,495000
5874071,https://bina.az/items/5874071,menziller/yeni-tikili,m²,124.0,,4.0,3.0,10.0,True,True,True,21,Bakı,insaatcilar,,0.3,False,False,31.0,False,,339000
6366689,https://bina.az/items/6366689,menziller/yeni-tikili,m²,80.0,,3.0,15.0,22.0,True,False,False,12,Bakı,yasamal,yasamal-qesebesi,0.6818181818181818,False,False,26.666666666666668,False,,187000
6366692,https://bina.az/items/6366692,menziller/kohne-tikili,m²,52.0,,2.0,7.0,9.0,True,True,True,7,Bakı,azadliq-prospekti,,0.7777777777777778,False,False,26.0,False,True,170000
6366697,https://bina.az/items/6366697,torpaq,sot,10.0,,,,,,True,False,10,Bakı,sebail,badamdar,,,,,False,,1550000
6365809,https://bina.az/items/6365809,menziller/yeni-tikili,m²,60.0,,2.0,6.0,17.0,True,False,False,21,Bakı,neriman-nerimanov,,0.35294117647058826,False,False,30.0,True,,295000
5601121,https://bina.az/items/5601121,menziller/kohne-tikili,m²,120.0,,5.0,7.0,9.0,True,True,False,14,Bakı,hezi-aslanov,,0.7777777777777778,False,False,24.0,False,,255000
6366706,https://bina.az/items/6366706,menziller/kohne-tikili,m²,48.0,,2.0,1.0,5.0,True,True,False,10,Bakı,azadliq-prospekti,,0.2,True,False,24.0,False,,170000
6366709,https://bina.az/items/6366709,menziller/yeni-tikili,m²,70.0,,3.0,2.0,5.0,True,False,False,17,Bakı,bineqedi,bineqedi-qesebesi,0.4,False,False,23.333333333333332,False,True,125000
6366714,https://bina.az/items/6366714,menziller/kohne-tikili,m²,42.0,,2.0,2.0,5.0,True,True,True,19,Bakı,28-may,,0.4,False,False,21.0,False,,185000
5461585,https://bina.az/items/5461585,menziller/yeni-tikili,m²,154.0,,4.0,2.0,16.0,True,True,True,26,Bakı,elmler-akademiyasi,,0.125,False,False,38.5,False,,499000
6366715,https://bina.az/items/6366715,menziller/kohne-tikili,m²,35.0,,2.0,5.0,5.0,True,True,False,16,Bakı,nizami,8-ci-kilometr,1.0,False,True,17.5,False,,112000
6029302,https://bina.az/items/6029302,menziller/yeni-tikili,m²,107.5,,3.0,10.0,15.0,True,False,False,25,Xırdalan,,,0.6666666666666666,False,False,35.833333333333336,False,,189000
6366719,https://bina.az/items/6366719,obyektler,m²,350.0,,,,,True,True,False,15,Bakı,insaatcilar,,,,,,False,,699000
5028029,https://bina.az/items/5028029,menziller/yeni-tikili,m²,94.0,,3.0,2.0,17.0,True,True,True,13,Bakı,iceri-seher-metrosu,,0.11764705882352941,False,False,31.333333333333332,False,True,365000
6186778,https://bina.az/items/6186778,menziller/yeni-tikili,m²,85.0,,2.0,5.0,16.0,True,True,True,11,Bakı,insaatcilar,,0.3125,False,False,42.5,False,,180000
5706723,https://bina.az/items/5706723,menziller/yeni-tikili,m²,63.0,,2.0,4.0,16.0,True,False,False,18,Bakı,qara-qarayev,,0.25,False,False,31.5,False,,205000
6366723,https://bina.az/items/6366723,menziller/yeni-tikili,m²,136.0,,3.0,7.0,17.0,True,True,True,9,Bakı,elmler-akademiyasi,,0.4117647058823529,False,False,45.333333333333336,False,,450000
5616986,https://bina.az/items/5616986,menziller/yeni-tikili,m²,128.0,,4.0,11.0,20.0,True,True,True,29,Bakı,xetai,ag-sheher,0.55,False,False,32.0,False,,649000
5863465,https://bina.az/items/5863465,menziller/yeni-tikili,m²,57.0,,2.0,13.0,15.0,True,False,False,15,Xırdalan,,,0.8666666666666667,False,False,28.5,False,,104900
4212312,https://bina.az/items/4212312,heyet-evleri,m²,280.0,4.0,8.0,,,True,True,True,28,Bakı,sabuncu,bakixanov,,,,35.0,False,,340000
5579746,https://bina.az/items/5579746,menziller/yeni-tikili,m²,85.0,,2.0,14.0,14.0,True,False,False,21,Bakı,qara-qarayev,,1.0,False,True,42.5,False,,265000
6238355,https://bina.az/items/6238355,menziller/yeni-tikili,m²,124.0,,3.0,7.0,12.0,False,False,False,6,Bakı,nesimi,,0.5833333333333334,False,False,41.333333333333336,False,,395000
6366728,https://bina.az/items/6366728,menziller/yeni-tikili,m²,145.0,,3.0,17.0,22.0,False,True,True,4,Bakı,insaatcilar,,0.7727272727272727,False,False,48.333333333333336,False,,380000
5300498,https://bina.az/items/5300498,menziller/yeni-tikili,m²,104.0,,3.0,17.0,18.0,True,True,True,26,Bakı,qara-qarayev,,0.9444444444444444,False,False,34.666666666666664,False,,332000
6366724,https://bina.az/items/6366724,heyet-evleri,m²,270.0,10.0,5.0,,,True,True,False,28,Bakı,abseron,novxani,,,,54.0,False,,450000
5190168,https://bina.az/items/5190168,menziller/kohne-tikili,m²,70.0,,3.0,5.0,5.0,True,True,False,15,Bakı,neftciler,,1.0,False,True,23.333333333333332,False,,180000
5707817,https://bina.az/items/5707817,menziller/yeni-tikili,m²,117.2,,2.0,8.0,16.0,False,True,False,17,Bakı,koroglu,,0.5,False,False,58.6,False,,292500
5936000,https://bina.az/items/5936000,menziller/kohne-tikili,m²,85.0,,3.0,2.0,9.0,True,True,True,21,Bakı,qara-qarayev,,0.2222222222222222,False,False,28.333333333333332,False,,235000
4947283,https://bina.az/items/4947283,menziller/kohne-tikili,m²,80.0,,3.0,2.0,3.0,True,True,False,20,Bakı,sabuncu,bakixanov,0.6666666666666666,False,False,26.666666666666668,False,,140000
4188401,https://bina.az/items/4188401,heyet-evleri,m²,240.0,5.0,5.0,,,True,True,True,26,Bakı,suraxani,yeni-gunesli,,,,48.0,False,,290000
5578629,https://bina.az/items/5578629,menziller/yeni-tikili,m²,103.3,,3.0,4.0,16.0,True,True,True,23,Bakı,neftciler,,0.25,False,False,34.43333333333333,False,,295000
6366731,https://bina.az/items/6366731,menziller/yeni-tikili,m²,198.0,,4.0,13.0,17.0,True,True,True,19,Bakı,nesimi,,0.7647058823529411,False,False,49.5,False,,525000
6366734,https://bina.az/items/6366734,menziller/kohne-tikili,m²,90.0,,4.0,1.0,9.0,True,True,False,11,Sumqayıt,,,0.1111111111111111,True,False,22.5,False,,116000
4812589,https://bina.az/items/4812589,menziller/yeni-tikili,m²,125.0,,3.0,6.0,14.0,True,True,True,14,Bakı,nerimanov,,0.42857142857142855,False,False,41.666666666666664,True,,435000
5482360,https://bina.az/items/5482360,menziller/kohne-tikili,m²,100.0,,4.0,2.0,5.0,True,True,True,18,Bakı,neftciler,,0.4,False,False,25.0,False,,238000
6025439,https://bina.az/items/6025439,menziller/yeni-tikili,m²,63.0,,3.0,8.0,17.0,True,False,False,26,Bakı,qara-qarayev,,0.47058823529411764,False,False,21.0,False,,220000
5369237,https://bina.az/items/5369237,heyet-evleri,m²,1000.0,30.0,8.0,,,True,True,False,21,Bakı,abseron,novxani,,,,125.0,False,,720000
6366747,https://bina.az/items/6366747,obyektler,m²,120.0,,,,,True,True,False,4,Bakı,elmler-akademiyasi,,,,,,False,,450000
6366743,https://bina.az/items/6366743,menziller/yeni-tikili,m²,84.0,,3.0,3.0,16.0,True,True,True,5,Bakı,bakmil,,0.1875,False,False,28.0,False,,323000
6366739,https://bina.az/items/6366739,heyet-evleri,m²,100.0,3.0,5.0,,,True,True,False,23,Sumqayıt,,,,,,20.0,False,,147000
6366746,https://bina.az/items/6366746,obyektler,m²,1085.0,,,,,True,True,False,26,Bakı,sebail,badamdar,,,,,False,,1550000
6366748,https://bina.az/items/6366748,menziller/kohne-tikili,m²,60.0,,2.0,1.0,9.0,True,True,False,17,Bakı,ehmedli,,0.1111111111111111,True,False,30.0,False,,140000
5313370,https://bina.az/items/5313370,menziller/yeni-tikili,m²,69.8,,2.0,3.0,14.0,True,False,False,19,Bakı,qara-qarayev,,0.21428571428571427,False,False,34.9,False,,225000
6203884,https://bina.az/items/6203884,menziller/yeni-tikili,m²,106.0,,3.0,2.0,14.0,True,False,False,25,Bakı,qara-qarayev,,0.14285714285714285,False,False,35.333333333333336,False,,288000
6366753,https://bina.az/items/6366753,menziller/yeni-tikili,m²,84.0,,2.0,7.0,18.0,True,True,False,9,Bakı,elmler-akademiyasi,,0.3888888888888889,False,False,42.0,False,True,355000
6097219,https://bina.az/items/6097219,menziller/kohne-tikili,m²,65.0,,3.0,4.0,4.0,True,True,False,8,Bakı,sabuncu,bakixanov,1.0,False,True,21.666666666666668,False,,145000
5857960,https://bina.az/items/5857960,menziller/yeni-tikili,m²,87.0,,3.0,3.0,14.0,True,False,False,23,Bakı,neftciler,,0.21428571428571427,False,False,29.0,False,,255000
5263369,https://bina.az/items/5263369,menziller/yeni-tikili,m²,117.0,,3.0,5.0,13.0,True,False,False,30,Bakı,hezi-aslanov,,0.38461538461538464,False,False,39.0,False,,210000
6366752,https://bina.az/items/6366752,menziller/yeni-tikili,m²,70.0,,2.0,6.0,12.0,True,True,True,26,Bakı,elmler-akademiyasi,,0.5,False,False,35.0,False,,290000
5967724,https://bina.az/items/5967724,menziller/yeni-tikili,m²,150.0,,3.0,18.0,19.0,True,True,False,19,Bakı,genclik,,0.9473684210526315,False,False,50.0,False,,410000
6030629,https://bina.az/items/6030629,menziller/kohne-tikili,m²,35.0,,2.0,5.0,5.0,True,True,False,11,Bakı,neftciler,,1.0,False,True,17.5,False,,110000
6366762,https://bina.az/items/6366762,menziller/yeni-tikili,m²,137.0,,3.0,10.0,19.0,True,True,True,16,Bakı,neftciler,,0.5263157894736842,False,False,45.666666666666664,False,,330000
6037401,https://bina.az/items/6037401,menziller/kohne-tikili,m²,65.0,,2.0,6.0,9.0,True,True,True,15,Bakı,genclik,,0.6666666666666666,False,False,32.5,False,,217000
5954896,https://bina.az/items/5954896,menziller/yeni-tikili,m²,135.0,,3.0,3.0,17.0,True,True,True,24,Bakı,qara-qarayev,,0.17647058823529413,False,False,45.0,False,,350000
5873101,https://bina.az/items/5873101,menziller/kohne-tikili,m²,120.0,,5.0,7.0,9.0,True,True,False,13,Bakı,hezi-aslanov,,0.7777777777777778,False,False,24.0,False,,255000
6366757,https://bina.az/items/6366757,menziller/yeni-tikili,m²,70.0,,2.0,6.0,18.0,True,True,True,21,Bakı,hezi-aslanov,,0.3333333333333333,False,False,35.0,False,True,170000
6366767,https://bina.az/items/6366767,torpaq,sot,162.0,,,,,,True,False,11,Qəbələ,,,,,,,False,,1377000
6366768,https://bina.az/items/6366768,menziller/yeni-tikili,m²,56.0,,2.0,3.0,19.0,True,True,False,8,Bakı,yasamal,yeni-yasamal,0.15789473684210525,False,False,28.0,False,,139000
5547657,https://bina.az/items/5547657,menziller/kohne-tikili,m²,97.0,,4.0,5.0,9.0,True,True,True,11,Bakı,xalqlar-dostlugu,,0.5555555555555556,False,False,24.25,False,,240000
6052412,https://bina.az/items/6052412,menziller/yeni-tikili,m²,96.0,,3.0,14.0,19.0,True,True,True,12,Bakı,sah-ismayil-xetai,,0.7368421052631579,False,False,32.0,True,,293000
5772276,https://bina.az/items/5772276,menziller/kohne-tikili,m²,85.0,,4.0,5.0,5.0,True,True,True,13,Bakı,xalqlar-dostlugu,,1.0,False,True,21.25,False,,187000
6112395,https://bina.az/items/6112395,menziller/yeni-tikili,m²,107.0,,3.0,6.0,17.0,True,True,True,9,Bakı,memar-ecemi,,0.35294117647058826,False,False,35.666666666666664,False,,290000
5556087,https://bina.az/items/5556087,menziller/yeni-tikili,m²,104.0,,3.0,14.0,20.0,True,True,True,15,Bakı,20-yanvar,,0.7,False,False,34.666666666666664,False,True,299000
6366775,https://bina.az/items/6366775,menziller/kohne-tikili,m²,65.0,,2.0,3.0,9.0,True,True,False,21,Bakı,azadliq-prospekti,,0.3333333333333333,False,False,32.5,False,,228000
6092227,https://bina.az/items/6092227,menziller/yeni-tikili,m²,85.0,,3.0,8.0,18.0,True,True,False,16,Bakı,insaatcilar,,0.4444444444444444,False,False,28.333333333333332,False,True,260000
6366777,https://bina.az/items/6366777,menziller/kohne-tikili,m²,55.0,,3.0,5.0,5.0,True,True,False,16,Bakı,memar-ecemi,,1.0,False,True,18.333333333333332,False,,129500
6366783,https://bina.az/items/6366783,obyektler,m²,500.0,,,,,False,True,False,13,Bakı,20-yanvar,,,,,,False,,775000
6366782,https://bina.az/items/6366782,heyet-evleri,m²,270.0,5.0,8.0,,,True,True,False,30,Şamaxı,,,,,,33.75,False,,128000
6366785,https://bina.az/items/6366785,menziller/yeni-tikili,m²,168.0,,4.0,9.0,20.0,False,True,True,8,Bakı,elmler-akademiyasi,,0.45,False,False,42.0,False,,453600
6366788,https://bina.az/items/6366788,menziller/yeni-tikili,m²,60.0,,2.0,4.0,5.0,True,True,False,17,Bakı,memar-ecemi,,0.8,False,False,30.0,False,,161000
6366778,https://bina.az/items/6366778,menziller/kohne-tikili,m²,36.0,,1.0,2.0,2.0,True,True,False,10,Bakı,nizami-metrosu,,1.0,False,True,36.0,False,,92000
6366790,https://bina.az/items/6366790,menziller/kohne-tikili,m²,45.0,,2.0,7.0,9.0,True,True,True,8,Bakı,memar-ecemi,,0.7777777777777778,False,False,22.5,False,,140000
6366789,https://bina.az/items/6366789,menziller/yeni-tikili,m²,80.0,,3.0,8.0,16.0,True,False,False,15,Bakı,28-may,,0.5,False,False,26.666666666666668,False,,310000
5483242,https://bina.az/items/5483242,menziller/yeni-tikili,m²,88.0,,3.0,2.0,17.0,True,True,True,11,Bakı,ehmedli,,0.11764705882352941,False,False,29.333333333333332,False,,175000
6172888,https://bina.az/items/6172888,menziller/yeni-tikili,m²,160.0,,3.0,3.0,9.0,True,True,False,16,Bakı,sahil,,0.3333333333333333,False,False,53.333333333333336,False,True,855000
3603237,https://bina.az/items/3603237,heyet-evleri,m²,600.0,4.0,7.0,,,True,True,True,30,Bakı,nesimi-metrosu,,,,,85.71428571428571,False,,1100000
6366794,https://bina.az/items/6366794,menziller/yeni-tikili,m²,40.0,,2.0,15.0,16.0,True,True,False,18,Bakı,20-yanvar,,0.9375,False,False,20.0,False,,132000
6366796,https://bina.az/items/6366796,menziller/kohne-tikili,m²,56.0,,2.0,2.0,3.0,True,True,False,8,Bakı,nizami-metrosu,,0.6666666666666666,False,False,28.0,False,,240000
6025558,https://bina.az/items/6025558,menziller/yeni-tikili,m²,63.0,,2.0,13.0,17.0,True,False,False,18,Bakı,qara-qarayev,,0.7647058823529411,False,False,31.5,False,,220000
6366798,https://bina.az/items/6366798,menziller/yeni-tikili,m²,110.0,,2.0,5.0,17.0,True,True,True,15,Bakı,insaatcilar,,0.29411764705882354,False,False,55.0,False,,245000
6366801,https://bina.az/items/6366801,torpaq,sot,85.0,,,,,,False,False,7,Bakı,sebail,badamdar,,,,,False,,4990000
6366804,https://bina.az/items/6366804,torpaq,sot,18.0,,,,,,True,False,7,Oğuz,,,,,,,False,,75000
6366800,https://bina.az/items/6366800,heyet-evleri,m²,200.0,8.0,5.0,,,True,True,True,30,Bakı,xezer,sagan,,,,40.0,False,,182000
5622604,https://bina.az/items/5622604,menziller/yeni-tikili,m²,148.0,,3.0,10.0,17.0,True,True,True,18,Bakı,elmler-akademiyasi,,0.5882352941176471,False,False,49.333333333333336,False,,490000
6085732,https://bina.az/items/6085732,menziller/kohne-tikili,m²,30.0,,2.0,5.0,5.0,True,True,False,10,Bakı,nizami,,1.0,False,True,15.0,False,,114000
6366811,https://bina.az/items/6366811,menziller/yeni-tikili,m²,51.0,,2.0,10.0,15.0,True,True,False,13,Xırdalan,,,0.6666666666666666,False,False,25.5,False,True,114000
6366820,https://bina.az/items/6366820,menziller/kohne-tikili,m²,100.0,,5.0,5.0,5.0,True,True,False,15,Sumqayıt,,,1.0,False,True,20.0,False,,155000
6366823,https://bina.az/items/6366823,menziller/yeni-tikili,m²,66.0,,3.0,3.0,17.0,True,True,False,13,Xırdalan,,,0.17647058823529413,False,False,22.0,False,,117000
6366825,https://bina.az/items/6366825,menziller/kohne-tikili,m²,58.0,,2.0,2.0,5.0,True,True,False,13,Bakı,memar-ecemi,,0.4,False,False,29.0,False,,156000
6196225,https://bina.az/items/6196225,menziller/yeni-tikili,m²,100.0,,3.0,14.0,20.0,True,True,True,28,Bakı,28-may,,0.7,False,False,33.333333333333336,False,False,389000
6366827,https://bina.az/items/6366827,heyet-evleri,m²,90.0,3.0,3.0,,,True,True,False,29,Şirvan,,,,,,30.0,False,,105000
6366831,https://bina.az/items/6366831,menziller/yeni-tikili,m²,200.0,,4.0,18.0,20.0,False,True,True,10,Bakı,elmler-akademiyasi,,0.9,False,False,50.0,False,,535000
5774159,https://bina.az/items/5774159,menziller/yeni-tikili,m²,75.0,,3.0,7.0,10.0,True,True,True,15,Bakı,xetai,,0.7,False,False,25.0,False,,198000
6366837,https://bina.az/items/6366837,menziller/kohne-tikili,m²,58.0,,2.0,6.0,9.0,True,True,True,11,Bakı,insaatcilar,,0.6666666666666666,False,False,29.0,False,,210000
6366840,https://bina.az/items/6366840,torpaq,sot,28.0,,,,,,True,False,6,Xaçmaz,nabran,,,,,,False,,8400
6366846,https://bina.az/items/6366846,menziller/yeni-tikili,m²,73.0,,2.0,11.0,16.0,False,False,False,18,Bakı,genclik,,0.6875,False,False,36.5,False,False,281000
6366843,https://bina.az/items/6366843,menziller/yeni-tikili,m²,165.0,,4.0,2.0,16.0,False,True,True,18,Bakı,28-may,,0.125,False,False,41.25,True,,450000
6276560,https://bina.az/items/6276560,menziller/yeni-tikili,m²,210.0,,5.0,16.0,17.0,True,True,True,15,Bakı,20-yanvar,,0.9411764705882353,False,False,42.0,False,,399000
6364328,https://bina.az/items/6364328,menziller/yeni-tikili,m²,115.0,,3.0,2.0,19.0,True,True,False,19,Bakı,insaatcilar,,0.10526315789473684,False,False,38.333333333333336,False,,265000
6366848,https://bina.az/items/6366848,menziller/kohne-tikili,m²,70.0,,3.0,9.0,10.0,True,True,False,19,Bakı,28-may,,0.9,False,False,23.333333333333332,False,,280000
6366849,https://bina.az/items/6366849,menziller/kohne-tikili,m²,57.0,,2.0,5.0,5.0,True,True,True,18,Bakı,bineqedi,bileceri,1.0,False,True,28.5,False,,127000
6366838,https://bina.az/items/6366838,menziller/yeni-tikili,m²,50.0,,2.0,13.0,17.0,True,True,True,8,Bakı,hezi-aslanov,,0.7647058823529411,False,False,25.0,False,,143000
6265527,https://bina.az/items/6265527,menziller/kohne-tikili,m²,40.0,,1.0,5.0,5.0,True,True,False,4,Bakı,neftciler,,1.0,False,True,40.0,False,,97000
6139923,https://bina.az/items/6139923,menziller/yeni-tikili,m²,144.0,,4.0,4.0,8.0,False,True,False,6,Bakı,xetai,ag-sheher,0.5,False,False,36.0,True,,641000
6276538,https://bina.az/items/6276538,menziller/yeni-tikili,m²,100.0,,2.0,15.0,19.0,True,True,True,27,Bakı,8-noyabr,,0.7894736842105263,False,False,50.0,False,,329000
6366851,https://bina.az/items/6366851,menziller/yeni-tikili,m²,68.0,,2.0,7.0,18.0,True,True,True,10,Bakı,bineqedi,9-cu-mikrorayon,0.3888888888888889,False,False,34.0,False,,195000
6366853,https://bina.az/items/6366853,heyet-evleri,m²,60.0,1.5,3.0,,,True,True,False,26,Bakı,suraxani,emircan,,,,20.0,False,,60000
6366854,https://bina.az/items/6366854,torpaq,sot,6.0,,,,,,True,False,9,Bakı,sabuncu,nardaran,,,,,False,,85000
6366860,https://bina.az/items/6366860,menziller/kohne-tikili,m²,58.0,,2.0,4.0,5.0,True,True,False,14,Bakı,memar-ecemi,,0.8,False,False,29.0,False,,159000
6194851,https://bina.az/items/6194851,menziller/yeni-tikili,m²,79.3,,2.0,6.0,16.0,False,True,False,13,Bakı,koroglu,,0.375,False,False,39.65,True,,214900
6366863,https://bina.az/items/6366863,torpaq,sot,10.5,,,,,,True,False,3,Bakı,hezi-aslanov,,,,,,False,,735000
6090090,https://bina.az/items/6090090,menziller/yeni-tikili,m²,60.0,,2.0,12.0,13.0,True,True,True,14,Bakı,bineqedi,bineqedi-qesebesi,0.9230769230769231,False,False,30.0,False,True,127000
6205463,https://bina.az/items/6205463,menziller/yeni-tikili,m²,133.0,,3.0,5.0,16.0,True,False,False,19,Bakı,neftciler,,0.3125,False,False,44.333333333333336,False,True,385000
6185913,https://bina.az/items/6185913,heyet-evleri,m²,350.0,10.0,5.0,,,True,True,False,18,Bakı,abseron,masazir,,,,70.0,False,,185000
6205410,https://bina.az/items/6205410,menziller/yeni-tikili,m²,152.0,,3.0,8.0,18.0,True,True,False,18,Bakı,elmler-akademiyasi,,0.4444444444444444,False,False,50.666666666666664,False,,620000
6366870,https://bina.az/items/6366870,heyet-evleri,m²,120.0,1.5,3.0,,,True,True,False,16,Bakı,abseron,masazir,,,,40.0,False,,96000
6117520,https://bina.az/items/6117520,menziller/yeni-tikili,m²,137.0,,3.0,7.0,18.0,False,True,False,6,Bakı,sebail,badamdar,0.3888888888888889,False,False,45.666666666666664,True,,330000
5975267,https://bina.az/items/5975267,obyektler,m²,80.0,,,,,True,False,True,18,Bakı,bineqedi,bileceri,,,,,False,,182000
6032742,https://bina.az/items/6032742,menziller/yeni-tikili,m²,85.0,,3.0,5.0,11.0,True,True,True,11,Xırdalan,abseron,,0.45454545454545453,False,False,28.333333333333332,False,True,130000
6361630,https://bina.az/items/6361630,obyektler,m²,33.0,,,,,True,False,False,16,Xırdalan,,,,,,,False,,45500
6361524,https://bina.az/items/6361524,menziller/yeni-tikili,m²,70.0,,2.0,7.0,11.0,True,True,True,11,Xırdalan,abseron,,0.6363636363636364,False,False,35.0,False,True,103000
4959461,https://bina.az/items/4959461,obyektler,m²,1170.0,,,,,True,False,False,28,Bakı,nesimi,,,,,,False,,3600000
6267179,https://bina.az/items/6267179,menziller/yeni-tikili,m²,135.0,,3.0,15.0,17.0,False,True,False,5,Bakı,genclik,,0.8823529411764706,False,False,45.0,False,,430000
5955285,https://bina.az/items/5955285,heyet-evleri,m²,117.0,3.0,3.0,,,True,True,False,9,Bakı,abseron,mehdiabad,,,,39.0,True,,102500
6266967,https://bina.az/items/6266967,menziller/kohne-tikili,m²,50.0,,2.0,2.0,5.0,True,True,False,16,Bakı,iceri-seher-metrosu,,0.4,False,False,25.0,False,,290000
6366776,https://bina.az/items/6366776,torpaq,sot,1428.0,,,,,,True,False,4,Hacıqabul,,,,,,,False,,57000
6366879,https://bina.az/items/6366879,heyet-evleri,m²,656.0,4.0,8.0,,,True,True,False,16,Bakı,nesimi-metrosu,,,,,82.0,False,True,849900
6366883,https://bina.az/items/6366883,menziller/yeni-tikili,m²,73.0,,2.0,7.0,17.0,True,True,True,18,Bakı,genclik,,0.4117647058823529,False,False,36.5,False,True,320000
6366885,https://bina.az/items/6366885,menziller/kohne-tikili,m²,70.0,,3.0,2.0,5.0,True,True,False,14,Bakı,elmler-akademiyasi,,0.4,False,False,23.333333333333332,False,,235000
6275219,https://bina.az/items/6275219,menziller/kohne-tikili,m²,21.4,,1.0,2.0,2.0,True,True,False,8,Bakı,28-may,,1.0,False,True,21.4,False,,92000
6366886,https://bina.az/items/6366886,menziller/yeni-tikili,m²,433.0,,6.0,14.0,15.0,True,True,False,30,Bakı,nesimi,,0.9333333333333333,False,False,72.16666666666667,False,True,433000
6366888,https://bina.az/items/6366888,menziller/kohne-tikili,m²,45.0,,2.0,3.0,5.0,True,True,True,10,Bakı,neriman-nerimanov,,0.6,False,False,22.5,False,,174000
6274503,https://bina.az/items/6274503,menziller/yeni-tikili,m²,100.0,,2.0,4.0,19.0,True,True,False,14,Bakı,nesimi,,0.21052631578947367,False,False,50.0,False,,296000
6366890,https://bina.az/items/6366890,heyet-evleri,m²,100.0,2.3,3.0,,,True,False,False,23,Bakı,suraxani,hovsan,,,,33.333333333333336,False,,72000
6081238,https://bina.az/items/6081238,menziller/yeni-tikili,m²,115.0,,3.0,3.0,7.0,True,False,False,11,Bakı,qara-qarayev,,0.42857142857142855,False,False,38.333333333333336,False,,330000
6366894,https://bina.az/items/6366894,menziller/kohne-tikili,m²,58.0,,2.0,8.0,9.0,True,True,True,11,Bakı,bineqedi,,0.8888888888888888,False,False,29.0,False,,197000
6110063,https://bina.az/items/6110063,menziller/yeni-tikili,m²,180.0,,4.0,11.0,12.0,False,False,False,7,Bakı,iceri-seher-metrosu,,0.9166666666666666,False,False,45.0,False,,765000
5558417,https://bina.az/items/5558417,menziller/yeni-tikili,m²,224.0,,4.0,11.0,19.0,False,True,False,12,Bakı,yasamal,yasamal-qesebesi,0.5789473684210527,False,False,56.0,False,,672000
6196541,https://bina.az/items/6196541,heyet-evleri,m²,100.0,2.0,4.0,,,True,True,False,17,Bakı,abseron,masazir,,,,25.0,False,,135000
6114052,https://bina.az/items/6114052,menziller/yeni-tikili,m²,132.0,,3.0,9.0,14.0,True,True,True,11,Bakı,sahil,,0.6428571428571429,False,False,44.0,False,,650000
6284105,https://bina.az/items/6284105,heyet-evleri,m²,220.0,4.0,4.0,,,True,True,False,30,Bakı,sebail,badamdar,,,,55.0,False,,600000
6203547,https://bina.az/items/6203547,menziller/yeni-tikili,m²,214.0,,4.0,4.0,16.0,True,True,True,4,Bakı,iceri-seher-metrosu,,0.25,False,False,53.5,False,,1200000
6114080,https://bina.az/items/6114080,menziller/yeni-tikili,m²,121.0,,3.0,7.0,14.0,True,True,True,6,Bakı,sahil,,0.5,False,False,40.333333333333336,False,,550000
6366906,https://bina.az/items/6366906,menziller/yeni-tikili,m²,170.0,,4.0,11.0,16.0,True,True,False,13,Bakı,20-yanvar,,0.6875,False,False,42.5,False,,420000
6366909,https://bina.az/items/6366909,torpaq,sot,8.5,,,,,,True,False,15,Sumqayıt,,,,,,,False,,97000
6366911,https://bina.az/items/6366911,menziller/yeni-tikili,m²,178.0,,4.0,17.0,27.0,True,True,False,15,Bakı,yasamal,,0.6296296296296297,False,False,44.5,False,True,585000
6366913,https://bina.az/items/6366913,menziller/kohne-tikili,m²,65.0,,2.0,6.0,9.0,True,True,True,17,Bakı,genclik,,0.6666666666666666,False,False,32.5,False,,225000
6366915,https://bina.az/items/6366915,menziller/yeni-tikili,m²,65.0,,2.0,13.0,19.0,True,True,True,16,Bakı,insaatcilar,,0.6842105263157895,False,False,32.5,False,,235500
6366917,https://bina.az/items/6366917,menziller/kohne-tikili,m²,70.0,,3.0,9.0,9.0,True,True,False,11,Bakı,xalqlar-dostlugu,,1.0,False,True,23.333333333333332,True,,170000
6366916,https://bina.az/items/6366916,menziller/yeni-tikili,m²,53.0,,2.0,6.0,15.0,True,False,False,24,Xırdalan,,,0.4,False,False,26.5,False,True,110000
5916759,https://bina.az/items/5916759,menziller/yeni-tikili,m²,51.0,,1.0,2.0,16.0,True,True,True,7,Bakı,dernegul,,0.125,False,False,51.0,False,True,155000
6277201,https://bina.az/items/6277201,menziller/yeni-tikili,m²,140.0,,3.0,3.0,19.0,True,True,False,16,Bakı,yasamal,,0.15789473684210525,False,False,46.666666666666664,False,,329000
6366925,https://bina.az/items/6366925,menziller/kohne-tikili,m²,60.0,,3.0,4.0,5.0,True,True,False,9,Bakı,insaatcilar,,0.8,False,False,20.0,False,,155000
6366814,https://bina.az/items/6366814,menziller/kohne-tikili,m²,35.0,,1.0,1.0,1.0,True,True,False,10,Bakı,nizami-metrosu,,1.0,True,True,35.0,False,,85000
6134759,https://bina.az/items/6134759,menziller/yeni-tikili,m²,135.0,,3.0,10.0,16.0,False,True,False,8,Bakı,nizami-metrosu,,0.625,False,False,45.0,True,,360000
6210748,https://bina.az/items/6210748,torpaq,sot,11.0,,,,,,False,False,5,Bakı,sabuncu,nardaran,,,,,False,,250000
6366927,https://bina.az/items/6366927,menziller/kohne-tikili,m²,80.0,,3.0,3.0,5.0,True,True,False,13,Bakı,qara-qarayev,,0.6,False,False,26.666666666666668,False,True,213999
6033784,https://bina.az/items/6033784,menziller/yeni-tikili,m²,135.0,,3.0,7.0,10.0,True,True,True,23,Bakı,nizami-metrosu,,0.7,False,False,45.0,False,,388000
6366930,https://bina.az/items/6366930,menziller/yeni-tikili,m²,220.0,,6.0,7.0,14.0,True,True,True,22,Bakı,elmler-akademiyasi,,0.5,False,False,36.666666666666664,False,,359000
6366931,https://bina.az/items/6366931,menziller/kohne-tikili,m²,70.0,,3.0,1.0,5.0,True,True,False,8,Bakı,bineqedi,,0.2,True,False,23.333333333333332,False,,175000
5831670,https://bina.az/items/5831670,menziller/yeni-tikili,m²,165.0,,4.0,14.0,16.0,True,True,False,15,Bakı,elmler-akademiyasi,,0.875,False,False,41.25,False,,500000
6284064,https://bina.az/items/6284064,menziller/yeni-tikili,m²,52.0,,2.0,4.0,16.0,False,False,False,7,Bakı,qara-qarayev,,0.25,False,False,26.0,True,,138000
6366939,https://bina.az/items/6366939,menziller/kohne-tikili,m²,40.0,,1.0,9.0,9.0,True,True,False,11,Bakı,suraxani,yeni-gunesli,1.0,False,True,40.0,False,,98000
6366940,https://bina.az/items/6366940,menziller/yeni-tikili,m²,32.0,,1.0,2.0,16.0,True,False,False,8,Bakı,neriman-nerimanov,,0.125,False,False,32.0,False,,133000
6366941,https://bina.az/items/6366941,menziller/kohne-tikili,m²,70.0,,3.0,6.0,9.0,True,True,False,14,Bakı,hezi-aslanov,,0.6666666666666666,False,False,23.333333333333332,False,,236000
5966133,https://bina.az/items/5966133,menziller/yeni-tikili,m²,92.0,,3.0,2.0,18.0,True,True,True,12,Bakı,hezi-aslanov,,0.1111111111111111,False,False,30.666666666666668,False,,210000
6366948,https://bina.az/items/6366948,menziller/kohne-tikili,m²,33.0,,1.0,4.0,5.0,True,True,False,7,Sumqayıt,,,0.8,False,False,33.0,False,,75500
6366947,https://bina.az/items/6366947,menziller/kohne-tikili,m²,65.0,,2.0,8.0,9.0,True,True,True,14,Bakı,hezi-aslanov,,0.8888888888888888,False,False,32.5,False,,149900
5979046,https://bina.az/items/5979046,menziller/yeni-tikili,m²,48.0,,2.0,12.0,20.0,True,True,True,8,Bakı,20-yanvar,,0.6,False,False,24.0,False,,162000
6366955,https://bina.az/items/6366955,menziller/kohne-tikili,m²,50.0,,2.0,3.0,6.0,True,True,False,14,Bakı,iceri-seher-metrosu,,0.5,False,False,25.0,False,,220000
6366961,https://bina.az/items/6366961,menziller/yeni-tikili,m²,120.0,,3.0,3.0,17.0,False,True,True,9,Bakı,28-may,,0.17647058823529413,False,False,40.0,False,,390000
6366959,https://bina.az/items/6366959,menziller/yeni-tikili,m²,65.0,,2.0,14.0,18.0,True,False,False,15,Bakı,28-may,,0.7777777777777778,False,False,32.5,False,,230000
6366966,https://bina.az/items/6366966,menziller/yeni-tikili,m²,157.0,,3.0,10.0,20.0,False,False,False,14,Bakı,xetai,ag-sheher,0.5,False,False,52.333333333333336,False,,542000
6240201,https://bina.az/items/6240201,obyektler,m²,36.0,,,,,True,False,False,4,Bakı,hezi-aslanov,,,,,,False,True,114990
6366967,https://bina.az/items/6366967,menziller/yeni-tikili,m²,71.5,,2.0,16.0,16.0,True,True,False,8,Bakı,koroglu,,1.0,False,True,35.75,False,True,245000
6366969,https://bina.az/items/6366969,menziller/kohne-tikili,m²,54.0,,2.0,4.0,5.0,True,True,False,8,Bakı,hezi-aslanov,,0.8,False,False,27.0,False,,132000
6366971,https://bina.az/items/6366971,menziller/yeni-tikili,m²,147.0,,4.0,7.0,8.0,True,True,False,17,Bakı,neriman-nerimanov,,0.875,False,False,36.75,False,True,427000
6366970,https://bina.az/items/6366970,menziller/yeni-tikili,m²,63.0,,2.0,5.0,17.0,True,True,True,11,Bakı,koroglu,,0.29411764705882354,False,False,31.5,False,,237000
6366974,https://bina.az/items/6366974,menziller/yeni-tikili,m²,175.0,,4.0,6.0,16.0,False,False,False,6,Bakı,28-may,,0.375,False,False,43.75,True,,500000
5485094,https://bina.az/items/5485094,heyet-evleri,m²,430.0,6.7,8.0,,,True,True,False,30,Bakı,sebail,badamdar,,,,53.75,True,,1260000
6366977,https://bina.az/items/6366977,menziller/kohne-tikili,m²,100.0,,5.0,2.0,5.0,True,True,False,6,Bakı,ehmedli,,0.4,False,False,20.0,False,,190000
5605354,https://bina.az/items/5605354,menziller/kohne-tikili,m²,90.0,,3.0,9.0,10.0,True,True,True,30,Bakı,qara-qarayev,,0.9,False,False,30.0,False,,280000
6142091,https://bina.az/items/6142091,obyektler,m²,350.0,,,,,True,True,False,9,Bakı,xezer,,,,,,False,,1290000
6222422,https://bina.az/items/6222422,menziller/yeni-tikili,m²,199.0,,4.0,8.0,17.0,False,True,True,11,Bakı,elmler-akademiyasi,,0.47058823529411764,False,False,49.75,False,,597000
6285653,https://bina.az/items/6285653,menziller/yeni-tikili,m²,41.0,,2.0,1.0,17.0,True,True,False,9,Bakı,avtovagzal,,0.058823529411764705,True,False,20.5,False,True,123500
6337048,https://bina.az/items/6337048,menziller/kohne-tikili,m²,60.0,,2.0,5.0,9.0,True,True,True,8,Bakı,28-may,,0.5555555555555556,False,False,30.0,False,,204000
6366983,https://bina.az/items/6366983,menziller/yeni-tikili,m²,54.0,,2.0,6.0,6.0,True,False,False,11,Xırdalan,,,1.0,False,True,27.0,False,,61500
6366984,https://bina.az/items/6366984,menziller/yeni-tikili,m²,31.0,,1.0,8.0,15.0,True,True,True,7,Xırdalan,,,0.5333333333333333,False,False,31.0,False,,76500
6366986,https://bina.az/items/6366986,obyektler,m²,250.0,,,,,True,True,False,8,Bakı,qaradag,,,,,,False,,4400000
4886193,https://bina.az/items/4886193,heyet-evleri,m²,360.0,8.0,6.0,,,True,True,True,30,Bakı,xezer,suvelan,,,,60.0,True,True,900000
6365255,https://bina.az/items/6365255,menziller/yeni-tikili,m²,178.0,,4.0,5.0,17.0,True,True,True,16,Bakı,neriman-nerimanov,,0.29411764705882354,False,False,44.5,True,,750000
4918719,https://bina.az/items/4918719,torpaq,sot,18.0,,,,,,True,False,6,Bakı,xezer,suvelan,,,,,False,,390000
6366991,https://bina.az/items/6366991,menziller/kohne-tikili,m²,100.0,,4.0,2.0,2.0,True,True,False,11,Bakı,azadliq-prospekti,,1.0,False,True,25.0,False,,185000
6286900,https://bina.az/items/6286900,menziller/yeni-tikili,m²,85.0,,2.0,9.0,12.0,True,True,False,7,Bakı,memar-ecemi,,0.75,False,False,42.5,True,True,230000
6366997,https://bina.az/items/6366997,heyet-evleri,m²,94.0,4.0,5.0,,,True,True,False,11,Şabran,,,,,,18.8,False,,90000
6366999,https://bina.az/items/6366999,menziller/kohne-tikili,m²,187.0,,5.0,8.0,9.0,True,True,True,5,Bakı,nizami-metrosu,,0.8888888888888888,False,False,37.4,False,,420000
6367000,https://bina.az/items/6367000,menziller/yeni-tikili,m²,77.0,,2.0,12.0,17.0,False,False,False,14,Bakı,qara-qarayev,,0.7058823529411765,False,False,38.5,False,,240000
6366998,https://bina.az/items/6366998,menziller/yeni-tikili,m²,31.0,,1.0,17.0,18.0,True,False,False,8,Xırdalan,,,0.9444444444444444,False,False,31.0,False,,49500
6291257,https://bina.az/items/6291257,menziller/kohne-tikili,m²,58.0,,2.0,5.0,5.0,True,True,False,9,Bakı,20-yanvar,,1.0,False,True,29.0,False,,123000
6367007,https://bina.az/items/6367007,menziller/yeni-tikili,m²,130.0,,3.0,3.0,18.0,True,True,False,7,Bakı,elmler-akademiyasi,,0.16666666666666666,False,False,43.333333333333336,False,,390000
6092333,https://bina.az/items/6092333,menziller/yeni-tikili,m²,90.0,,3.0,2.0,16.0,True,True,False,16,Bakı,memar-ecemi,,0.125,False,False,30.0,False,,217000
6275952,https://bina.az/items/6275952,torpaq,sot,2.0,,,,,,True,False,3,Bakı,abseron,saray,,,,,False,,8000
6150802,https://bina.az/items/6150802,menziller/kohne-tikili,m²,45.0,,2.0,9.0,10.0,True,True,False,19,Bakı,hezi-aslanov,,0.9,False,False,22.5,False,,150000
6277628,https://bina.az/items/6277628,menziller/yeni-tikili,m²,135.0,,3.0,16.0,19.0,True,True,False,23,Bakı,yasamal,,0.8421052631578947,False,False,45.0,False,,375000
6367016,https://bina.az/items/6367016,heyet-evleri,m²,197.0,2.0,5.0,,,True,True,True,22,Bakı,sabuncu,mastaga,,,,39.4,False,,146000
6145506,https://bina.az/items/6145506,menziller/yeni-tikili,m²,75.0,,3.0,7.0,10.0,True,False,False,12,Bakı,hezi-aslanov,,0.7,False,False,25.0,False,,189000
6367023,https://bina.az/items/6367023,menziller/kohne-tikili,m²,82.0,,4.0,9.0,9.0,True,True,False,15,Bakı,qaradag,musviqabad,1.0,False,True,20.5,False,,115000
6093476,https://bina.az/items/6093476,menziller/yeni-tikili,m²,47.0,,1.0,8.0,9.0,True,False,False,6,Bakı,sabuncu,zabrat,0.8888888888888888,False,False,47.0,False,,47999
6367032,https://bina.az/items/6367032,menziller/yeni-tikili,m²,120.0,,3.0,3.0,17.0,True,True,False,22,Bakı,xetai,ehmedli-qesebesi,0.17647058823529413,False,False,40.0,False,True,300000
6367033,https://bina.az/items/6367033,menziller/yeni-tikili,m²,114.0,,3.0,7.0,14.0,False,True,True,6,Bakı,nesimi,,0.5,False,False,38.0,True,,440000
6367036,https://bina.az/items/6367036,menziller/yeni-tikili,m²,185.0,,4.0,12.0,18.0,True,True,False,14,Bakı,insaatcilar,,0.6666666666666666,False,False,46.25,False,,450000
6367035,https://bina.az/items/6367035,torpaq,sot,12.0,,,,,,True,False,1,Bakı,abseron,,,,,,False,,120000
6367034,https://bina.az/items/6367034,heyet-evleri,m²,180.0,6.0,4.0,,,True,True,False,14,Bakı,xezer,merdekan,,,,45.0,False,,430000
5682110,https://bina.az/items/5682110,menziller/yeni-tikili,m²,128.0,,3.0,12.0,17.0,True,True,False,15,Bakı,bineqedi,9-cu-mikrorayon,0.7058823529411765,False,False,42.666666666666664,False,,315000
5646814,https://bina.az/items/5646814,menziller/yeni-tikili,m²,251.6,,4.0,4.0,19.0,True,True,False,27,Bakı,sah-ismayil-xetai,,0.21052631578947367,False,False,62.9,False,,1132380
5943118,https://bina.az/items/5943118,torpaq,sot,30.0,,,,,,True,True,2,Bakı,xezer,merdekan,,,,,False,,560000
6284891,https://bina.az/items/6284891,menziller/kohne-tikili,m²,60.0,,2.0,5.0,5.0,True,True,True,14,Xırdalan,,,1.0,False,True,30.0,False,,98900
6367046,https://bina.az/items/6367046,menziller/kohne-tikili,m²,100.0,,4.0,1.0,6.0,True,True,False,15,Bakı,nesimi,,0.16666666666666666,True,False,25.0,False,,285000
6367043,https://bina.az/items/6367043,heyet-evleri,m²,120.0,4.0,4.0,,,True,True,True,9,Bakı,abseron,mammadli,,,,30.0,False,,120000
6367048,https://bina.az/items/6367048,menziller/yeni-tikili,m²,75.0,,3.0,2.0,9.0,True,True,False,15,Bakı,abseron,masazir,0.2222222222222222,False,False,25.0,False,,127500
6367050,https://bina.az/items/6367050,menziller/kohne-tikili,m²,76.0,,3.0,5.0,9.0,True,True,False,22,Sumqayıt,,,0.5555555555555556,False,False,25.333333333333332,False,True,155000
5057756,https://bina.az/items/5057756,menziller/yeni-tikili,m²,88.0,,3.0,9.0,18.0,True,True,False,9,Bakı,nesimi-metrosu,,0.5,False,False,29.333333333333332,False,,245000
6280468,https://bina.az/items/6280468,menziller/kohne-tikili,m²,70.0,,2.0,5.0,9.0,True,True,True,10,Bakı,azadliq-prospekti,,0.5555555555555556,False,False,35.0,False,,177000
6367049,https://bina.az/items/6367049,menziller/kohne-tikili,m²,54.0,,2.0,2.0,5.0,True,True,False,20,Sumqayıt,,,0.4,False,False,27.0,False,,115000
6367051,https://bina.az/items/6367051,menziller/kohne-tikili,m²,77.0,,3.0,2.0,5.0,True,True,False,9,Bakı,28-may,,0.4,False,False,25.666666666666668,False,,370000
6367053,https://bina.az/items/6367053,menziller/yeni-tikili,m²,60.0,,2.0,2.0,5.0,True,True,False,15,Bakı,sah-ismayil-xetai,,0.4,False,False,30.0,False,,235000
6366300,https://bina.az/items/6366300,menziller/yeni-tikili,m²,82.0,,3.0,3.0,8.0,True,True,True,10,Xırdalan,abseron,,0.375,False,False,27.333333333333332,False,True,151000
6362347,https://bina.az/items/6362347,menziller/yeni-tikili,m²,90.0,,3.0,18.0,20.0,True,True,False,10,Bakı,ehmedli,,0.9,False,False,30.0,True,,192000
6367056,https://bina.az/items/6367056,torpaq,sot,6.0,,,,,,True,False,9,Astara,,,,,,,False,,24000
6367060,https://bina.az/items/6367060,menziller/yeni-tikili,m²,101.0,,2.0,10.0,18.0,True,True,True,19,Bakı,bineqedi,9-cu-mikrorayon,0.5555555555555556,False,False,50.5,False,,240000
6212950,https://bina.az/items/6212950,menziller/kohne-tikili,m²,85.0,,3.0,4.0,9.0,True,True,True,28,Bakı,20-yanvar,,0.4444444444444444,False,False,28.333333333333332,False,True,188500
6254153,https://bina.az/items/6254153,menziller/yeni-tikili,m²,113.0,,3.0,12.0,17.0,True,True,True,16,Bakı,elmler-akademiyasi,,0.7058823529411765,False,False,37.666666666666664,False,,384000
6367062,https://bina.az/items/6367062,menziller/kohne-tikili,m²,70.0,,2.0,9.0,12.0,True,True,True,16,Bakı,bineqedi,,0.75,False,False,35.0,False,,180000
6367067,https://bina.az/items/6367067,menziller/yeni-tikili,m²,42.0,,1.0,5.0,12.0,True,True,False,7,Sumqayıt,,,0.4166666666666667,False,False,42.0,False,,73000
6367061,https://bina.az/items/6367061,heyet-evleri,m²,250.0,3.5,5.0,,,True,True,False,18,Bakı,abseron,mammadli,,,,50.0,False,True,162999
6367070,https://bina.az/items/6367070,obyektler,m²,41.0,,,,,True,True,True,8,Bakı,azadliq-prospekti,,,,,,False,,115000
6367072,https://bina.az/items/6367072,menziller/kohne-tikili,m²,50.0,,2.0,2.0,2.0,True,True,False,13,Bakı,iceri-seher-metrosu,,1.0,False,True,25.0,False,,130000
6367066,https://bina.az/items/6367066,menziller/yeni-tikili,m²,150.0,,4.0,15.0,18.0,True,False,False,17,Bakı,elmler-akademiyasi,,0.8333333333333334,False,False,37.5,False,,490000
6367074,https://bina.az/items/6367074,menziller/yeni-tikili,m²,790.0,,8.0,9.0,9.0,True,True,False,30,Bakı,neriman-nerimanov,,1.0,False,True,98.75,False,,1260000
6367075,https://bina.az/items/6367075,menziller/kohne-tikili,m²,65.0,,3.0,3.0,9.0,True,True,True,20,Bakı,bineqedi,8-ci-mikrorayon,0.3333333333333333,False,False,21.666666666666668,False,,228000
6367077,https://bina.az/items/6367077,heyet-evleri,m²,190.0,12.0,5.0,,,True,True,False,26,Beyləqan,,,,,,38.0,False,,100000
6367080,https://bina.az/items/6367080,menziller/yeni-tikili,m²,152.0,,3.0,9.0,18.0,True,True,True,17,Bakı,elmler-akademiyasi,,0.5,False,False,50.666666666666664,False,,600000
6367082,https://bina.az/items/6367082,menziller/yeni-tikili,m²,110.0,,3.0,4.0,16.0,True,False,False,16,Bakı,28-may,,0.25,False,False,36.666666666666664,True,,420000
6367086,https://bina.az/items/6367086,menziller/kohne-tikili,m²,45.0,,1.0,8.0,9.0,True,True,True,7,Bakı,xetai,kohne-gunesli,0.8888888888888888,False,False,45.0,False,,115550
6280222,https://bina.az/items/6280222,menziller/kohne-tikili,m²,120.0,,5.0,3.0,9.0,True,True,True,18,Bakı,nerimanov,,0.3333333333333333,False,False,24.0,False,,333000
6367091,https://bina.az/items/6367091,torpaq,sot,1.8,,,,,,True,False,6,Bakı,abseron,novxani,,,,,False,,17100
6367094,https://bina.az/items/6367094,heyet-evleri,m²,177.0,2.0,6.0,,,True,True,True,29,Bakı,sabuncu,zabrat,,,,29.5,False,,216000
6367093,https://bina.az/items/6367093,menziller/yeni-tikili,m²,122.5,,3.0,6.0,20.0,True,True,False,12,Bakı,xetai,hezi-aslanov-qesebesi,0.3,False,False,40.833333333333336,False,,420000
6157882,https://bina.az/items/6157882,menziller/yeni-tikili,m²,108.0,,3.0,7.0,16.0,False,False,False,5,Bakı,28-may,,0.4375,False,False,36.0,False,,340000
6367095,https://bina.az/items/6367095,menziller/yeni-tikili,m²,86.8,,3.0,9.0,10.0,True,True,False,15,Bakı,abseron,masazir,0.9,False,False,28.933333333333334,False,,145000
6363315,https://bina.az/items/6363315,menziller/kohne-tikili,m²,43.0,,2.0,3.0,9.0,True,True,True,7,Bakı,memar-ecemi,,0.3333333333333333,False,False,21.5,False,,127000
6363261,https://bina.az/items/6363261,menziller/kohne-tikili,m²,50.0,,2.0,6.0,9.0,True,True,True,8,Bakı,yasamal,yeni-yasamal,0.6666666666666666,False,False,25.0,False,,128000
6367101,https://bina.az/items/6367101,menziller/yeni-tikili,m²,55.0,,2.0,2.0,4.0,True,True,True,10,Bakı,nerimanov,,0.5,False,False,27.5,False,True,175000
6367090,https://bina.az/items/6367090,menziller/yeni-tikili,m²,62.0,,1.0,6.0,18.0,True,True,True,18,Bakı,bineqedi,9-cu-mikrorayon,0.3333333333333333,False,False,62.0,False,,189000
6283070,https://bina.az/items/6283070,menziller/yeni-tikili,m²,100.0,,3.0,12.0,12.0,True,True,False,15,Bakı,neriman-nerimanov,,1.0,False,True,33.333333333333336,True,,330000
6367110,https://bina.az/items/6367110,menziller/yeni-tikili,m²,118.0,,3.0,4.0,14.0,True,True,False,28,Bakı,nerimanov,,0.2857142857142857,False,False,39.333333333333336,False,,380000
5871360,https://bina.az/items/5871360,menziller/yeni-tikili,m²,70.0,,2.0,13.0,17.0,True,True,True,17,Bakı,insaatcilar,,0.7647058823529411,False,False,35.0,False,,200000
6028099,https://bina.az/items/6028099,heyet-evleri,m²,85.0,1.0,2.0,,,True,True,False,12,Bakı,insaatcilar,,,,,42.5,True,,140000
6035208,https://bina.az/items/6035208,heyet-evleri,m²,350.0,2.0,5.0,,,True,True,False,27,Bakı,insaatcilar,,,,,70.0,False,,750000
6367115,https://bina.az/items/6367115,menziller/kohne-tikili,m²,80.0,,3.0,7.0,9.0,True,True,False,18,Bakı,neriman-nerimanov,,0.7777777777777778,False,False,26.666666666666668,False,,235000
6367122,https://bina.az/items/6367122,menziller/yeni-tikili,m²,125.0,,3.0,3.0,16.0,True,True,True,20,Bakı,yasamal,yeni-yasamal,0.1875,False,False,41.666666666666664,False,,265000
6037981,https://bina.az/items/6037981,menziller/yeni-tikili,m²,312.0,,12.0,5.0,6.0,False,True,True,15,Bakı,sebail,bayil,0.8333333333333334,False,False,26.0,False,,400000
5606342,https://bina.az/items/5606342,torpaq,sot,10.0,,,,,,True,False,6,Bakı,xezer,merdekan,,,,,False,,350000
6112194,https://bina.az/items/6112194,menziller/yeni-tikili,m²,65.0,,2.0,1.0,4.0,True,True,False,17,Bakı,sebail,badamdar,0.25,True,False,32.5,False,,120000
5795022,https://bina.az/items/5795022,menziller/yeni-tikili,m²,240.0,,5.0,5.0,6.0,True,True,True,30,Bakı,sebail,bayil,0.8333333333333334,False,False,48.0,False,,580000
6367118,https://bina.az/items/6367118,torpaq,sot,14.0,,,,,,True,False,3,Bakı,abseron,mehdiabad,,,,,False,,24000
6192547,https://bina.az/items/6192547,heyet-evleri,m²,100.0,1.0,3.0,,,True,True,False,20,Bakı,sebail,badamdar,,,,33.333333333333336,False,True,152000
6367132,https://bina.az/items/6367132,menziller/kohne-tikili,m²,45.0,,2.0,1.0,5.0,True,True,False,14,Bakı,memar-ecemi,,0.2,True,False,22.5,False,True,136000
6111640,https://bina.az/items/6111640,menziller/kohne-tikili,m²,120.0,,5.0,4.0,5.0,True,True,False,20,Bakı,sebail,badamdar,0.8,False,False,24.0,True,,255000
6006957,https://bina.az/items/6006957,heyet-evleri,m²,400.0,5.0,8.0,,,True,True,True,30,Bakı,sebail,badamdar,,,,50.0,False,,650000
6145035,https://bina.az/items/6145035,menziller/yeni-tikili,m²,54.0,,2.0,5.0,10.0,True,False,False,20,Xırdalan,,,0.5,False,False,27.0,False,,100000
6284894,https://bina.az/items/6284894,menziller/yeni-tikili,m²,108.0,,3.0,4.0,10.0,True,True,True,15,Bakı,neriman-nerimanov,,0.4,False,False,36.0,True,,315000
6282547,https://bina.az/items/6282547,menziller/kohne-tikili,m²,35.0,,2.0,1.0,1.0,True,True,False,6,Bakı,neriman-nerimanov,,1.0,True,True,17.5,False,,89000
5306399,https://bina.az/items/5306399,obyektler,m²,140.0,,,,,False,True,True,8,Bakı,sebail,bayil,,,,,False,,350000
6279067,https://bina.az/items/6279067,menziller/yeni-tikili,m²,118.0,,3.0,6.0,16.0,True,True,True,28,Bakı,neriman-nerimanov,,0.375,False,False,39.333333333333336,False,,450000
6111664,https://bina.az/items/6111664,torpaq,sot,6.0,,,,,,True,False,4,Bakı,sebail,badamdar,,,,,False,,210000
6161110,https://bina.az/items/6161110,menziller/yeni-tikili,m²,75.0,,3.0,8.0,17.0,True,True,False,9,Xırdalan,,,0.47058823529411764,False,False,25.0,False,True,130000
6242095,https://bina.az/items/6242095,menziller/yeni-tikili,m²,90.0,,2.0,17.0,17.0,True,True,True,28,Bakı,xalqlar-dostlugu,,1.0,False,True,45.0,False,True,150000
6209703,https://bina.az/items/6209703,menziller/yeni-tikili,m²,95.0,,3.0,2.0,20.0,True,True,True,9,Bakı,hezi-aslanov,,0.1,False,False,31.666666666666668,False,True,212000
6367145,https://bina.az/items/6367145,menziller/kohne-tikili,m²,30.0,,2.0,4.0,5.0,True,True,False,10,Bakı,qara-qarayev,,0.8,False,False,15.0,False,True,120000
6367147,https://bina.az/items/6367147,heyet-evleri,m²,40.0,0.4,2.0,,,True,False,False,19,Bakı,sabuncu,zabrat,,,,20.0,False,,35000
6367149,https://bina.az/items/6367149,heyet-evleri,m²,248.0,3.5,8.0,,,True,True,False,19,Bakı,bineqedi,bileceri,,,,31.0,False,,190000
6367155,https://bina.az/items/6367155,menziller/yeni-tikili,m²,50.0,,2.0,6.0,16.0,True,True,True,12,Bakı,ehmedli,,0.375,False,False,25.0,False,,167000
6285546,https://bina.az/items/6285546,menziller/yeni-tikili,m²,65.0,,2.0,18.0,18.0,True,True,True,10,Bakı,xetai,,1.0,False,True,32.5,True,,155000
6367157,https://bina.az/items/6367157,menziller/kohne-tikili,m²,37.0,,1.0,3.0,4.0,True,True,False,9,Bakı,sahil,,0.75,False,False,37.0,False,,150000
6189831,https://bina.az/items/6189831,menziller/kohne-tikili,m²,65.0,,2.0,8.0,9.0,True,True,True,21,Bakı,bineqedi,9-cu-mikrorayon,0.8888888888888888,False,False,32.5,False,True,172000
6367160,https://bina.az/items/6367160,menziller/yeni-tikili,m²,200.3,,4.0,6.0,18.0,False,True,True,19,Bakı,nizami-metrosu,,0.3333333333333333,False,False,50.075,True,,630000
6356057,https://bina.az/items/6356057,menziller/yeni-tikili,m²,51.0,,2.0,7.0,15.0,True,False,False,6,Bakı,qara-qarayev,,0.4666666666666667,False,False,25.5,False,,198000
5538053,https://bina.az/items/5538053,heyet-evleri,m²,220.0,3.0,5.0,,,True,False,False,18,Bakı,avtovagzal,,,,,44.0,False,,345000
6356146,https://bina.az/items/6356146,menziller/yeni-tikili,m²,95.0,,3.0,8.0,14.0,True,True,True,12,Bakı,qara-qarayev,,0.5714285714285714,False,False,31.666666666666668,False,,317000
6332097,https://bina.az/items/6332097,menziller/yeni-tikili,m²,46.0,,2.0,15.0,17.0,True,False,False,6,Bakı,qara-qarayev,,0.8823529411764706,False,False,23.0,False,,185000
6367156,https://bina.az/items/6367156,menziller/yeni-tikili,m²,95.0,,2.0,5.0,17.0,True,True,False,14,Bakı,hezi-aslanov,,0.29411764705882354,False,False,47.5,False,,240000
6050301,https://bina.az/items/6050301,menziller/yeni-tikili,m²,63.0,,2.0,10.0,16.0,True,False,False,16,Bakı,qara-qarayev,,0.625,False,False,31.5,False,,215000
6367166,https://bina.az/items/6367166,menziller/yeni-tikili,m²,112.0,,3.0,13.0,14.0,False,True,False,7,Bakı,yasamal,yeni-yasamal,0.9285714285714286,False,False,37.333333333333336,False,,250000
6367172,https://bina.az/items/6367172,menziller/yeni-tikili,m²,215.0,,4.0,11.0,18.0,,True,False,11,Bakı,nizami-metrosu,,0.6111111111111112,False,False,53.75,False,,594000
6299206,https://bina.az/items/6299206,menziller/yeni-tikili,m²,86.0,,2.0,6.0,15.0,False,False,False,5,Bakı,neriman-nerimanov,,0.4,False,False,43.0,False,,318000
6367176,https://bina.az/items/6367176,menziller/yeni-tikili,m²,72.0,,3.0,10.0,16.0,True,False,False,11,Bakı,yasamal,yeni-yasamal,0.625,False,False,24.0,False,,150000
6143877,https://bina.az/items/6143877,menziller/kohne-tikili,m²,35.0,,2.0,4.0,5.0,True,True,False,16,Bakı,neriman-nerimanov,,0.8,False,False,17.5,False,,147000
6367184,https://bina.az/items/6367184,menziller/kohne-tikili,m²,120.0,,4.0,9.0,9.0,True,True,True,15,Bakı,insaatcilar,,1.0,False,True,30.0,False,,245000
6367185,https://bina.az/items/6367185,menziller/yeni-tikili,m²,205.0,,4.0,5.0,28.0,True,True,True,14,Bakı,28-may,,0.17857142857142858,False,False,51.25,False,,520000
6212475,https://bina.az/items/6212475,menziller/yeni-tikili,m²,80.0,,2.0,3.0,15.0,True,True,False,13,Bakı,28-may,,0.2,False,False,40.0,False,,255000
6367187,https://bina.az/items/6367187,menziller/yeni-tikili,m²,152.3,,4.0,5.0,18.0,False,False,False,6,Bakı,sebail,badamdar,0.2777777777777778,False,False,38.075,False,,522933
6312298,https://bina.az/items/6312298,menziller/yeni-tikili,m²,246.0,,4.0,10.0,16.0,True,False,False,30,Bakı,28-may,,0.625,False,False,61.5,False,,940000
6367171,https://bina.az/items/6367171,menziller/yeni-tikili,m²,193.0,,3.0,11.0,21.0,True,True,True,17,Bakı,elmler-akademiyasi,,0.5238095238095238,False,False,64.33333333333333,False,,680000
6367191,https://bina.az/items/6367191,menziller/yeni-tikili,m²,171.0,,4.0,14.0,17.0,,True,False,10,Bakı,sah-ismayil-xetai,,0.8235294117647058,False,False,42.75,True,,459000
6367193,https://bina.az/items/6367193,menziller/yeni-tikili,m²,53.0,,2.0,15.0,20.0,True,True,False,13,Bakı,hezi-aslanov,,0.75,False,False,26.5,False,,159000
6367197,https://bina.az/items/6367197,menziller/yeni-tikili,m²,127.5,,3.0,2.0,7.0,True,False,False,30,Bakı,sabuncu,sea-breeze,0.2857142857142857,False,False,42.5,False,True,520000
6367198,https://bina.az/items/6367198,menziller/yeni-tikili,m²,65.0,,2.0,3.0,12.0,,True,False,10,Xırdalan,,,0.25,False,False,32.5,False,,136000
6367192,https://bina.az/items/6367192,menziller/yeni-tikili,m²,91.0,,2.0,14.0,17.0,True,True,False,25,Bakı,koroglu,,0.8235294117647058,False,False,45.5,False,True,285000
6367203,https://bina.az/items/6367203,menziller/yeni-tikili,m²,135.0,,3.0,17.0,18.0,True,True,True,14,Bakı,memar-ecemi,,0.9444444444444444,False,False,45.0,False,,320000
6367214,https://bina.az/items/6367214,menziller/yeni-tikili,m²,110.0,,3.0,6.0,16.0,True,True,True,9,Bakı,hezi-aslanov,,0.375,False,False,36.666666666666664,True,,250000
6367220,https://bina.az/items/6367220,menziller/kohne-tikili,m²,45.0,,1.0,9.0,9.0,True,True,False,13,Bakı,suraxani,yeni-gunesli,1.0,False,True,45.0,False,,98000
6367219,https://bina.az/items/6367219,menziller/yeni-tikili,m²,52.0,,2.0,3.0,12.0,True,True,False,9,Xırdalan,abseron,,0.25,False,False,26.0,False,,104000
6367225,https://bina.az/items/6367225,menziller/yeni-tikili,m²,90.0,,3.0,2.0,18.0,True,True,True,13,Bakı,hezi-aslanov,,0.1111111111111111,False,False,30.0,True,,211000
6367221,https://bina.az/items/6367221,menziller/kohne-tikili,m²,58.0,,3.0,2.0,5.0,True,True,False,8,Bakı,memar-ecemi,,0.4,False,False,19.333333333333332,False,,135000
6367227,https://bina.az/items/6367227,menziller/yeni-tikili,m²,53.0,,2.0,12.0,14.0,True,True,True,14,Bakı,yasamal,yeni-yasamal,0.8571428571428571,False,False,26.5,False,,156000
6367230,https://bina.az/items/6367230,menziller/yeni-tikili,m²,108.0,,3.0,3.0,14.0,True,True,True,17,Xırdalan,,,0.21428571428571427,False,False,36.0,False,,205000
6367233,https://bina.az/items/6367233,menziller/yeni-tikili,m²,122.0,,3.0,5.0,17.0,True,True,True,18,Bakı,hezi-aslanov,,0.29411764705882354,False,False,40.666666666666664,True,,257000
6366952,https://bina.az/items/6366952,menziller/kohne-tikili,m²,80.0,,3.0,6.0,9.0,True,True,False,8,Bakı,memar-ecemi,,0.6666666666666666,False,False,26.666666666666668,False,True,220000
6367235,https://bina.az/items/6367235,heyet-evleri,m²,350.0,22.0,5.0,,,True,True,True,22,Bakı,abseron,novxani,,,,70.0,False,,550000
6367238,https://bina.az/items/6367238,menziller/kohne-tikili,m²,100.0,,4.0,5.0,5.0,True,True,True,21,Bakı,xalqlar-dostlugu,,1.0,False,True,25.0,False,,185000
6367239,https://bina.az/items/6367239,menziller/yeni-tikili,m²,157.0,,4.0,5.0,18.0,True,False,False,18,Bakı,sah-ismayil-xetai,,0.2777777777777778,False,False,39.25,False,,375000
6277735,https://bina.az/items/6277735,menziller/yeni-tikili,m²,80.0,,2.0,15.0,19.0,True,True,True,11,Bakı,insaatcilar,,0.7894736842105263,False,False,40.0,False,,188000
6366663,https://bina.az/items/6366663,menziller/kohne-tikili,m²,65.0,,2.0,6.0,9.0,True,True,False,16,Bakı,memar-ecemi,,0.6666666666666666,False,False,32.5,False,,200000
6363784,https://bina.az/items/6363784,menziller/yeni-tikili,m²,170.0,,4.0,9.0,14.0,True,True,False,8,Bakı,nerimanov,,0.6428571428571429,False,False,42.5,False,,509900
6367251,https://bina.az/items/6367251,heyet-evleri,m²,150.0,2.0,4.0,,,True,True,False,22,Bakı,sabuncu,albaliliq,,,,37.5,False,,150000
6271566,https://bina.az/items/6271566,menziller/kohne-tikili,m²,50.0,,2.0,5.0,5.0,True,True,True,6,Bakı,insaatcilar,,1.0,False,True,25.0,False,,155000
6367252,https://bina.az/items/6367252,torpaq,sot,17.0,,,,,,True,False,3,Bakı,abseron,mehdiabad,,,,,False,,272000
6367254,https://bina.az/items/6367254,menziller/yeni-tikili,m²,245.0,,5.0,8.0,12.0,True,True,False,13,Bakı,28-may,,0.6666666666666666,False,False,49.0,False,,690000
6367253,https://bina.az/items/6367253,menziller/yeni-tikili,m²,129.0,,3.0,7.0,16.0,False,False,False,4,Bakı,xetai,,0.4375,False,False,43.0,False,,231900
6367256,https://bina.az/items/6367256,heyet-evleri,m²,320.0,27.0,5.0,,,True,True,True,27,Bakı,xezer,suvelan,,,,64.0,False,,750000
6367259,https://bina.az/items/6367259,menziller/kohne-tikili,m²,55.0,,2.0,2.0,5.0,True,True,False,9,Bakı,memar-ecemi,,0.4,False,False,27.5,False,,133000
6367265,https://bina.az/items/6367265,menziller/yeni-tikili,m²,121.0,,3.0,9.0,17.0,True,False,False,11,Bakı,bineqedi,9-cu-mikrorayon,0.5294117647058824,False,False,40.333333333333336,False,,250000
6367266,https://bina.az/items/6367266,menziller/yeni-tikili,m²,100.0,,2.0,8.0,15.0,True,True,True,21,Bakı,genclik,,0.5333333333333333,False,False,50.0,False,True,335000
5437191,https://bina.az/items/5437191,menziller/yeni-tikili,m²,156.0,,3.0,23.0,24.0,False,True,False,28,Bakı,sah-ismayil-xetai,,0.9583333333333334,False,False,52.0,False,,390000
6367275,https://bina.az/items/6367275,menziller/yeni-tikili,m²,80.0,,3.0,12.0,18.0,True,True,True,15,Bakı,insaatcilar,,0.6666666666666666,False,False,26.666666666666668,True,,270000
6367276,https://bina.az/items/6367276,menziller/yeni-tikili,m²,72.0,,2.0,17.0,19.0,True,True,True,21,Bakı,yasamal,yasamal-qesebesi,0.8947368421052632,False,False,36.0,False,,259000
6325767,https://bina.az/items/6325767,menziller/kohne-tikili,m²,45.0,,1.0,3.0,9.0,True,True,True,8,Bakı,nesimi-metrosu,,0.3333333333333333,False,False,45.0,False,,127000
6367280,https://bina.az/items/6367280,menziller/yeni-tikili,m²,85.0,,2.0,8.0,16.0,True,True,True,14,Bakı,sah-ismayil-xetai,,0.5,False,False,42.5,False,True,390000
5085417,https://bina.az/items/5085417,menziller/yeni-tikili,m²,162.0,,3.0,5.0,18.0,True,True,False,17,Bakı,sah-ismayil-xetai,,0.2777777777777778,False,False,54.0,False,,520000
5078754,https://bina.az/items/5078754,menziller/yeni-tikili,m²,200.0,,4.0,4.0,16.0,True,True,False,26,Bakı,elmler-akademiyasi,,0.25,False,False,50.0,False,,598000
6356943,https://bina.az/items/6356943,heyet-evleri,m²,130.0,2.5,4.0,,,True,True,True,28,Bakı,xezer,suvelan,,,,32.5,False,True,185000
6361459,https://bina.az/items/6361459,heyet-evleri,m²,70.0,0.8,3.0,,,True,True,True,12,Bakı,abseron,masazir,,,,23.333333333333332,False,True,70000
5611034,https://bina.az/items/5611034,menziller/yeni-tikili,m²,51.0,,2.0,1.0,8.0,True,True,True,17,Xırdalan,,,0.125,True,False,25.5,False,,94900
6367287,https://bina.az/items/6367287,menziller/yeni-tikili,m²,78.0,,2.0,3.0,16.0,True,False,False,15,Bakı,nerimanov,,0.1875,False,False,39.0,False,False,200000
6367284,https://bina.az/items/6367284,menziller/kohne-tikili,m²,100.0,,4.0,4.0,9.0,True,True,True,7,Bakı,hezi-aslanov,,0.4444444444444444,False,False,25.0,False,,179500
6283187,https://bina.az/items/6283187,menziller/yeni-tikili,m²,123.0,,3.0,7.0,17.0,True,True,True,12,Bakı,insaatcilar,,0.4117647058823529,False,False,41.0,False,True,370000
6367292,https://bina.az/items/6367292,menziller/yeni-tikili,m²,89.0,,2.0,4.0,17.0,True,True,True,16,Bakı,azadliq-prospekti,,0.23529411764705882,False,False,44.5,False,,225000
6367293,https://bina.az/items/6367293,menziller/kohne-tikili,m²,85.0,,3.0,1.0,9.0,True,True,False,6,Bakı,xetai,kohne-gunesli,0.1111111111111111,True,False,28.333333333333332,False,,185000
6367296,https://bina.az/items/6367296,menziller/kohne-tikili,m²,65.0,,2.0,4.0,9.0,True,True,True,13,Bakı,ehmedli,,0.4444444444444444,False,False,32.5,False,True,195000
6367294,https://bina.az/items/6367294,menziller/yeni-tikili,m²,61.0,,2.0,4.0,5.0,True,True,False,8,Bakı,abseron,masazir,0.8,False,False,30.5,False,,95000
6284293,https://bina.az/items/6284293,menziller/yeni-tikili,m²,113.0,,2.0,4.0,16.0,False,False,False,6,Bakı,28-may,,0.25,False,False,56.5,False,,210000
6367307,https://bina.az/items/6367307,heyet-evleri,m²,100.0,2.5,3.0,,,True,True,False,22,Bakı,abseron,mehdiabad,,,,33.333333333333336,False,,125000
6367308,https://bina.az/items/6367308,menziller/yeni-tikili,m²,140.0,,3.0,10.0,14.0,True,True,True,27,Bakı,xalqlar-dostlugu,,0.7142857142857143,False,False,46.666666666666664,False,True,365000
6367309,https://bina.az/items/6367309,menziller/yeni-tikili,m²,178.0,,4.0,12.0,17.0,True,True,False,23,Bakı,nizami-metrosu,,0.7058823529411765,False,False,44.5,False,True,525000
6367298,https://bina.az/items/6367298,menziller/yeni-tikili,m²,95.0,,3.0,10.0,15.0,True,True,True,8,Bakı,elmler-akademiyasi,,0.6666666666666666,False,False,31.666666666666668,False,True,328000
6283854,https://bina.az/items/6283854,menziller/yeni-tikili,m²,60.0,,2.0,13.0,14.0,True,True,True,8,Bakı,xetai,hezi-aslanov-qesebesi,0.9285714285714286,False,False,30.0,False,,129000
6285390,https://bina.az/items/6285390,menziller/yeni-tikili,m²,146.0,,3.0,9.0,16.0,True,True,True,19,Bakı,neriman-nerimanov,,0.5625,False,False,48.666666666666664,False,,450000
6367317,https://bina.az/items/6367317,heyet-evleri,m²,150.0,8.5,5.0,,,True,True,False,28,Bakı,bineqedi,bileceri,,,,30.0,False,,350000
6367318,https://bina.az/items/6367318,menziller/yeni-tikili,m²,50.0,,2.0,10.0,16.0,True,True,False,10,Bakı,yasamal,yasamal-qesebesi,0.625,False,False,25.0,False,True,167000
6367319,https://bina.az/items/6367319,menziller/kohne-tikili,m²,50.0,,2.0,1.0,3.0,True,True,False,8,Bakı,sahil,,0.3333333333333333,True,False,25.0,False,True,139000
6367306,https://bina.az/items/6367306,obyektler,m²,36.0,,,,,True,True,False,7,Bakı,iceri-seher-metrosu,,,,,,False,,95000
6367320,https://bina.az/items/6367320,menziller/yeni-tikili,m²,100.0,,4.0,3.0,7.0,True,True,True,11,Bakı,bineqedi,,0.42857142857142855,False,False,25.0,False,True,160000
6090424,https://bina.az/items/6090424,menziller/yeni-tikili,m²,145.0,,3.0,13.0,18.0,True,True,False,15,Bakı,elmler-akademiyasi,,0.7222222222222222,False,False,48.333333333333336,False,,560000
5686578,https://bina.az/items/5686578,heyet-evleri,m²,270.0,3.0,4.0,,,True,True,False,28,Bakı,sebail,badamdar,,,,67.5,False,,435000
6279618,https://bina.az/items/6279618,menziller/yeni-tikili,m²,61.0,,2.0,3.0,16.0,True,False,False,12,Bakı,nerimanov,,0.1875,False,False,30.5,False,,250000
6367322,https://bina.az/items/6367322,menziller/kohne-tikili,m²,75.0,,3.0,9.0,9.0,True,True,False,9,Bakı,xalqlar-dostlugu,,1.0,False,True,25.0,False,,205000
5659853,https://bina.az/items/5659853,menziller/yeni-tikili,m²,174.0,,4.0,6.0,15.0,False,True,False,8,Bakı,28-may,,0.4,False,False,43.5,False,,480000
6367324,https://bina.az/items/6367324,menziller/yeni-tikili,m²,37.0,,2.0,4.0,6.0,True,True,True,10,Bakı,abseron,masazir,0.6666666666666666,False,False,18.5,False,,72000
6367329,https://bina.az/items/6367329,menziller/yeni-tikili,m²,80.0,,2.0,3.0,16.0,True,True,False,10,Bakı,nizami,8-ci-kilometr,0.1875,False,False,40.0,False,,230000
6181029,https://bina.az/items/6181029,menziller/yeni-tikili,m²,120.0,,3.0,12.0,16.0,True,True,False,12,Bakı,28-may,,0.75,False,False,40.0,False,,479000
6367328,https://bina.az/items/6367328,menziller/kohne-tikili,m²,45.0,,1.0,1.0,5.0,True,True,True,14,Bakı,bineqedi,m-e-resulzade,0.2,True,False,45.0,False,,100000
6367310,https://bina.az/items/6367310,menziller/yeni-tikili,m²,95.0,,3.0,6.0,18.0,True,True,True,18,Bakı,hezi-aslanov,,0.3333333333333333,False,False,31.666666666666668,False,,230000
5831611,https://bina.az/items/5831611,menziller/yeni-tikili,m²,210.0,,4.0,15.0,19.0,True,True,False,11,Bakı,28-may,,0.7894736842105263,False,False,52.5,False,,650000
6367312,https://bina.az/items/6367312,menziller/yeni-tikili,m²,70.0,,2.0,3.0,20.0,True,True,True,10,Bakı,20-yanvar,,0.15,False,False,35.0,False,True,215000
6076990,https://bina.az/items/6076990,torpaq,sot,12.0,,,,,,True,False,12,Bakı,sabuncu,albaliliq,,,,,False,,135000
6367343,https://bina.az/items/6367343,menziller/yeni-tikili,m²,65.0,,2.0,10.0,17.0,True,False,False,12,Bakı,ehmedli,,0.5882352941176471,False,False,32.5,False,,175000
6367346,https://bina.az/items/6367346,menziller/yeni-tikili,m²,43.0,,1.0,9.0,9.0,True,True,False,12,Bakı,yasamal,yasamal-qesebesi,1.0,False,True,43.0,False,,145000
6367344,https://bina.az/items/6367344,heyet-evleri,m²,230.0,6.0,5.0,,,False,True,False,7,Bakı,sabuncu,sea-breeze,,,,46.0,False,,750000
6362006,https://bina.az/items/6362006,heyet-evleri,m²,62.0,1.2,3.0,,,True,False,False,9,Xırdalan,,,,,,20.666666666666668,False,,57000
6367347,https://bina.az/items/6367347,menziller/yeni-tikili,m²,160.0,,4.0,8.0,11.0,True,True,True,25,Bakı,neftciler,,0.7272727272727273,False,False,40.0,False,True,430000
6367353,https://bina.az/items/6367353,menziller/yeni-tikili,m²,95.0,,3.0,15.0,20.0,True,True,False,21,Bakı,hezi-aslanov,,0.75,False,False,31.666666666666668,False,,289000
5723313,https://bina.az/items/5723313,menziller/yeni-tikili,m²,60.0,,2.0,1.0,5.0,True,True,True,11,Bakı,sebail,bayil,0.2,True,False,30.0,False,True,165000
6367364,https://bina.az/items/6367364,menziller/kohne-tikili,m²,43.0,,2.0,7.0,9.0,,True,False,9,Bakı,yasamal,yeni-yasamal,0.7777777777777778,False,False,21.5,False,True,138000
6248310,https://bina.az/items/6248310,obyektler,m²,98.0,,,,,True,True,False,14,Bakı,sabuncu,,,,,,False,,274990
6367372,https://bina.az/items/6367372,menziller/yeni-tikili,m²,207.0,,4.0,6.0,21.0,True,True,True,12,Bakı,8-noyabr,,0.2857142857142857,False,False,51.75,False,True,579000
6367377,https://bina.az/items/6367377,menziller/kohne-tikili,m²,84.0,,3.0,5.0,5.0,True,True,False,21,Bakı,nizami-metrosu,,1.0,False,True,28.0,False,True,310000
6367380,https://bina.az/items/6367380,menziller/yeni-tikili,m²,70.0,,2.0,3.0,16.0,True,True,False,12,Bakı,suraxani,yeni-gunesli,0.1875,False,False,35.0,False,True,169000
6367382,https://bina.az/items/6367382,menziller/kohne-tikili,m²,105.0,,4.0,4.0,9.0,True,True,True,11,Bakı,yasamal,,0.4444444444444444,False,False,26.25,False,,230000
6367386,https://bina.az/items/6367386,heyet-evleri,m²,101.0,1.5,3.0,,,True,True,True,19,Bakı,suraxani,hovsan,,,,33.666666666666664,False,,107000
6085010,https://bina.az/items/6085010,obyektler,m²,50.0,,,,,True,True,False,13,Bakı,hezi-aslanov,,,,,,False,,38000
6287867,https://bina.az/items/6287867,heyet-evleri,m²,300.0,13.0,5.0,,,True,True,False,30,Bakı,abseron,novxani,,,,60.0,False,,360000
6188924,https://bina.az/items/6188924,menziller/yeni-tikili,m²,165.0,,3.0,1.0,12.0,True,True,True,23,Bakı,genclik,,0.08333333333333333,True,False,55.0,False,,479000
6203644,https://bina.az/items/6203644,menziller/yeni-tikili,m²,127.0,,3.0,12.0,16.0,False,True,False,11,Bakı,suraxani,yeni-gunesli,0.75,False,False,42.333333333333336,False,,210000
6367385,https://bina.az/items/6367385,menziller/yeni-tikili,m²,77.0,,2.0,2.0,16.0,True,True,True,22,Bakı,insaatcilar,,0.125,False,False,38.5,False,,240000
6367392,https://bina.az/items/6367392,menziller/yeni-tikili,m²,40.0,,2.0,3.0,17.0,True,False,False,10,Xırdalan,,,0.17647058823529413,False,False,20.0,False,,57000
6367397,https://bina.az/items/6367397,menziller/kohne-tikili,m²,60.0,,2.0,5.0,5.0,True,True,False,5,Bakı,memar-ecemi,,1.0,False,True,30.0,False,True,132000
6260314,https://bina.az/items/6260314,heyet-evleri,m²,160.0,3.5,4.0,,,True,True,False,26,Bakı,xezer,suvelan,,,,40.0,False,,295000
6100701,https://bina.az/items/6100701,menziller/yeni-tikili,m²,87.0,,2.0,3.0,5.0,True,True,True,9,Bakı,sabuncu,nardaran,0.6,False,False,43.5,False,,389000
6367396,https://bina.az/items/6367396,menziller/yeni-tikili,m²,85.0,,3.0,9.0,12.0,True,True,False,21,Bakı,yasamal,yasamal-qesebesi,0.75,False,False,28.333333333333332,False,,213000
6214282,https://bina.az/items/6214282,menziller/kohne-tikili,m²,105.0,,4.0,3.0,5.0,True,True,True,17,Bakı,qara-qarayev,,0.6,False,False,26.25,False,,268000
6221540,https://bina.az/items/6221540,obyektler,m²,200.0,,,,,True,True,False,8,Bakı,elmler-akademiyasi,,,,,,True,,2550000
6166780,https://bina.az/items/6166780,menziller/yeni-tikili,m²,57.0,,1.0,5.0,7.0,True,False,False,18,Bakı,sabuncu,nardaran,0.7142857142857143,False,False,57.0,False,,255000
6367399,https://bina.az/items/6367399,menziller/kohne-tikili,m²,60.0,,3.0,8.0,9.0,True,True,False,8,Bakı,hezi-aslanov,,0.8888888888888888,False,False,20.0,False,,145000
6367401,https://bina.az/items/6367401,menziller/yeni-tikili,m²,42.0,,2.0,18.0,18.0,True,True,False,12,Bakı,suraxani,yeni-gunesli,1.0,False,True,21.0,False,,127000
6355065,https://bina.az/items/6355065,menziller/yeni-tikili,m²,72.0,,2.0,16.0,16.0,True,True,False,19,Bakı,koroglu,,1.0,False,True,36.0,False,,250000
6022508,https://bina.az/items/6022508,menziller/yeni-tikili,m²,150.0,,3.0,11.0,17.0,True,True,True,21,Bakı,elmler-akademiyasi,,0.6470588235294118,False,False,50.0,False,,490000
5926881,https://bina.az/items/5926881,menziller/yeni-tikili,m²,113.0,,3.0,14.0,17.0,True,True,False,13,Bakı,yasamal,,0.8235294117647058,False,False,37.666666666666664,False,True,385000
6367413,https://bina.az/items/6367413,menziller/yeni-tikili,m²,90.0,,3.0,8.0,21.0,True,True,True,11,Bakı,yasamal,,0.38095238095238093,False,False,30.0,False,,225000
6367411,https://bina.az/items/6367411,heyet-evleri,m²,150.0,2.0,4.0,,,True,True,False,10,Bakı,sabuncu,ramana,,,,37.5,False,,102000
6334893,https://bina.az/items/6334893,menziller/kohne-tikili,m²,50.0,,2.0,6.0,9.0,True,True,True,11,Bakı,elmler-akademiyasi,,0.6666666666666666,False,False,25.0,True,,180000
6367415,https://bina.az/items/6367415,menziller/kohne-tikili,m²,32.0,,2.0,3.0,4.0,True,True,False,15,Bakı,bineqedi,bileceri,0.75,False,False,16.0,False,,107000
6285482,https://bina.az/items/6285482,heyet-evleri,m²,550.0,5.0,6.0,,,True,True,True,12,Bakı,elmler-akademiyasi,,,,,91.66666666666667,False,,3600000
6367416,https://bina.az/items/6367416,menziller/yeni-tikili,m²,72.0,,3.0,7.0,17.0,True,True,True,14,Bakı,qara-qarayev,,0.4117647058823529,False,False,24.0,False,,225000
6367418,https://bina.az/items/6367418,torpaq,sot,6.5,,,,,,True,False,8,Bakı,sabuncu,albaliliq,,,,,False,,56000
6334890,https://bina.az/items/6334890,menziller/yeni-tikili,m²,58.0,,2.0,12.0,16.0,True,True,True,8,Bakı,insaatcilar,,0.75,False,False,29.0,False,,149900
4809305,https://bina.az/items/4809305,menziller/yeni-tikili,m²,55.0,,2.0,7.0,16.0,True,False,False,23,Bakı,neriman-nerimanov,,0.4375,False,False,27.5,False,,238000
6367422,https://bina.az/items/6367422,menziller/yeni-tikili,m²,113.0,,4.0,5.0,16.0,True,True,True,30,Bakı,genclik,,0.3125,False,False,28.25,False,,380000
6253278,https://bina.az/items/6253278,menziller/yeni-tikili,m²,260.0,,5.0,10.0,18.0,True,True,True,24,Bakı,28-may,,0.5555555555555556,False,False,52.0,False,,590000
6367423,https://bina.az/items/6367423,menziller/kohne-tikili,m²,55.0,,2.0,2.0,5.0,True,True,False,14,Bakı,20-yanvar,,0.4,False,False,27.5,False,,128000
6367425,https://bina.az/items/6367425,menziller/kohne-tikili,m²,82.0,,4.0,1.0,9.0,True,True,False,7,Sumqayıt,,,0.1111111111111111,True,False,20.5,False,,116000
6367427,https://bina.az/items/6367427,menziller/kohne-tikili,m²,65.0,,2.0,3.0,9.0,True,True,True,6,Bakı,yasamal,yasamal-qesebesi,0.3333333333333333,False,False,32.5,False,True,185000
6367432,https://bina.az/items/6367432,menziller/kohne-tikili,m²,65.0,,2.0,6.0,9.0,True,True,True,19,Bakı,xetai,,0.6666666666666666,False,False,32.5,False,False,146000
6367435,https://bina.az/items/6367435,menziller/kohne-tikili,m²,63.0,,2.0,5.0,5.0,True,True,False,10,Bakı,sebail,badamdar,1.0,False,True,31.5,False,True,147000
6261231,https://bina.az/items/6261231,menziller/yeni-tikili,m²,92.0,,2.0,7.0,17.0,True,True,True,15,Bakı,28-may,,0.4117647058823529,False,False,46.0,False,,310000
6367437,https://bina.az/items/6367437,menziller/yeni-tikili,m²,103.0,,3.0,17.0,17.0,True,False,False,7,Bakı,yasamal,yeni-yasamal,1.0,False,True,34.333333333333336,False,,195000
6367433,https://bina.az/items/6367433,menziller/yeni-tikili,m²,55.0,,2.0,2.0,5.0,True,False,False,10,Bakı,abseron,masazir,0.4,False,False,27.5,False,,82000
6367438,https://bina.az/items/6367438,menziller/yeni-tikili,m²,101.0,,3.0,4.0,17.0,True,True,True,13,Bakı,qara-qarayev,,0.23529411764705882,False,False,33.666666666666664,False,True,350000
5566748,https://bina.az/items/5566748,heyet-evleri,m²,220.0,2.5,6.0,,,True,False,False,22,Bakı,avtovagzal,,,,,36.666666666666664,False,,130000
5946432,https://bina.az/items/5946432,menziller/yeni-tikili,m²,110.0,,3.0,5.0,17.0,True,True,True,12,Bakı,insaatcilar,,0.29411764705882354,False,False,36.666666666666664,False,,284000
6367443,https://bina.az/items/6367443,menziller/yeni-tikili,m²,46.0,,2.0,15.0,18.0,True,True,True,16,Bakı,suraxani,yeni-gunesli,0.8333333333333334,False,False,23.0,False,,134000
6227967,https://bina.az/items/6227967,menziller/yeni-tikili,m²,52.0,,2.0,9.0,20.0,True,True,True,14,Bakı,20-yanvar,,0.45,False,False,26.0,False,True,169000
6060440,https://bina.az/items/6060440,menziller/yeni-tikili,m²,110.0,,3.0,11.0,17.0,True,False,False,15,Bakı,28-may,,0.6470588235294118,False,False,36.666666666666664,False,True,410000
6347337,https://bina.az/items/6347337,menziller/yeni-tikili,m²,113.0,,3.0,16.0,18.0,True,False,False,30,Bakı,28-may,,0.8888888888888888,False,False,37.666666666666664,False,,495000
6367445,https://bina.az/items/6367445,menziller/kohne-tikili,m²,85.0,,3.0,7.0,9.0,True,True,True,9,Bakı,hezi-aslanov,,0.7777777777777778,False,False,28.333333333333332,False,,209000
6367444,https://bina.az/items/6367444,menziller/kohne-tikili,m²,200.0,,4.0,4.0,4.0,True,True,False,30,Bakı,sahil,,1.0,False,True,50.0,False,,2500000
6367449,https://bina.az/items/6367449,heyet-evleri,m²,100.0,4.5,3.0,,,True,True,False,20,Bakı,qaradag,lokbatan,,,,33.333333333333336,False,,220000
5848015,https://bina.az/items/5848015,menziller/yeni-tikili,m²,131.0,,3.0,10.0,17.0,True,True,False,22,Bakı,28-may,,0.5882352941176471,False,False,43.666666666666664,False,,470000
6367451,https://bina.az/items/6367451,torpaq,sot,18.0,,,,,,True,False,14,Bakı,sabuncu,albaliliq,,,,,False,,200000
6367456,https://bina.az/items/6367456,heyet-evleri,m²,50.0,1.0,1.0,,,True,False,False,10,Bakı,bineqedi,bineqedi-qesebesi,,,,50.0,False,,32000
6048059,https://bina.az/items/6048059,menziller/yeni-tikili,m²,100.0,,3.0,7.0,17.0,True,True,True,17,Bakı,insaatcilar,,0.4117647058823529,False,False,33.333333333333336,False,True,206000
5893928,https://bina.az/items/5893928,menziller/yeni-tikili,m²,135.0,,3.0,2.0,17.0,True,True,True,22,Bakı,insaatcilar,,0.11764705882352941,False,False,45.0,False,,325000
6367460,https://bina.az/items/6367460,menziller/yeni-tikili,m²,105.0,,4.0,9.0,16.0,True,True,True,17,Bakı,hezi-aslanov,,0.5625,False,False,26.25,False,,283000
6173075,https://bina.az/items/6173075,heyet-evleri,m²,800.0,6.0,8.0,,,True,True,False,30,Bakı,xetai,hezi-aslanov-qesebesi,,,,100.0,False,True,999000
6347309,https://bina.az/items/6347309,menziller/yeni-tikili,m²,127.0,,3.0,4.0,14.0,True,True,False,12,Bakı,nesimi,,0.2857142857142857,False,False,42.333333333333336,False,,445000
6152312,https://bina.az/items/6152312,menziller/yeni-tikili,m²,91.0,,3.0,7.0,15.0,True,True,False,16,Bakı,ehmedli,,0.4666666666666667,False,False,30.333333333333332,False,True,287000
6196583,https://bina.az/items/6196583,menziller/kohne-tikili,m²,40.0,,2.0,5.0,5.0,True,True,False,9,Bakı,elmler-akademiyasi,,1.0,False,True,20.0,False,,138000
6174564,https://bina.az/items/6174564,menziller/yeni-tikili,m²,104.0,,3.0,2.0,19.0,True,True,True,20,Bakı,nesimi,,0.10526315789473684,False,False,34.666666666666664,False,,364500
6367465,https://bina.az/items/6367465,menziller/kohne-tikili,m²,42.0,,2.0,8.0,10.0,True,True,True,7,Bakı,genclik,,0.8,False,False,21.0,False,,163000
6367469,https://bina.az/items/6367469,menziller/yeni-tikili,m²,199.0,,4.0,18.0,20.0,False,True,False,8,Bakı,elmler-akademiyasi,,0.9,False,False,49.75,False,,510000
6367471,https://bina.az/items/6367471,heyet-evleri,m²,160.0,5.5,4.0,,,True,True,False,14,Bakı,abseron,novxani,,,,40.0,False,,160000
6367473,https://bina.az/items/6367473,heyet-evleri,m²,75.0,1.2,3.0,,,True,False,False,9,Bakı,bineqedi,bineqedi-qesebesi,,,,25.0,False,,42000
6367470,https://bina.az/items/6367470,menziller/yeni-tikili,m²,147.0,,3.0,11.0,17.0,True,True,False,16,Bakı,elmler-akademiyasi,,0.6470588235294118,False,False,49.0,False,,490000
6367475,https://bina.az/items/6367475,heyet-evleri,m²,140.0,2.0,4.0,,,True,True,False,13,Bakı,suraxani,hovsan,,,,35.0,False,,230000
6367472,https://bina.az/items/6367472,menziller/yeni-tikili,m²,110.0,,3.0,3.0,6.0,True,True,True,16,Bakı,bineqedi,,0.5,False,False,36.666666666666664,True,True,150000
6367477,https://bina.az/items/6367477,heyet-evleri,m²,156.7,3.0,7.0,,,False,True,False,22,Bakı,abseron,masazir,,,,22.385714285714283,False,,137000
6367481,https://bina.az/items/6367481,heyet-evleri,m²,150.0,8.5,5.0,,,True,True,False,8,Bakı,xezer,qala,,,,30.0,False,,185000
6204403,https://bina.az/items/6204403,menziller/kohne-tikili,m²,120.0,,4.0,7.0,9.0,True,True,False,16,Bakı,hezi-aslanov,,0.7777777777777778,False,False,30.0,False,,248000
6367486,https://bina.az/items/6367486,torpaq,sot,9.5,,,,,,True,False,8,Bakı,sabuncu,albaliliq,,,,,False,,130000
6367480,https://bina.az/items/6367480,menziller/kohne-tikili,m²,45.0,,2.0,8.0,10.0,True,True,True,9,Bakı,genclik,,0.8,False,False,22.5,False,,163000
6367492,https://bina.az/items/6367492,menziller/kohne-tikili,m²,60.0,,2.0,3.0,5.0,True,True,False,7,Bakı,neriman-nerimanov,,0.6,False,False,30.0,False,,215000
6357862,https://bina.az/items/6357862,heyet-evleri,m²,60.0,3.0,3.0,,,False,True,False,4,Bakı,sabuncu,bakixanov,,,,20.0,False,,115000
6367497,https://bina.az/items/6367497,menziller/yeni-tikili,m²,132.0,,3.0,16.0,16.0,True,False,False,6,Bakı,insaatcilar,,1.0,False,True,44.0,False,True,195000
6285424,https://bina.az/items/6285424,menziller/yeni-tikili,m²,76.0,,2.0,12.0,16.0,True,False,False,9,Bakı,neftciler,,0.75,False,False,38.0,False,,252000
6367503,https://bina.az/items/6367503,menziller/yeni-tikili,m²,50.0,,2.0,19.0,20.0,True,True,True,12,Bakı,insaatcilar,,0.95,False,False,25.0,False,True,177000
6367496,https://bina.az/items/6367496,menziller/kohne-tikili,m²,50.0,,3.0,3.0,5.0,True,True,False,12,Bakı,memar-ecemi,,0.6,False,False,16.666666666666668,False,,155000
6367506,https://bina.az/items/6367506,menziller/yeni-tikili,m²,85.0,,4.0,7.0,7.0,True,True,True,20,Bakı,suraxani,hovsan,1.0,False,True,21.25,False,False,148000
5864936,https://bina.az/items/5864936,menziller/yeni-tikili,m²,90.0,,2.0,2.0,17.0,True,True,True,16,Bakı,azadliq-prospekti,,0.11764705882352941,False,False,45.0,False,,229000
6282387,https://bina.az/items/6282387,menziller/yeni-tikili,m²,172.0,,4.0,14.0,17.0,False,True,False,12,Bakı,neriman-nerimanov,,0.8235294117647058,False,False,43.0,False,,600000
6367511,https://bina.az/items/6367511,menziller/kohne-tikili,m²,48.0,,2.0,8.0,9.0,True,True,False,7,Bakı,suraxani,qaracuxur,0.8888888888888888,False,False,24.0,False,,147000
6367512,https://bina.az/items/6367512,menziller/kohne-tikili,m²,52.0,,2.0,2.0,5.0,True,True,False,18,Bakı,hezi-aslanov,,0.4,False,False,26.0,False,,143000
6040560,https://bina.az/items/6040560,menziller/yeni-tikili,m²,165.0,,3.0,1.0,12.0,True,True,True,23,Bakı,genclik,,0.08333333333333333,True,False,55.0,False,,485000
6059465,https://bina.az/items/6059465,torpaq,sot,10.0,,,,,,True,False,3,Bakı,abseron,saray,,,,,False,,42000
6070588,https://bina.az/items/6070588,menziller/yeni-tikili,m²,146.0,,3.0,14.0,17.0,True,True,True,11,Bakı,azadliq-prospekti,,0.8235294117647058,False,False,48.666666666666664,False,,440000
6367514,https://bina.az/items/6367514,heyet-evleri,m²,250.0,6.0,6.0,,,True,False,False,19,Bakı,suraxani,hovsan,,,,41.666666666666664,False,,135000
6367508,https://bina.az/items/6367508,menziller/yeni-tikili,m²,117.0,,4.0,6.0,17.0,True,True,False,19,Bakı,neriman-nerimanov,,0.35294117647058826,False,False,29.25,False,,475000
6010539,https://bina.az/items/6010539,heyet-evleri,m²,333.0,10.0,7.0,,,True,True,False,30,Bakı,abseron,novxani,,,,47.57142857142857,False,,335000
6367523,https://bina.az/items/6367523,menziller/yeni-tikili,m²,65.0,,2.0,7.0,16.0,True,True,True,14,Bakı,nesimi-metrosu,,0.4375,False,False,32.5,False,True,203500
6196612,https://bina.az/items/6196612,menziller/kohne-tikili,m²,45.0,,2.0,8.0,9.0,True,True,True,9,Bakı,yasamal,yeni-yasamal,0.8888888888888888,False,False,22.5,False,,129800
6367526,https://bina.az/items/6367526,menziller/yeni-tikili,m²,90.0,,2.0,9.0,17.0,True,True,True,10,Bakı,hezi-aslanov,,0.5294117647058824,False,False,45.0,False,,177000
5223788,https://bina.az/items/5223788,menziller/yeni-tikili,m²,93.0,,2.0,17.0,25.0,True,False,False,26,Bakı,sah-ismayil-xetai,,0.68,False,False,46.5,True,,1275000
5837129,https://bina.az/items/5837129,torpaq,sot,12.0,,,,,,True,True,4,Bakı,xezer,sagan,,,,,False,,360000
6324209,https://bina.az/items/6324209,menziller/kohne-tikili,m²,80.0,,3.0,3.0,5.0,True,True,False,15,Bakı,neriman-nerimanov,,0.6,False,False,26.666666666666668,False,,225000
6289999,https://bina.az/items/6289999,menziller/yeni-tikili,m²,95.0,,3.0,4.0,16.0,True,False,False,16,Bakı,qara-qarayev,,0.25,False,False,31.666666666666668,False,,297000
6358957,https://bina.az/items/6358957,torpaq,sot,112.0,,,,,True,True,False,17,Bakı,qaradag,qobustan,,,,,False,,135000
6198673,https://bina.az/items/6198673,menziller/yeni-tikili,m²,100.0,,2.0,5.0,19.0,False,True,False,17,Bakı,nesimi,,0.2631578947368421,False,False,50.0,True,,390000
6105647,https://bina.az/items/6105647,menziller/yeni-tikili,m²,215.0,,4.0,12.0,15.0,True,True,True,23,Bakı,neriman-nerimanov,,0.8,False,False,53.75,False,True,620000
6310488,https://bina.az/items/6310488,menziller/yeni-tikili,m²,132.0,,3.0,4.0,6.0,True,True,True,9,Bakı,xetai,,0.6666666666666666,False,False,44.0,False,True,629000
6367535,https://bina.az/items/6367535,menziller/yeni-tikili,m²,92.0,,2.0,11.0,19.0,True,True,False,14,Bakı,azadliq-prospekti,,0.5789473684210527,False,False,46.0,False,,255000
6285754,https://bina.az/items/6285754,menziller/yeni-tikili,m²,77.0,,2.0,10.0,10.0,True,False,False,14,Bakı,hezi-aslanov,,1.0,False,True,38.5,False,,187000
6243542,https://bina.az/items/6243542,menziller/yeni-tikili,m²,62.0,,2.0,5.0,6.0,True,False,False,19,Bakı,xetai,,0.8333333333333334,False,False,31.0,False,,158500
6285692,https://bina.az/items/6285692,menziller/yeni-tikili,m²,120.0,,3.0,14.0,17.0,True,True,True,21,Bakı,hezi-aslanov,,0.8235294117647058,False,False,40.0,False,,325000
6285714,https://bina.az/items/6285714,menziller/yeni-tikili,m²,150.0,,3.0,12.0,19.0,True,True,True,12,Bakı,hezi-aslanov,,0.631578947368421,False,False,50.0,False,False,364000
6367537,https://bina.az/items/6367537,menziller/kohne-tikili,m²,55.0,,2.0,5.0,5.0,True,True,False,4,Bakı,memar-ecemi,,1.0,False,True,27.5,False,True,137000
6367538,https://bina.az/items/6367538,menziller/yeni-tikili,m²,100.0,,2.0,5.0,17.0,True,True,False,15,Bakı,nesimi-metrosu,,0.29411764705882354,False,False,50.0,False,,260000
5789306,https://bina.az/items/5789306,menziller/yeni-tikili,m²,114.0,,3.0,4.0,6.0,True,True,False,12,Bakı,abseron,masazir,0.6666666666666666,False,False,38.0,False,,128000
6367542,https://bina.az/items/6367542,menziller/yeni-tikili,m²,51.0,,1.0,5.0,6.0,False,False,False,10,Bakı,abseron,masazir,0.8333333333333334,False,False,51.0,False,,56000
6367543,https://bina.az/items/6367543,menziller/yeni-tikili,m²,180.0,,4.0,3.0,18.0,True,True,True,25,Bakı,nesimi,,0.16666666666666666,False,False,45.0,False,,450000
6160966,https://bina.az/items/6160966,menziller/yeni-tikili,m²,237.0,,4.0,14.0,15.0,False,True,False,12,Bakı,nizami-metrosu,,0.9333333333333333,False,False,59.25,False,,770000
6199971,https://bina.az/items/6199971,menziller/yeni-tikili,m²,163.0,,3.0,8.0,11.0,True,False,False,30,Bakı,nizami-metrosu,,0.7272727272727273,False,False,54.333333333333336,False,,665000
6367547,https://bina.az/items/6367547,menziller/yeni-tikili,m²,70.0,,3.0,5.0,5.0,True,True,True,13,Xırdalan,,,1.0,False,True,23.333333333333332,False,,82000
6241931,https://bina.az/items/6241931,menziller/kohne-tikili,m²,80.0,,3.0,4.0,9.0,True,True,True,15,Bakı,ehmedli,,0.4444444444444444,False,False,26.666666666666668,False,True,215000
6359347,https://bina.az/items/6359347,torpaq,sot,4.0,,,,,,True,False,1,Bakı,sabuncu,ramana,,,,,False,,45000
6367552,https://bina.az/items/6367552,menziller/yeni-tikili,m²,50.0,,2.0,7.0,11.0,True,True,False,10,Xırdalan,,,0.6363636363636364,False,False,25.0,False,,82500
5223752,https://bina.az/items/5223752,heyet-evleri,m²,200.0,2.0,8.0,,,True,True,False,30,Bakı,insaatcilar,,,,,25.0,False,,380000
6367553,https://bina.az/items/6367553,menziller/kohne-tikili,m²,200.0,,5.0,4.0,9.0,True,True,True,21,Bakı,nerimanov,,0.4444444444444444,False,False,40.0,False,True,540000
5940027,https://bina.az/items/5940027,torpaq,sot,8.0,,,,,,True,False,4,Bakı,xezer,suvelan,,,,,False,,450000
6367557,https://bina.az/items/6367557,menziller/yeni-tikili,m²,242.0,,4.0,8.0,17.0,False,False,True,27,Bakı,28-may,,0.47058823529411764,False,False,60.5,False,,655000
6065279,https://bina.az/items/6065279,torpaq,sot,40.0,,,,,,True,False,5,Bakı,xezer,suvelan,,,,,False,,880000
6367559,https://bina.az/items/6367559,menziller/yeni-tikili,m²,88.0,,3.0,15.0,15.0,True,False,False,14,Xırdalan,,,1.0,False,True,29.333333333333332,False,,98000
5843313,https://bina.az/items/5843313,torpaq,sot,6.5,,,,,,True,True,5,Bakı,xezer,suvelan,,,,,False,,160000
6367106,https://bina.az/items/6367106,qarajlar,m²,36.0,,,,,,True,False,1,Bakı,hezi-aslanov,,,,,,False,,32000
5926074,https://bina.az/items/5926074,torpaq,sot,25.0,,,,,,True,False,6,Bakı,xezer,merdekan,,,,,False,,375000
6367563,https://bina.az/items/6367563,menziller/yeni-tikili,m²,170.0,,4.0,15.0,17.0,True,True,True,27,Bakı,sah-ismayil-xetai,,0.8823529411764706,False,False,42.5,True,,475000
6367567,https://bina.az/items/6367567,menziller/kohne-tikili,m²,220.0,,5.0,9.0,9.0,True,True,False,13,Bakı,nesimi,,1.0,False,True,44.0,False,,385000
6367570,https://bina.az/items/6367570,menziller/yeni-tikili,m²,70.0,,3.0,5.0,5.0,True,True,True,9,Xırdalan,,,1.0,False,True,23.333333333333332,False,,82000
6367572,https://bina.az/items/6367572,menziller/kohne-tikili,m²,104.0,,4.0,1.0,9.0,True,True,True,11,Bakı,nesimi-metrosu,,0.1111111111111111,True,False,26.0,False,,246000
6367573,https://bina.az/items/6367573,menziller/yeni-tikili,m²,79.0,,2.0,9.0,18.0,True,True,True,16,Bakı,hezi-aslanov,,0.5,False,False,39.5,False,,228000
6367571,https://bina.az/items/6367571,menziller/kohne-tikili,m²,85.0,,2.0,2.0,10.0,True,True,False,8,Bakı,nizami-metrosu,,0.2,False,False,42.5,False,True,310000
6367574,https://bina.az/items/6367574,obyektler,m²,350.0,,,,,True,True,True,6,Bakı,suraxani,,,,,,False,,400000
6367577,https://bina.az/items/6367577,heyet-evleri,m²,40.0,1.0,2.0,,,True,True,False,9,Bakı,yasamal,yeni-yasamal,,,,20.0,False,,82000
6367579,https://bina.az/items/6367579,menziller/kohne-tikili,m²,40.0,,2.0,1.0,3.0,True,True,False,15,Bakı,nizami-metrosu,,0.3333333333333333,True,False,20.0,False,,165000
6367580,https://bina.az/items/6367580,menziller/kohne-tikili,m²,58.0,,2.0,2.0,5.0,True,True,False,7,Bakı,neriman-nerimanov,,0.4,False,False,29.0,False,,240000
6367585,https://bina.az/items/6367585,menziller/kohne-tikili,m²,30.0,,2.0,3.0,5.0,True,True,False,8,Bakı,insaatcilar,,0.6,False,False,15.0,False,,130000
6268753,https://bina.az/items/6268753,menziller/yeni-tikili,m²,88.0,,2.0,8.0,8.0,True,True,False,16,Sumqayıt,,,1.0,False,True,44.0,False,,125000
6367586,https://bina.az/items/6367586,menziller/yeni-tikili,m²,57.0,,2.0,3.0,16.0,True,False,True,15,Bakı,bineqedi,,0.1875,False,False,28.5,False,True,110000
6359419,https://bina.az/items/6359419,torpaq,sot,12.0,,,,,,True,False,1,İsmayıllı,,,,,,,False,,96000
6205238,https://bina.az/items/6205238,menziller/yeni-tikili,m²,56.0,,2.0,8.0,16.0,True,False,False,10,Bakı,xetai,,0.5,False,False,28.0,False,,158000
6182795,https://bina.az/items/6182795,menziller/yeni-tikili,m²,250.0,,4.0,11.0,17.0,True,True,True,21,Bakı,28-may,,0.6470588235294118,False,False,62.5,False,,600000
5862841,https://bina.az/items/5862841,heyet-evleri,m²,70.0,3.0,2.0,,,True,True,False,15,Qusar,,,,,,35.0,False,,185000
6254296,https://bina.az/items/6254296,menziller/yeni-tikili,m²,170.0,,4.0,13.0,17.0,True,True,True,29,Bakı,insaatcilar,,0.7647058823529411,False,False,42.5,False,,450000
6367599,https://bina.az/items/6367599,menziller/yeni-tikili,m²,46.0,,2.0,9.0,16.0,True,False,False,15,Bakı,qara-qarayev,,0.5625,False,False,23.0,False,,191000
6162909,https://bina.az/items/6162909,menziller/yeni-tikili,m²,65.0,,2.0,3.0,16.0,False,True,False,12,Bakı,qaradag,lokbatan,0.1875,False,False,32.5,False,,87000
6359670,https://bina.az/items/6359670,heyet-evleri,m²,1200.0,12.0,4.0,,,True,True,False,15,Bakı,abseron,fatmayi,,,,300.0,False,,500000
6278172,https://bina.az/items/6278172,obyektler,m²,40.0,,,,,True,True,False,4,Bakı,nerimanov,,,,,,False,,165000
6367607,https://bina.az/items/6367607,menziller/yeni-tikili,m²,64.0,,2.0,5.0,14.0,True,True,False,15,Xırdalan,,,0.35714285714285715,False,False,32.0,False,,129000
6367609,https://bina.az/items/6367609,menziller/yeni-tikili,m²,85.0,,2.0,8.0,16.0,True,True,True,16,Bakı,sah-ismayil-xetai,,0.5,False,False,42.5,False,,390000
5625406,https://bina.az/items/5625406,menziller/yeni-tikili,m²,220.0,,3.0,7.0,23.0,True,True,False,14,Bakı,sah-ismayil-xetai,,0.30434782608695654,False,False,73.33333333333333,True,,940000
6367618,https://bina.az/items/6367618,menziller/yeni-tikili,m²,44.4,,1.0,2.0,8.0,False,False,True,5,Bakı,sabuncu,sea-breeze,0.25,False,False,44.4,False,,148000
6267041,https://bina.az/items/6267041,menziller/yeni-tikili,m²,88.0,,3.0,8.0,16.0,True,True,True,20,Bakı,elmler-akademiyasi,,0.5,False,False,29.333333333333332,False,,335000
6194413,https://bina.az/items/6194413,menziller/kohne-tikili,m²,53.0,,2.0,4.0,5.0,True,True,False,11,Bakı,elmler-akademiyasi,,0.8,False,False,26.5,False,,174000
6367623,https://bina.az/items/6367623,menziller/yeni-tikili,m²,91.0,,2.0,3.0,16.0,True,True,True,5,Bakı,genclik,,0.1875,False,False,45.5,False,,249000
6367626,https://bina.az/items/6367626,heyet-evleri,m²,150.0,4.0,4.0,,,,True,True,21,Bakı,abseron,masazir,,,,37.5,False,True,150000
6367629,https://bina.az/items/6367629,menziller/yeni-tikili,m²,85.0,,2.0,19.0,21.0,True,True,True,10,Bakı,neriman-nerimanov,,0.9047619047619048,False,False,42.5,False,,259000
6367631,https://bina.az/items/6367631,menziller/yeni-tikili,m²,100.0,,3.0,4.0,12.0,True,True,False,16,Bakı,memar-ecemi,,0.3333333333333333,False,False,33.333333333333336,False,True,285000
6367632,https://bina.az/items/6367632,menziller/yeni-tikili,m²,42.0,,2.0,15.0,16.0,True,False,False,12,Bakı,qara-qarayev,,0.9375,False,False,21.0,False,,169000
6367633,https://bina.az/items/6367633,menziller/yeni-tikili,m²,65.0,,2.0,3.0,9.0,True,True,True,8,Bakı,yasamal,,0.3333333333333333,False,False,32.5,False,,170000
6367634,https://bina.az/items/6367634,menziller/yeni-tikili,m²,75.0,,2.0,11.0,18.0,True,True,True,12,Bakı,nesimi-metrosu,,0.6111111111111112,False,False,37.5,False,,238000
6070232,https://bina.az/items/6070232,menziller/yeni-tikili,m²,135.0,,3.0,10.0,17.0,True,True,True,16,Bakı,nesimi,,0.5882352941176471,False,False,45.0,False,,365000
5784173,https://bina.az/items/5784173,menziller/yeni-tikili,m²,75.0,,2.0,3.0,18.0,True,False,False,10,Bakı,insaatcilar,,0.16666666666666666,False,False,37.5,False,,260000
6367672,https://bina.az/items/6367672,menziller/yeni-tikili,m²,50.0,,1.0,4.0,8.0,False,False,False,11,Bakı,xetai,,0.5,False,False,50.0,False,,275000
6367673,https://bina.az/items/6367673,menziller/yeni-tikili,m²,80.0,,2.0,6.0,16.0,False,False,False,6,Bakı,koroglu,,0.375,False,False,40.0,True,,215000
6367676,https://bina.az/items/6367676,menziller/yeni-tikili,m²,86.0,,3.0,18.0,19.0,True,False,False,18,Bakı,qara-qarayev,,0.9473684210526315,False,False,28.666666666666668,False,True,335000
6367678,https://bina.az/items/6367678,menziller/yeni-tikili,m²,130.0,,3.0,2.0,12.0,True,True,True,17,Bakı,neftciler,,0.16666666666666666,False,False,43.333333333333336,False,,288000
6083541,https://bina.az/items/6083541,obyektler,m²,14.0,,,,,True,True,False,5,Bakı,suraxani,hovsan,,,,,False,,39500
6367680,https://bina.az/items/6367680,menziller/yeni-tikili,m²,130.0,,3.0,16.0,17.0,True,True,True,14,Bakı,20-yanvar,,0.9411764705882353,False,False,43.333333333333336,False,,315000
6367682,https://bina.az/items/6367682,menziller/yeni-tikili,m²,105.0,,3.0,8.0,17.0,True,True,True,19,Bakı,elmler-akademiyasi,,0.47058823529411764,False,False,35.0,False,,325000
6367686,https://bina.az/items/6367686,menziller/kohne-tikili,m²,80.0,,3.0,8.0,9.0,True,True,True,6,Bakı,xetai,kohne-gunesli,0.8888888888888888,False,False,26.666666666666668,False,,170000
6121760,https://bina.az/items/6121760,torpaq,sot,3.0,,,,,,True,True,4,Bakı,suraxani,hovsan,,,,,False,,45000
6304183,https://bina.az/items/6304183,menziller/yeni-tikili,m²,70.0,,2.0,3.0,14.0,False,False,False,11,Bakı,qara-qarayev,,0.21428571428571427,False,False,35.0,False,,220000
6242667,https://bina.az/items/6242667,menziller/yeni-tikili,m²,52.0,,2.0,10.0,15.0,True,True,False,11,Bakı,hezi-aslanov,,0.6666666666666666,False,False,26.0,False,,186000
6195964,https://bina.az/items/6195964,menziller/yeni-tikili,m²,128.0,,3.0,10.0,20.0,False,True,False,7,Bakı,hezi-aslanov,,0.5,False,False,42.666666666666664,False,,275000
5997717,https://bina.az/items/5997717,menziller/kohne-tikili,m²,80.0,,3.0,5.0,5.0,True,True,True,22,Bakı,qara-qarayev,,1.0,False,True,26.666666666666668,False,,178000
6276099,https://bina.az/items/6276099,menziller/yeni-tikili,m²,95.0,,2.0,7.0,20.0,True,True,True,13,Bakı,insaatcilar,,0.35,False,False,47.5,False,,330000
6360542,https://bina.az/items/6360542,menziller/yeni-tikili,m²,70.0,,2.0,3.0,5.0,True,False,False,16,Xırdalan,,,0.6,False,False,35.0,False,,88000
6367701,https://bina.az/items/6367701,heyet-evleri,m²,330.0,2.5,5.0,,,True,True,True,23,Bakı,20-yanvar,,,,,66.0,False,,949000
6367702,https://bina.az/items/6367702,menziller/kohne-tikili,m²,85.0,,3.0,1.0,5.0,True,True,False,10,Bakı,hezi-aslanov,,0.2,True,False,28.333333333333332,False,,188500
6367707,https://bina.az/items/6367707,menziller/kohne-tikili,m²,35.0,,2.0,3.0,4.0,True,True,False,12,Bakı,bineqedi,bileceri,0.75,False,False,17.5,False,True,107000
6367712,https://bina.az/items/6367712,menziller/kohne-tikili,m²,80.0,,3.0,9.0,9.0,True,True,True,29,Bakı,ehmedli,,1.0,False,True,26.666666666666668,False,,172000
5405448,https://bina.az/items/5405448,menziller/yeni-tikili,m²,122.0,,2.0,2.0,11.0,False,False,True,10,Bakı,sebail,bayil,0.18181818181818182,False,False,61.0,False,,330000
6306102,https://bina.az/items/6306102,menziller/yeni-tikili,m²,190.0,,4.0,7.0,20.0,True,False,False,26,Bakı,xetai,ag-sheher,0.35,False,False,47.5,False,,850000
6367715,https://bina.az/items/6367715,menziller/kohne-tikili,m²,65.0,,2.0,4.0,9.0,True,True,True,9,Bakı,hezi-aslanov,,0.4444444444444444,False,False,32.5,False,,169000
6028691,https://bina.az/items/6028691,menziller/yeni-tikili,m²,56.8,,2.0,2.0,7.0,False,True,False,4,Bakı,sabuncu,sea-breeze,0.2857142857142857,False,False,28.4,False,,205000
6367718,https://bina.az/items/6367718,menziller/kohne-tikili,m²,60.0,,2.0,7.0,9.0,True,True,True,8,Bakı,hezi-aslanov,,0.7777777777777778,False,False,30.0,False,,139000
6360615,https://bina.az/items/6360615,menziller/kohne-tikili,m²,40.0,,1.0,6.0,9.0,True,True,False,12,Bakı,suraxani,yeni-gunesli,0.6666666666666666,False,False,40.0,False,,118500
6367719,https://bina.az/items/6367719,heyet-evleri,m²,100.0,1.5,4.0,,,True,True,True,14,Bakı,suraxani,hovsan,,,,25.0,False,,82000
6367725,https://bina.az/items/6367725,menziller/yeni-tikili,m²,64.0,,2.0,10.0,16.0,True,False,False,30,Bakı,nizami-metrosu,,0.625,False,False,32.0,False,True,278000
6367729,https://bina.az/items/6367729,menziller/yeni-tikili,m²,62.0,,2.0,7.0,15.0,False,True,False,7,Xırdalan,,,0.4666666666666667,False,False,31.0,False,,99500
6367732,https://bina.az/items/6367732,menziller/yeni-tikili,m²,115.0,,3.0,2.0,19.0,True,True,False,17,Bakı,insaatcilar,,0.10526315789473684,False,False,38.333333333333336,False,,265000
6367734,https://bina.az/items/6367734,menziller/yeni-tikili,m²,90.0,,2.0,12.0,13.0,True,False,False,7,Bakı,neftciler,,0.9230769230769231,False,False,45.0,False,,265000
6367736,https://bina.az/items/6367736,menziller/yeni-tikili,m²,65.0,,2.0,3.0,18.0,True,True,True,9,Bakı,yasamal,yeni-yasamal,0.16666666666666666,False,False,32.5,False,,148000
6367737,https://bina.az/items/6367737,menziller/yeni-tikili,m²,80.0,,2.0,3.0,17.0,True,False,False,5,Bakı,ehmedli,,0.17647058823529413,False,False,40.0,False,,186000
6367741,https://bina.az/items/6367741,menziller/kohne-tikili,m²,56.0,,2.0,2.0,4.0,True,True,False,9,Mingəçevir,,,0.5,False,False,28.0,False,,65500
6244777,https://bina.az/items/6244777,menziller/kohne-tikili,m²,130.0,,4.0,3.0,9.0,True,True,True,19,Bakı,ehmedli,,0.3333333333333333,False,False,32.5,False,,277000
6367742,https://bina.az/items/6367742,menziller/yeni-tikili,m²,57.7,,1.0,7.0,8.0,False,False,True,5,Bakı,sabuncu,sea-breeze,0.875,False,False,57.7,False,,196000
6367745,https://bina.az/items/6367745,menziller/yeni-tikili,m²,50.0,,2.0,9.0,20.0,True,False,False,15,Bakı,insaatcilar,,0.45,False,False,25.0,False,True,121000
6367746,https://bina.az/items/6367746,menziller/yeni-tikili,m²,145.0,,3.0,17.0,18.0,True,True,True,11,Bakı,insaatcilar,,0.9444444444444444,False,False,48.333333333333336,False,,380000
6367748,https://bina.az/items/6367748,menziller/yeni-tikili,m²,131.0,,3.0,11.0,18.0,True,True,True,16,Bakı,8-noyabr,,0.6111111111111112,False,False,43.666666666666664,False,,365000
6367754,https://bina.az/items/6367754,heyet-evleri,m²,464.0,7.7,7.0,,,True,True,False,24,Bakı,sabuncu,bakixanov,,,,66.28571428571429,False,,884900
6184501,https://bina.az/items/6184501,menziller/kohne-tikili,m²,80.0,,3.0,9.0,9.0,True,True,True,11,Bakı,xetai,kohne-gunesli,1.0,False,True,26.666666666666668,False,,148000
6367763,https://bina.az/items/6367763,menziller/kohne-tikili,m²,80.0,,3.0,8.0,9.0,True,True,True,13,Bakı,xetai,kohne-gunesli,0.8888888888888888,False,False,26.666666666666668,False,True,169000
6367765,https://bina.az/items/6367765,menziller/yeni-tikili,m²,90.0,,3.0,13.0,24.0,True,False,False,13,Bakı,insaatcilar,,0.5416666666666666,False,False,30.0,False,True,295000
6077728,https://bina.az/items/6077728,menziller/kohne-tikili,m²,70.0,,3.0,9.0,9.0,True,True,False,9,Bakı,suraxani,hovsan,1.0,False,True,23.333333333333332,False,,118000
6367769,https://bina.az/items/6367769,menziller/kohne-tikili,m²,33.0,,1.0,1.0,5.0,True,True,False,10,Bakı,bineqedi,7-ci-mikrorayon,0.2,True,False,33.0,False,,109500
6367772,https://bina.az/items/6367772,heyet-evleri,m²,110.0,5.5,3.0,,,True,True,True,13,Sumqayıt,,,,,,36.666666666666664,False,True,73000
6367773,https://bina.az/items/6367773,heyet-evleri,m²,80.0,1.2,3.0,,,True,True,False,14,Bakı,qaradag,lokbatan,,,,26.666666666666668,False,,65000
6123735,https://bina.az/items/6123735,menziller/yeni-tikili,m²,100.0,,3.0,2.0,17.0,True,True,True,13,Bakı,28-may,,0.11764705882352941,False,False,33.333333333333336,False,,360000
6367783,https://bina.az/items/6367783,menziller/yeni-tikili,m²,450.0,,5.0,16.0,17.0,True,True,True,28,Bakı,28-may,,0.9411764705882353,False,False,90.0,False,,1020000
6367790,https://bina.az/items/6367790,menziller/kohne-tikili,m²,95.0,,3.0,5.0,9.0,True,True,False,19,Bakı,azadliq-prospekti,,0.5555555555555556,False,False,31.666666666666668,False,,240000
6367792,https://bina.az/items/6367792,menziller/kohne-tikili,m²,100.0,,4.0,4.0,9.0,True,True,True,13,Bakı,hezi-aslanov,,0.4444444444444444,False,False,25.0,False,,179500
6367793,https://bina.az/items/6367793,menziller/yeni-tikili,m²,70.0,,2.0,4.0,12.0,False,False,False,11,Bakı,qara-qarayev,,0.3333333333333333,False,False,35.0,False,,220000
6367794,https://bina.az/items/6367794,menziller/yeni-tikili,m²,156.0,,3.0,6.0,22.0,True,True,True,18,Bakı,genclik,,0.2727272727272727,False,False,52.0,False,,460000
5940324,https://bina.az/items/5940324,menziller/yeni-tikili,m²,75.0,,2.0,18.0,19.0,True,True,True,10,Bakı,ehmedli,,0.9473684210526315,False,False,37.5,False,,148000
6175513,https://bina.az/items/6175513,menziller/kohne-tikili,m²,110.0,,4.0,9.0,9.0,False,True,True,13,Bakı,nizami,,1.0,False,True,27.5,False,,185000
5077870,https://bina.az/items/5077870,menziller/yeni-tikili,m²,86.0,,3.0,10.0,16.0,False,False,False,14,Bakı,qara-qarayev,,0.625,False,False,28.666666666666668,False,,225000
6367797,https://bina.az/items/6367797,menziller/yeni-tikili,m²,112.5,,3.0,14.0,16.0,True,False,False,12,Bakı,nesimi,,0.875,False,False,37.5,False,,330000
6091431,https://bina.az/items/6091431,menziller/kohne-tikili,m²,100.0,,5.0,1.0,9.0,True,True,True,10,Bakı,ehmedli,,0.1111111111111111,True,False,20.0,False,,180000
6367805,https://bina.az/items/6367805,menziller/kohne-tikili,m²,50.0,,2.0,8.0,9.0,True,True,True,9,Bakı,suraxani,,0.8888888888888888,False,False,25.0,False,,106900
6246405,https://bina.az/items/6246405,menziller/yeni-tikili,m²,56.0,,2.0,12.0,14.0,True,False,False,30,Bakı,nerimanov,,0.8571428571428571,False,False,28.0,False,,225000
6367809,https://bina.az/items/6367809,menziller/yeni-tikili,m²,60.0,,2.0,18.0,19.0,True,True,True,12,Bakı,yasamal,yeni-yasamal,0.9473684210526315,False,False,30.0,False,,157000
6367811,https://bina.az/items/6367811,heyet-evleri,m²,350.0,16.0,7.0,,,True,True,True,30,Bakı,xezer,merdekan,,,,50.0,False,,1400000
