listing_id,url,deal_type,property_type,price_azn,currency,is_negotiable,area_m2,rooms,floor,total_floors,building_type,renovation,has_kupca,has_mortgage,city,district,settlement,metro_station,latitude,longitude,title,description,seller_type,seller_name,seller_id,posted_at,first_seen_at,last_seen_at,delisted_at,is_active,scrape_source,raw_json
6239392,https://bina.az/items/6239392,sale,heyet-evleri,425000.00,AZN,,185.00,4,,,,temirli,t,f,Bakı,,,,,,,"🏡 ПРЕМИАЛЬНАЯ ВИЛЛА В МАРДАКЯНЕ!

В одном из самых престижных и экологически чистых районов Мардакяна, всего в 10–15 минутах езды от станции метро «Кёроглу», предлагается к продаже роскошная полностью меблированная вилла.

📍 Площадь участка: 5 соток
🏠 Площадь дома: 185 м²
🛏 Количество комнат: 4
📄 Документы: Полный пакет документов, Купча

Вилла построена на высоком каменном цоколе, выполнен качественный ремонт с использованием дорогих материалов и премиальной фурнитуры.

✅ Тёплые полы во всех комнатах
✅ Крытый фильтрованный бассейн для круглогодичного использования
✅ Летняя кухня и беседка
✅ 2 санузла в доме + дополнительный санузел во дворе
✅ Кондиционеры, стиральная машина, холодильник, большой телевизор
✅ Полностью укомплектована современной мебелью
✅ Ортопедические матрасы
✅ 7 камер видеонаблюдения
✅ Высокоскоростной интернет
✅ Автоматические ворота с дистанционным управлением
✅ Резервный водяной бак

✨ Просторные и светлые комнаты, современный дизайн, высокий уровень комфорта и все условия для проживания круглый год.

🚗 Асфальтированная дорога обеспечивает удобный подъезд в любое время года.

💰 Цена: 425 000 AZN

Для получения дополнительной информации и организации просмотра свяжитесь с нами 



🏡 MƏRDƏKANDA PREMIUM VİLLA SATIŞDA!

Mərdəkanda, ekoloji cəhətdən təmiz və elit yaşayış məntəqəsində, ""Koroğlu"" metrosundan cəmi 10-15 dəqiqəlik məsafədə yerləşən möhtəşəm villa satışa təqdim olunur.

📍 Torpaq sahəsi: 5 sot
🏠 Tikili sahəsi: 185 m²
🛏 Otaq sayı: 4
📄 Sənəd: Tam Kupça (Paket Kupça)

Villa 4 daş kürsü üzərində inşa olunub, yüksək keyfiyyətli materiallarla təmir edilib və tam əşyalı şəkildə satılır.

✅ Bütün otaqlarda isti döşəmə sistemi
✅ Filtrli, yay-qış istifadə üçün nəzərdə tutulmuş hovuz
✅ Yay mətbəxi və besedka
✅ 2 sanitar qovşaq + həyətdə əlavə sanuzel
✅ Kondisionerlər, soyuducu, paltaryuyan, böyük ekran TV
✅ Bütün otaqlarda müasir mebellər
✅ Ortopedik döşəklər
✅ 7 ədəd müşahidə kamerası
✅ Yüksək sürətli internet
✅ Pultla idarə olunan giriş qapısı
✅ Ehtiyat su çəni

✨ Geniş və işıqlı otaqlar, zövqlü dizayn, yüksək keyfiyyətli aksesuarlar və rahat yaşayış üçün bütün şərait mövcuddur.

🚗 Villaya gedən yol tam asfaltdır və ilboyu rahat gediş-gəliş təmin edir.

💰 Qiymət: 425.000 AZN

Ətraflı məlumat və baxış üçün əlaqə saxlayın ",agent,Nicat,3985,,2026-08-23 12:19:48.844723+00,2026-08-23 12:19:48.844723+00,,t,sitemap,"{""id"": ""6239392"", ""area"": {""units"": ""m²"", ""value"": 185, ""__typename"": ""Area""}, ""city"": {""id"": ""1"", ""name"": ""Bakı"", ""path"": ""/baki"", ""slug"": ""baki"", ""__typename"": ""City""}, ""path"": ""/items/6239392"", ""floor"": null, ""price"": {""total"": 425000, ""perAre"": null, ""currency"": ""AZN"", ""__typename"": ""Price""}, ""rooms"": 4, ""state"": ""PUBLISHED"", ""views"": 360, ""floors"": null, ""photos"": [{""full"": ""https://bina.azstatic.com/uploads/full/2026%2F06%2F25%2F11%2F27%2F47%2F427c1d9f-242a-44cc-bdad-1d21ffac10da%2F30848_TFJnFclSNcx5HpZ1TASwXA.jpg"", ""f660x496"": ""https://bina.azstatic.com/uploads/f660x496/2026%2F06%2F25%2F11%2F27%2F47%2F427c1d9f-242a-44cc-bdad-1d21ffac10da%2F30848_TFJnFclSNcx5HpZ1TASwXA.jpg"", ""thumbnail"": ""https://bina.azstatic.com/uploads/thumbnail/2026%2F06%2F25%2F11%2F27%2F47%2F427c1d9f-242a-44cc-bdad-1d21ffac10da%2F30848_TFJnFclSNcx5HpZ1TASwXA.jpg"", ""__typename"": ""Photo""}, {""full"": ""https://bina.azstatic.com/uploads/full/2026%2F06%2F25%2F11%2F27%2F48%2Fe4c9b24c-6f8e-44e0-a483-8d67e0a0da20%2F30813_xY4JC1EWp1qEO44AN8H_Hw.jpg"", ""f660x496"": ""https://bina.azstatic.com/uploads/f660x496/2026%2F06%2F25%2F11%2F27%2F48%2Fe4c9b24c-6f8e-44e0-a483-8d67e0a0da20%2F30813_xY4JC1EWp1qEO44AN8H_Hw.jpg"", ""thumbnail"": ""https://bina.azstatic.com/uploads/thumbnail/2026%2F06%2F25%2F11%2F27%2F48%2Fe4c9b24c-6f8e-44e0-a483-8d67e0a0da20%2F30813_xY4JC1EWp1qEO44AN8H_Hw.jpg"", ""__typename"": ""Photo""}, {""full"": ""https://bina.azstatic.com/uploads/full/2026%2F06%2F25%2F11%2F27%2F47%2F33130953-9418-40dc-a99c-6eb9c24c9577%2F31073_3ZcVT6fFVNDxEH41LiNb9Q.jpg"", ""f660x496"": ""https://bina.azstatic.com/uploads/f660x496/2026%2F06%2F25%2F11%2F27%2F47%2F33130953-9418-40dc-a99c-6eb9c24c9577%2F31073_3ZcVT6fFVNDxEH41LiNb9Q.jpg"", ""thumbnail"": ""https://bina.azstatic.com/uploads/thumbnail/2026%2F06%2F25%2F11%2F27%2F47%2F33130953-9418-40dc-a99c-6eb9c24c9577%2F31073_3ZcVT6fFVNDxEH41LiNb9Q.jpg"", ""__typename"": ""Photo""}, {""full"": ""https://bina.azstatic.com/uploads/full/2026%2F06%2F25%2F11%2F27%2F48%2F87ebff02-4951-4a8b-b698-0e44391463cd%2F55405_G_S7pj2JxNS_F-AG4dHNew.jpg"", ""f660x496"": ""https://bina.azstatic.com/uploads/f660x496/2026%2F06%2F25%2F11%2F27%2F48%2F87ebff02-4951-4a8b-b698-0e44391463cd%2F55405_G_S7pj2JxNS_F-AG4dHNew.jpg"", ""thumbnail"": ""https://bina.azstatic.com/uploads/thumbnail/2026%2F06%2F25%2F11%2F27%2F48%2F87ebff02-4951-4a8b-b698-0e44391463cd%2F55405_G_S7pj2JxNS_F-AG4dHNew.jpg"", ""__typename"": ""Photo""}, {""full"": ""https://bina.azstatic.com/uploads/full/2026%2F06%2F25%2F11%2F27%2F47%2Fe035ec4a-2d36-4c5a-8cd4-684e8c00db4a%2F30708_Vzgf-4--Mpp-rxhSMo4gIA.jpg"", ""f660x496"": ""https://bina.azstatic.com/uploads/f660x496/2026%2F06%2F25%2F11%2F27%2F47%2Fe035ec4a-2d36-4c5a-8cd4-684e8c00db4a%2F30708_Vzgf-4--Mpp-rxhSMo4gIA.jpg"", ""thumbnail"": ""https://bina.azstatic.com/uploads/thumbnail/2026%2F06%2F25%2F11%2F27%2F47%2Fe035ec4a-2d36-4c5a-8cd4-684e8c00db4a%2F30708_Vzgf-4--Mpp-rxhSMo4gIA.jpg"", ""__typename"": ""Photo""}, {""full"": ""https://bina.azstatic.com/uploads/full/2026%2F06%2F25%2F11%2F27%2F47%2F7f2e1802-8f00-476d-8bf6-4d3d94e7ef10%2F55363_hDg0qswtZ3S7YmFmuoywrg.jpg"", ""f660x496"": ""https://bina.azstatic.com/uploads/f660x496/2026%2F06%2F25%2F11%2F27%2F47%2F7f2e1802-8f00-476d-8bf6-4d3d94e7ef10%2F55363_hDg0qswtZ3S7YmFmuoywrg.jpg"", ""thumbnail"": ""https://bina.azstatic.com/uploads/thumbnail/2026%2F06%2F25%2F11%2F27%2F47%2F7f2e1802-8f00-476d-8bf6-4d3d94e7ef10%2F55363_hDg0qswtZ3S7YmFmuoywrg.jpg"", ""__typename"": ""Photo""}, {""full"": ""https://bina.azstatic.com/uploads/full/2026%2F06%2F25%2F11%2F27%2F48%2F75a138e7-7c39-4b57-b93c-b9959240db14%2F55362_BKPEuuhqC9ChYb3Kk9wQ8Q.jpg"", ""f660x496"": ""https://bina.azstatic.com/uploads/f660x496/2026%2F06%2F25%2F11%2F27%2F48%2F75a138e7-7c39-4b57-b93c-b9959240db14%2F55362_BKPEuuhqC9ChYb3Kk9wQ8Q.jpg"", ""thumbnail"": ""https://bina.azstatic.com/uploads/thumbnail/2026%2F06%2F25%2F11%2F27%2F48%2F75a138e7-7c39-4b57-b93c-b9959240db14%2F55362_BKPEuuhqC9ChYb3Kk9wQ8Q.jpg"", ""__typename"": ""Photo""}, {""full"": ""https://bina.azstatic.com/uploads/full/2026%2F06%2F25%2F11%2F27%2F47%2Fb5233d31-09e3-44d5-891a-69f4d6c18e5b%2F55674_JIUS9tYGoVvcdyn7QTUHSA.jpg"", ""f660x496"": ""https://bina.azstatic.com/uploads/f660x496/2026%2F06%2F25%2F11%2F27%2F47%2Fb5233d31-09e3-44d5-891a-69f4d6c18e5b%2F55674_JIUS9tYGoVvcdyn7QTUHSA.jpg"", ""thumbnail"": ""https://bina.azstatic.com/uploads/thumbnail/2026%2F06%2F25%2F11%2F27%2F47%2Fb5233d31-09e3-44d5-891a-69f4d6c18e5b%2F55674_JIUS9tYGoVvcdyn7QTUHSA.jpg"", ""__typename"": ""Photo""}, {""full"": ""https://bina.azstatic.com/uploads/full/2026%2F06%2F25%2F11%2F27%2F48%2Fb5ee0b27-e20f-465a-91f9-5edb0c051878%2F55338_ytvvMKB0RKo5R-T9OC9WkA.jpg"", ""f660x496"": ""https://bina.azstatic.com/uploads/f660x496/2026%2F06%2F25%2F11%2F27%2F48%2Fb5ee0b27-e20f-465a-91f9-5edb0c051878%2F55338_ytvvMKB0RKo5R-T9OC9WkA.jpg"", ""thumbnail"": ""https://bina.azstatic.com/uploads/thumbnail/2026%2F06%2F25%2F11%2F27%2F48%2Fb5ee0b27-e20f-465a-91f9-5edb0c051878%2F55338_ytvvMKB0RKo5R-T9OC9WkA.jpg"", ""__typename"": ""Photo""}, {""full"": ""https://bina.azstatic.com/uploads/full/2026%2F06%2F25%2F11%2F27%2F47%2F9bd56e92-2ced-4af3-b283-9ba542d9d748%2F75577_zeSTSgIyHvyPBIYk5n8SUw.jpg"", ""f660x496"": ""https://bina.azstatic.com/uploads/f660x496/2026%2F06%2F25%2F11%2F27%2F47%2F9bd56e92-2ced-4af3-b283-9ba542d9d748%2F75577_zeSTSgIyHvyPBIYk5n8SUw.jpg"", ""thumbnail"": ""https://bina.azstatic.com/uploads/thumbnail/2026%2F06%2F25%2F11%2F27%2F47%2F9bd56e92-2ced-4af3-b283-9ba542d9d748%2F75577_zeSTSgIyHvyPBIYk5n8SUw.jpg"", ""__typename"": ""Photo""}, {""full"": ""https://bina.azstatic.com/uploads/full/2026%2F06%2F25%2F11%2F27%2F48%2Ffa692a4d-b2d3-4945-911d-ea54d49fdbe0%2F30708_YoEKjv_Fbu3sfjfuFeWYnA.jpg"", ""f660x496"": ""https://bina.azstatic.com/uploads/f660x496/2026%2F06%2F25%2F11%2F27%2F48%2Ffa692a4d-b2d3-4945-911d-ea54d49fdbe0%2F30708_YoEKjv_Fbu3sfjfuFeWYnA.jpg"", ""thumbnail"": ""https://bina.azstatic.com/uploads/thumbnail/2026%2F06%2F25%2F11%2F27%2F48%2Ffa692a4d-b2d3-4945-911d-ea54d49fdbe0%2F30708_YoEKjv_Fbu3sfjfuFeWYnA.jpg"", ""__typename"": ""Photo""}, {""full"": ""https://bina.azstatic.com/uploads/full/2026%2F06%2F25%2F11%2F27%2F47%2Fd033d575-0af3-424a-b4a9-aba543663e65%2F55746_M72nE0kSBWq9eUc1H2YB9g.jpg"", ""f660x496"": ""https://bina.azstatic.com/uploads/f660x496/2026%2F06%2F25%2F11%2F27%2F47%2Fd033d575-0af3-424a-b4a9-aba543663e65%2F55746_M72nE0kSBWq9eUc1H2YB9g.jpg"", ""thumbnail"": ""https://bina.azstatic.com/uploads/thumbnail/2026%2F06%2F25%2F11%2F27%2F47%2Fd033d575-0af3-424a-b4a9-aba543663e65%2F55746_M72nE0kSBWq9eUc1H2YB9g.jpg"", ""__typename"": ""Photo""}, {""full"": ""https://bina.azstatic.com/uploads/full/2026%2F06%2F25%2F11%2F27%2F48%2F6f215ce1-d1e4-4dec-b940-a130b1540473%2F52104_xyme5Dnw_8JKiLg660peSA.jpg"", ""f660x496"": ""https://bina.azstatic.com/uploads/f660x496/2026%2F06%2F25%2F11%2F27%2F48%2F6f215ce1-d1e4-4dec-b940-a130b1540473%2F52104_xyme5Dnw_8JKiLg660peSA.jpg"", ""thumbnail"": ""https://bina.azstatic.com/uploads/thumbnail/2026%2F06%2F25%2F11%2F27%2F48%2F6f215ce1-d1e4-4dec-b940-a130b1540473%2F52104_xyme5Dnw_8JKiLg660peSA.jpg"", ""__typename"": ""Photo""}, {""full"": ""https://bina.azstatic.com/uploads/full/2026%2F06%2F25%2F11%2F27%2F47%2Faf9d2c46-439f-49ab-833b-efd530511488%2F75113_RuGCBq_uAHvUJtS0kI0oIA.jpg"", ""f660x496"": ""https://bina.azstatic.com/uploads/f660x496/2026%2F06%2F25%2F11%2F27%2F47%2Faf9d2c46-439f-49ab-833b-efd530511488%2F75113_RuGCBq_uAHvUJtS0kI0oIA.jpg"", ""thumbnail"": ""https://bina.azstatic.com/uploads/thumbnail/2026%2F06%2F25%2F11%2F27%2F47%2Faf9d2c46-439f-49ab-833b-efd530511488%2F75113_RuGCBq_uAHvUJtS0kI0oIA.jpg"", ""__typename"": ""Photo""}, {""full"": ""https://bina.azstatic.com/uploads/full/2026%2F06%2F25%2F11%2F27%2F47%2F433b5c28-aba5-434d-9d4f-3d2faaa842e8%2F55538__5lvb8iF-9WRcamxDSkAmw.jpg"", ""f660x496"": ""https://bina.azstatic.com/uploads/f660x496/2026%2F06%2F25%2F11%2F27%2F47%2F433b5c28-aba5-434d-9d4f-3d2faaa842e8%2F55538__5lvb8iF-9WRcamxDSkAmw.jpg"", ""thumbnail"": ""https://bina.azstatic.com/uploads/thumbnail/2026%2F06%2F25%2F11%2F27%2F47%2F433b5c28-aba5-434d-9d4f-3d2faaa842e8%2F55538__5lvb8iF-9WRcamxDSkAmw.jpg"", ""__typename"": ""Photo""}, {""full"": ""https://bina.azstatic.com/uploads/full/2026%2F06%2F25%2F11%2F27%2F48%2F51ed0b41-95fa-4029-a8dc-b85ee5b48335%2F55361_ew-LMKYZcySjDCBIML0Caw.jpg"", ""f660x496"": ""https://bina.azstatic.com/uploads/f660x496/2026%2F06%2F25%2F11%2F27%2F48%2F51ed0b41-95fa-4029-a8dc-b85ee5b48335%2F55361_ew-LMKYZcySjDCBIML0Caw.jpg"", ""thumbnail"": ""https://bina.azstatic.com/uploads/thumbnail/2026%2F06%2F25%2F11%2F27%2F48%2F51ed0b41-95fa-4029-a8dc-b85ee5b48335%2F55361_ew-LMKYZcySjDCBIML0Caw.jpg"", ""__typename"": ""Photo""}, {""full"": ""https://bina.azstatic.com/uploads/full/2026%2F06%2F25%2F11%2F27%2F48%2F677e6d62-197b-4045-82df-5751c422ff53%2F23449_mVlMF86FlyWlAsDHlHQb7g.jpg"", ""f660x496"": ""https://bina.azstatic.com/uploads/f660x496/2026%2F06%2F25%2F11%2F27%2F48%2F677e6d62-197b-4045-82df-5751c422ff53%2F23449_mVlMF86FlyWlAsDHlHQb7g.jpg"", ""thumbnail"": ""https://bina.azstatic.com/uploads/thumbnail/2026%2F06%2F25%2F11%2F27%2F48%2F677e6d62-197b-4045-82df-5751c422ff53%2F23449_mVlMF86FlyWlAsDHlHQb7g.jpg"", ""__typename"": ""Photo""}, {""full"": ""https://bina.azstatic.com/uploads/full/2026%2F06%2F25%2F11%2F27%2F48%2Fcc840b0a-f724-42c8-af93-c6220376a1a9%2F55164_7_v6XHycsWwTIicqa-6wlA.jpg"", ""f660x496"": ""https://bina.azstatic.com/uploads/f660x496/2026%2F06%2F25%2F11%2F27%2F48%2Fcc840b0a-f724-42c8-af93-c6220376a1a9%2F55164_7_v6XHycsWwTIicqa-6wlA.jpg"", ""thumbnail"": ""https://bina.azstatic.com/uploads/thumbnail/2026%2F06%2F25%2F11%2F27%2F48%2Fcc840b0a-f724-42c8-af93-c6220376a1a9%2F55164_7_v6XHycsWwTIicqa-6wlA.jpg"", ""__typename"": ""Photo""}, {""full"": ""https://bina.azstatic.com/uploads/full/2026%2F06%2F25%2F11%2F27%2F48%2F46d886f0-6da2-48b5-81f0-e8a6a9ea06a7%2F80974_UdGHwuXadbHUolnCeh27zg.jpg"", ""f660x496"": ""https://bina.azstatic.com/uploads/f660x496/2026%2F06%2F25%2F11%2F27%2F48%2F46d886f0-6da2-48b5-81f0-e8a6a9ea06a7%2F80974_UdGHwuXadbHUolnCeh27zg.jpg"", ""thumbnail"": ""https://bina.azstatic.com/uploads/thumbnail/2026%2F06%2F25%2F11%2F27%2F48%2F46d886f0-6da2-48b5-81f0-e8a6a9ea06a7%2F80974_UdGHwuXadbHUolnCeh27zg.jpg"", ""__typename"": ""Photo""}, {""full"": ""https://bina.azstatic.com/uploads/full/2026%2F06%2F25%2F11%2F27%2F47%2F1d375515-6a3f-4095-b07b-b7c4161b9e73%2F55405_Q4VqvhK-0HmQcIQZvnRcmg.jpg"", ""f660x496"": ""https://bina.azstatic.com/uploads/f660x496/2026%2F06%2F25%2F11%2F27%2F47%2F1d375515-6a3f-4095-b07b-b7c4161b9e73%2F55405_Q4VqvhK-0HmQcIQZvnRcmg.jpg"", ""thumbnail"": ""https://bina.azstatic.com/uploads/thumbnail/2026%2F06%2F25%2F11%2F27%2F47%2F1d375515-6a3f-4095-b07b-b7c4161b9e73%2F55405_Q4VqvhK-0HmQcIQZvnRcmg.jpg"", ""__typename"": ""Photo""}, {""full"": ""https://bina.azstatic.com/uploads/full/2026%2F06%2F25%2F11%2F27%2F47%2F7661a481-4ba5-47d4-8120-4139417e9a3d%2F83962_67YwtMxOFGFEuKfGaZ1alg.jpg"", ""f660x496"": ""https://bina.azstatic.com/uploads/f660x496/2026%2F06%2F25%2F11%2F27%2F47%2F7661a481-4ba5-47d4-8120-4139417e9a3d%2F83962_67YwtMxOFGFEuKfGaZ1alg.jpg"", ""thumbnail"": ""https://bina.azstatic.com/uploads/thumbnail/2026%2F06%2F25%2F11%2F27%2F47%2F7661a481-4ba5-47d4-8120-4139417e9a3d%2F83962_67YwtMxOFGFEuKfGaZ1alg.jpg"", ""__typename"": ""Photo""}, {""full"": ""https://bina.azstatic.com/uploads/full/2026%2F06%2F25%2F11%2F27%2F47%2Fa5c8d135-1933-4429-b149-88ca9f32abfb%2F55078_gDr4MMlLI3q9AUJhmHOK2A.jpg"", ""f660x496"": ""https://bina.azstatic.com/uploads/f660x496/2026%2F06%2F25%2F11%2F27%2F47%2Fa5c8d135-1933-4429-b149-88ca9f32abfb%2F55078_gDr4MMlLI3q9AUJhmHOK2A.jpg"", ""thumbnail"": ""https://bina.azstatic.com/uploads/thumbnail/2026%2F06%2F25%2F11%2F27%2F47%2Fa5c8d135-1933-4429-b149-88ca9f32abfb%2F55078_gDr4MMlLI3q9AUJhmHOK2A.jpg"", ""__typename"": ""Photo""}, {""full"": ""https://bina.azstatic.com/uploads/full/2026%2F06%2F25%2F11%2F27%2F47%2F1bc67c7e-114d-4b06-807b-7b0d12910fdd%2F83971_dNSMtSCkc-8iMehONZEC3Q.jpg"", ""f660x496"": ""https://bina.azstatic.com/uploads/f660x496/2026%2F06%2F25%2F11%2F27%2F47%2F1bc67c7e-114d-4b06-807b-7b0d12910fdd%2F83971_dNSMtSCkc-8iMehONZEC3Q.jpg"", ""thumbnail"": ""https://bina.azstatic.com/uploads/thumbnail/2026%2F06%2F25%2F11%2F27%2F47%2F1bc67c7e-114d-4b06-807b-7b0d12910fdd%2F83971_dNSMtSCkc-8iMehONZEC3Q.jpg"", ""__typename"": ""Photo""}, {""full"": ""https://bina.azstatic.com/uploads/full/2026%2F06%2F25%2F11%2F27%2F47%2F34362661-593e-458d-ab92-376c253d71a2%2F68036_0oSvyLlDjeLfTwjRB9mtOA.jpg"", ""f660x496"": ""https://bina.azstatic.com/uploads/f660x496/2026%2F06%2F25%2F11%2F27%2F47%2F34362661-593e-458d-ab92-376c253d71a2%2F68036_0oSvyLlDjeLfTwjRB9mtOA.jpg"", ""thumbnail"": ""https://bina.azstatic.com/uploads/thumbnail/2026%2F06%2F25%2F11%2F27%2F47%2F34362661-593e-458d-ab92-376c253d71a2%2F68036_0oSvyLlDjeLfTwjRB9mtOA.jpg"", ""__typename"": ""Photo""}, {""full"": ""https://bina.azstatic.com/uploads/full/2026%2F06%2F25%2F11%2F27%2F48%2Fb95f9451-e8d0-4f74-b531-ab0490427670%2F55445_Jn8dpoFDSd1WlG6Qm4yMzw.jpg"", ""f660x496"": ""https://bina.azstatic.com/uploads/f660x496/2026%2F06%2F25%2F11%2F27%2F48%2Fb95f9451-e8d0-4f74-b531-ab0490427670%2F55445_Jn8dpoFDSd1WlG6Qm4yMzw.jpg"", ""thumbnail"": ""https://bina.azstatic.com/uploads/thumbnail/2026%2F06%2F25%2F11%2F27%2F48%2Fb95f9451-e8d0-4f74-b531-ab0490427670%2F55445_Jn8dpoFDSd1WlG6Qm4yMzw.jpg"", ""__typename"": ""Photo""}, {""full"": ""https://bina.azstatic.com/uploads/full/2026%2F06%2F25%2F11%2F27%2F47%2F27172258-e198-45ab-8fda-0a2f0f51eb27%2F30914_F3rnds_5utWjl3sjAlfK1g.jpg"", ""f660x496"": ""https://bina.azstatic.com/uploads/f660x496/2026%2F06%2F25%2F11%2F27%2F47%2F27172258-e198-45ab-8fda-0a2f0f51eb27%2F30914_F3rnds_5utWjl3sjAlfK1g.jpg"", ""thumbnail"": ""https://bina.azstatic.com/uploads/thumbnail/2026%2F06%2F25%2F11%2F27%2F47%2F27172258-e198-45ab-8fda-0a2f0f51eb27%2F30914_F3rnds_5utWjl3sjAlfK1g.jpg"", ""__typename"": ""Photo""}, {""full"": ""https://bina.azstatic.com/uploads/full/2026%2F06%2F25%2F11%2F27%2F47%2F6029fec6-514c-45f5-a650-908c7139ed63%2F90218_ITO-K8x_EdfVI7PN3XiRZw.jpg"", ""f660x496"": ""https://bina.azstatic.com/uploads/f660x496/2026%2F06%2F25%2F11%2F27%2F47%2F6029fec6-514c-45f5-a650-908c7139ed63%2F90218_ITO-K8x_EdfVI7PN3XiRZw.jpg"", ""thumbnail"": ""https://bina.azstatic.com/uploads/thumbnail/2026%2F06%2F25%2F11%2F27%2F47%2F6029fec6-514c-45f5-a650-908c7139ed63%2F90218_ITO-K8x_EdfVI7PN3XiRZw.jpg"", ""__typename"": ""Photo""}], ""address"": ""Mərdəkan qəsəbəsi "", ""company"": {""id"": ""3985"", ""name"": ""Nicat"", ""__typename"": ""Company"", ""targetType"": ""AGENCY""}, ""business"": {""id"": ""639"", ""city"": {""name"": ""Bakı"", ""__typename"": ""City""}, ""name"": ""Garant Əmlak 2"", ""path"": ""/agentlikler/garant-emlak-2"", ""logoUrl"": ""https://bina.azstatic.com/uploads/o450x450/2023%2F07%2F07%2F14%2F30%2F19%2F0f68956a-50ac-4f64-ac20-0d606da7e933%2Flogo.jpg"", ""latitude"": 40.37917926305385, ""schedule"": ""Hər gün: 10:00 - 22:00"", ""longitude"": 49.81502628998479, ""__typename"": ""Agency"", ""itemsCount"": 506, ""viewsCount"": 9113, ""contactAddress"": ""Yasamal r., Hüseyn Cavid pr. 535""}, ""category"": {""id"": ""5"", ""name"": ""Həyət evi/Bağ evi"", ""slug"": ""heyet-evleri"", ""title"": ""Həyət evləri/Bağ evləri"", ""hasFloor"": false, ""__typename"": ""Category"", ""pluralName"": ""Həyət evləri/Bağ evləri"", ""hasLandArea"": true}, ""isLeased"": false, ""isVipped"": false, ""landArea"": {""units"": ""sot"", ""value"": 5, ""__typename"": ""Area""}, ""location"": {""path"": ""/baki/xezer/merdekan"", ""fullName"": ""Mərdəkan q."", ""__typename"": ""Location""}, ""metaTags"": [{""name"": ""title"", ""content"": ""4 otaqlı həyət evi/bağ evi — 185 m² — Mərdəkan q., Bakı, Azərbaycan (6239392)"", ""__typename"": ""MetaTag""}, {""name"": ""description"", ""content"": ""🏡 ПРЕМИАЛЬНАЯ ВИЛЛА В МАРДАКЯНЕ!\r\n\r\nВ одном из самых престижных и экологически чистых районов Мардакяна, всего в 10–15..."", ""__typename"": ""MetaTag""}], ""expiresAt"": null, ""hasRepair"": true, ""updatedAt"": ""2026-07-27T17:26:49+04:00"", ""__typename"": ""Item"", ""isFeatured"": false, ""breadcrumbs"": [{""name"": ""Daşınmaz əmlak"", ""path"": ""/items/all"", ""__typename"": ""Breadcrumb""}, {""name"": ""Bakı"", ""path"": ""/baki"", ""__typename"": ""Breadcrumb""}, {""name"": ""Alqı-satqı"", ""path"": ""/alqi-satqi"", ""__typename"": ""Breadcrumb""}, {""name"": ""4 otaqlı həyət evləri/bağ evləri"", ""path"": ""/alqi-satqi/heyet-evleri/4-otaqli"", ""__typename"": ""Breadcrumb""}], ""contactName"": ""Nicat"", ""description"": ""🏡 ПРЕМИАЛЬНАЯ ВИЛЛА В МАРДАКЯНЕ!\r\n\r\nВ одном из самых престижных и экологически чистых районов Мардакяна, всего в 10–15 минутах езды от станции метро «Кёроглу», предлагается к продаже роскошная полностью меблированная вилла.\r\n\r\n📍 Площадь участка: 5 соток\r\n🏠 Площадь дома: 185 м²\r\n🛏 Количество комнат: 4\r\n📄 Документы: Полный пакет документов, Купча\r\n\r\nВилла построена на высоком каменном цоколе, выполнен качественный ремонт с использованием дорогих материалов и премиальной фурнитуры.\r\n\r\n✅ Тёплые полы во всех комнатах\r\n✅ Крытый фильтрованный бассейн для круглогодичного использования\r\n✅ Летняя кухня и беседка\r\n✅ 2 санузла в доме + дополнительный санузел во дворе\r\n✅ Кондиционеры, стиральная машина, холодильник, большой телевизор\r\n✅ Полностью укомплектована современной мебелью\r\n✅ Ортопедические матрасы\r\n✅ 7 камер видеонаблюдения\r\n✅ Высокоскоростной интернет\r\n✅ Автоматические ворота с дистанционным управлением\r\n✅ Резервный водяной бак\r\n\r\n✨ Просторные и светлые комнаты, современный дизайн, высокий уровень комфорта и все условия для проживания круглый год.\r\n\r\n🚗 Асфальтированная дорога обеспечивает удобный подъезд в любое время года.\r\n\r\n💰 Цена: 425 000 AZN\r\n\r\nДля получения дополнительной информации и организации просмотра свяжитесь с нами \r\n\r\n\r\n\r\n🏡 MƏRDƏKANDA PREMIUM VİLLA SATIŞDA!\r\n\r\nMərdəkanda, ekoloji cəhətdən təmiz və elit yaşayış məntəqəsində, \""Koroğlu\"" metrosundan cəmi 10-15 dəqiqəlik məsafədə yerləşən möhtəşəm villa satışa təqdim olunur.\r\n\r\n📍 Torpaq sahəsi: 5 sot\r\n🏠 Tikili sahəsi: 185 m²\r\n🛏 Otaq sayı: 4\r\n📄 Sənəd: Tam Kupça (Paket Kupça)\r\n\r\nVilla 4 daş kürsü üzərində inşa olunub, yüksək keyfiyyətli materiallarla təmir edilib və tam əşyalı şəkildə satılır.\r\n\r\n✅ Bütün otaqlarda isti döşəmə sistemi\r\n✅ Filtrli, yay-qış istifadə üçün nəzərdə tutulmuş hovuz\r\n✅ Yay mətbəxi və besedka\r\n✅ 2 sanitar qovşaq + həyətdə əlavə sanuzel\r\n✅ Kondisionerlər, soyuducu, paltaryuyan, böyük ekran TV\r\n✅ Bütün otaqlarda müasir mebellər\r\n✅ Ortopedik döşəklər\r\n✅ 7 ədəd müşahidə kamerası\r\n✅ Yüksək sürətli internet\r\n✅ Pultla idarə olunan giriş qapısı\r\n✅ Ehtiyat su çəni\r\n\r\n✨ Geniş və işıqlı otaqlar, zövqlü dizayn, yüksək keyfiyyətli aksesuarlar və rahat yaşayış üçün bütün şərait mövcuddur.\r\n\r\n🚗 Villaya gedən yol tam asfaltdır və ilboyu rahat gediş-gəliş təmin edir.\r\n\r\n💰 Qiymət: 425.000 AZN\r\n\r\nƏtraflı məlumat və baxış üçün əlaqə saxlayın "", ""hasMortgage"": false, ""isPaidDaily"": null, ""hasBillOfSale"": true, ""contactTypeName"": ""vasitəçi (agent)"", ""hasInternalLoan"": false, ""buildingTypeName"": null, ""nearestLocations"": [{""id"": ""15"", ""path"": ""/baki/xezer"", ""fullName"": ""Xəzər r."", ""__typename"": ""Location""}, {""id"": ""109"", ""path"": ""/baki/xezer/merdekan"", ""fullName"": ""Mərdəkan q."", ""__typename"": ""Location""}], ""isExpiredManually"": false}"
6325821,https://bina.az/items/6325821,sale,heyet-evleri,95000.00,AZN,,50.00,3,,,,temirli,t,f,Xırdalan,,,Xırdalan,,,,"TƏCİLİ HƏYƏT EYİ SATILIR.( Xaricə gedəcəyi üçün ucuz satır). - Ünvan-Xirdalan seherin,Nizami Gəngəvi kücəsi,Köhnə Bazarın və Ləzizin yanıyanıTexniki Humanitar Kollecle uzbe uz. Qaz Su İsiq daimidir. Hal Hazirda kirayededir Kirayeci qarisiq Satilir. 3 otaqli otaqlar ayri ayridir. Tam esyali Evde Kombi sisdemi var Elave Pitiminutka qoyulub Xaladelnik Paltar yuyan Kondisioner Wifi. Televizor Sekillerdeki gorduyunuz kimidir. Tam senedli evinde Cixarisi var Torpaginda. Isder 4 dene Telebe yerlesdirib 600 azn vermek olar kiraye Isdeseniz aileyede vermey olar kiraye 450-500 azn civarinda. Real musderiler elaqe saxlasinlar-40 m², Həyətin sahəsi-1.0 sotdur. Həyətın ,yəni Darvazanın qabağında maşın saxlamağa yeri var,. Kupçası var.-(paçet kupça). Qiymət: 95 000 AZN/ay                                                 .Xırdalan şəhərində ,bu qiymətə,kupçalı ev yoxdur. Əşyalı satılır.
Şərait / Təmir: Mənzil “təmirli”dir - yelçəkən mənzildir,Şəkillərdən əlavə,Vidiosu var.Su basan ərazi deyil.Gəlin baxın.
3 otaqlı-- təmirli, tam əşyalı (mənzildə -Geyran qaz peçi, kondisioner, paltaryuyan, soyuducu kimi məişət əşyaları daxil olduğu yazılıb). Mənzil səliqəli, baxımlıdır və hər bir otaq istifadə üçün hazırdır. Mənzil butun nov vacib avadanliqla təmin olunub . Binada qaz su və is var. Zəng edib maraqlana bilərsiz .Telefonla əlaqə qurub, mənzili canlı görmək (baxış) və Əlavə məlumat üçün əlaqə saxlayın. OFİS HAQQI Var.1%",agent,Qadir,5860,,2026-08-23 12:19:48.844723+00,2026-08-23 12:19:48.844723+00,,t,sitemap,"{""id"": ""6325821"", ""area"": {""units"": ""m²"", ""value"": 50, ""__typename"": ""Area""}, ""city"": {""id"": ""34"", ""name"": ""Xırdalan"", ""path"": ""/xirdalan"", ""slug"": ""xirdalan"", ""__typename"": ""City""}, ""path"": ""/items/6325821"", ""floor"": null, ""price"": {""total"": 95000, ""perAre"": null, ""currency"": ""AZN"", ""__typename"": ""Price""}, ""rooms"": 3, ""state"": ""PUBLISHED"", ""views"": 222, ""floors"": null, ""photos"": [{""full"": ""https://bina.azstatic.com/uploads/full/2026%2F07%2F27%2F17%2F04%2F44%2F43438b95-db78-4696-8002-abdb22878792%2F53192_pwbQVRGaTWbNPB2WwrWMKw.jpg"", ""f660x496"": ""https://bina.azstatic.com/uploads/f660x496/2026%2F07%2F27%2F17%2F04%2F44%2F43438b95-db78-4696-8002-abdb22878792%2F53192_pwbQVRGaTWbNPB2WwrWMKw.jpg"", ""thumbnail"": ""https://bina.azstatic.com/uploads/thumbnail/2026%2F07%2F27%2F17%2F04%2F44%2F43438b95-db78-4696-8002-abdb22878792%2F53192_pwbQVRGaTWbNPB2WwrWMKw.jpg"", ""__typename"": ""Photo""}, {""full"": ""https://bina.azstatic.com/uploads/full/2026%2F07%2F27%2F17%2F04%2F44%2F6d5ec52c-940f-49d1-a2d3-c9a37a9167d9%2F53204_9sD05QZofbXD7TTD6zRLrw.jpg"", ""f660x496"": ""https://bina.azstatic.com/uploads/f660x496/2026%2F07%2F27%2F17%2F04%2F44%2F6d5ec52c-940f-49d1-a2d3-c9a37a9167d9%2F53204_9sD05QZofbXD7TTD6zRLrw.jpg"", ""thumbnail"": ""https://bina.azstatic.com/uploads/thumbnail/2026%2F07%2F27%2F17%2F04%2F44%2F6d5ec52c-940f-49d1-a2d3-c9a37a9167d9%2F53204_9sD05QZofbXD7TTD6zRLrw.jpg"", ""__typename"": ""Photo""}, {""full"": ""https://bina.azstatic.com/uploads/full/2026%2F07%2F27%2F17%2F04%2F44%2F29e29d0d-87f2-42a1-8613-92516b2f5a1c%2F45519_1iGiEHqwP5r2ex4Y_UMyyQ.jpg"", ""f660x496"": ""https://bina.azstatic.com/uploads/f660x496/2026%2F07%2F27%2F17%2F04%2F44%2F29e29d0d-87f2-42a1-8613-92516b2f5a1c%2F45519_1iGiEHqwP5r2ex4Y_UMyyQ.jpg"", ""thumbnail"": ""https://bina.azstatic.com/uploads/thumbnail/2026%2F07%2F27%2F17%2F04%2F44%2F29e29d0d-87f2-42a1-8613-92516b2f5a1c%2F45519_1iGiEHqwP5r2ex4Y_UMyyQ.jpg"", ""__typename"": ""Photo""}, {""full"": ""https://bina.azstatic.com/uploads/full/2026%2F07%2F27%2F17%2F04%2F44%2Fae63e73b-257c-49d5-b6cf-52e23e12013e%2F53177_9H6jNqaTr97SOz_6Ihm00w.jpg"", ""f660x496"": ""https://bina.azstatic.com/uploads/f660x496/2026%2F07%2F27%2F17%2F04%2F44%2Fae63e73b-257c-49d5-b6cf-52e23e12013e%2F53177_9H6jNqaTr97SOz_6Ihm00w.jpg"", ""thumbnail"": ""https://bina.azstatic.com/uploads/thumbnail/2026%2F07%2F27%2F17%2F04%2F44%2Fae63e73b-257c-49d5-b6cf-52e23e12013e%2F53177_9H6jNqaTr97SOz_6Ihm00w.jpg"", ""__typename"": ""Photo""}, {""full"": ""https://bina.azstatic.com/uploads/full/2026%2F07%2F27%2F17%2F04%2F44%2F13f37652-a6f9-4afc-9418-3ec5e6a47813%2F53205_efbOdl79MEQ1KE3bvnY4IQ.jpg"", ""f660x496"": ""https://bina.azstatic.com/uploads/f660x496/2026%2F07%2F27%2F17%2F04%2F44%2F13f37652-a6f9-4afc-9418-3ec5e6a47813%2F53205_efbOdl79MEQ1KE3bvnY4IQ.jpg"", ""thumbnail"": ""https://bina.azstatic.com/uploads/thumbnail/2026%2F07%2F27%2F17%2F04%2F44%2F13f37652-a6f9-4afc-9418-3ec5e6a47813%2F53205_efbOdl79MEQ1KE3bvnY4IQ.jpg"", ""__typename"": ""Photo""}, {""full"": ""https://bina.azstatic.com/uploads/full/2026%2F07%2F27%2F17%2F04%2F44%2Fc6111135-4cc5-44a2-9c54-9cb4bef92f0b%2F53204__r8DBh65WBFM0t26ON1eIg.jpg"", ""f660x496"": ""https://bina.azstatic.com/uploads/f660x496/2026%2F07%2F27%2F17%2F04%2F44%2Fc6111135-4cc5-44a2-9c54-9cb4bef92f0b%2F53204__r8DBh65WBFM0t26ON1eIg.jpg"", ""thumbnail"": ""https://bina.azstatic.com/uploads/thumbnail/2026%2F07%2F27%2F17%2F04%2F44%2Fc6111135-4cc5-44a2-9c54-9cb4bef92f0b%2F53204__r8DBh65WBFM0t26ON1eIg.jpg"", ""__typename"": ""Photo""}, {""full"": ""https://bina.azstatic.com/uploads/full/2026%2F07%2F27%2F17%2F04%2F44%2Fdb544573-e49e-415c-a7b5-22c2c378c020%2F53192_IEmFZxtmOfq7b6-HdOvyYQ.jpg"", ""f660x496"": ""https://bina.azstatic.com/uploads/f660x496/2026%2F07%2F27%2F17%2F04%2F44%2Fdb544573-e49e-415c-a7b5-22c2c378c020%2F53192_IEmFZxtmOfq7b6-HdOvyYQ.jpg"", ""thumbnail"": ""https://bina.azstatic.com/uploads/thumbnail/2026%2F07%2F27%2F17%2F04%2F44%2Fdb544573-e49e-415c-a7b5-22c2c378c020%2F53192_IEmFZxtmOfq7b6-HdOvyYQ.jpg"", ""__typename"": ""Photo""}, {""full"": ""https://bina.azstatic.com/uploads/full/2026%2F07%2F27%2F17%2F04%2F44%2Fff7553f9-a2f8-4836-b76d-7538bc811b67%2F79483_L5CgtD2s4gfYBDT7wyQ8Tg.jpg"", ""f660x496"": ""https://bina.azstatic.com/uploads/f660x496/2026%2F07%2F27%2F17%2F04%2F44%2Fff7553f9-a2f8-4836-b76d-7538bc811b67%2F79483_L5CgtD2s4gfYBDT7wyQ8Tg.jpg"", ""thumbnail"": ""https://bina.azstatic.com/uploads/thumbnail/2026%2F07%2F27%2F17%2F04%2F44%2Fff7553f9-a2f8-4836-b76d-7538bc811b67%2F79483_L5CgtD2s4gfYBDT7wyQ8Tg.jpg"", ""__typename"": ""Photo""}, {""full"": ""https://bina.azstatic.com/uploads/full/2026%2F07%2F27%2F17%2F04%2F44%2F54823b6a-d1bd-467f-9a7d-41a744cc427d%2F75071_kspaVHpQ1ziJJBTojFaEbg.jpg"", ""f660x496"": ""https://bina.azstatic.com/uploads/f660x496/2026%2F07%2F27%2F17%2F04%2F44%2F54823b6a-d1bd-467f-9a7d-41a744cc427d%2F75071_kspaVHpQ1ziJJBTojFaEbg.jpg"", ""thumbnail"": ""https://bina.azstatic.com/uploads/thumbnail/2026%2F07%2F27%2F17%2F04%2F44%2F54823b6a-d1bd-467f-9a7d-41a744cc427d%2F75071_kspaVHpQ1ziJJBTojFaEbg.jpg"", ""__typename"": ""Photo""}, {""full"": ""https://bina.azstatic.com/uploads/full/2026%2F07%2F27%2F17%2F04%2F44%2Fd51bb8bf-a617-4e88-8e90-bce26d956ea2%2F86455_7Rk-LWaxJ5u3Y82wcW9cLA.jpg"", ""f660x496"": ""https://bina.azstatic.com/uploads/f660x496/2026%2F07%2F27%2F17%2F04%2F44%2Fd51bb8bf-a617-4e88-8e90-bce26d956ea2%2F86455_7Rk-LWaxJ5u3Y82wcW9cLA.jpg"", ""thumbnail"": ""https://bina.azstatic.com/uploads/thumbnail/2026%2F07%2F27%2F17%2F04%2F44%2Fd51bb8bf-a617-4e88-8e90-bce26d956ea2%2F86455_7Rk-LWaxJ5u3Y82wcW9cLA.jpg"", ""__typename"": ""Photo""}, {""full"": ""https://bina.azstatic.com/uploads/full/2026%2F07%2F27%2F17%2F04%2F44%2F8940c763-ec61-4afd-8a7e-518ada7d626b%2F53172_1s7CeMAcVbDw8IpNV4cdbQ.jpg"", ""f660x496"": ""https://bina.azstatic.com/uploads/f660x496/2026%2F07%2F27%2F17%2F04%2F44%2F8940c763-ec61-4afd-8a7e-518ada7d626b%2F53172_1s7CeMAcVbDw8IpNV4cdbQ.jpg"", ""thumbnail"": ""https://bina.azstatic.com/uploads/thumbnail/2026%2F07%2F27%2F17%2F04%2F44%2F8940c763-ec61-4afd-8a7e-518ada7d626b%2F53172_1s7CeMAcVbDw8IpNV4cdbQ.jpg"", ""__typename"": ""Photo""}, {""full"": ""https://bina.azstatic.com/uploads/full/2026%2F07%2F27%2F17%2F04%2F44%2F9ad0047d-f31a-425b-80cc-09c6d46f6202%2F53209_Wy1jMFSxmVId9KFRtfXT5g.jpg"", ""f660x496"": ""https://bina.azstatic.com/uploads/f660x496/2026%2F07%2F27%2F17%2F04%2F44%2F9ad0047d-f31a-425b-80cc-09c6d46f6202%2F53209_Wy1jMFSxmVId9KFRtfXT5g.jpg"", ""thumbnail"": ""https://bina.azstatic.com/uploads/thumbnail/2026%2F07%2F27%2F17%2F04%2F44%2F9ad0047d-f31a-425b-80cc-09c6d46f6202%2F53209_Wy1jMFSxmVId9KFRtfXT5g.jpg"", ""__typename"": ""Photo""}, {""full"": ""https://bina.azstatic.com/uploads/full/2026%2F07%2F27%2F17%2F04%2F44%2Fca1eae38-09cc-4246-bd5b-f3bc268a9d9b%2F53228_BDUbytxuGtazpRSey1MM9g.jpg"", ""f660x496"": ""https://bina.azstatic.com/uploads/f660x496/2026%2F07%2F27%2F17%2F04%2F44%2Fca1eae38-09cc-4246-bd5b-f3bc268a9d9b%2F53228_BDUbytxuGtazpRSey1MM9g.jpg"", ""thumbnail"": ""https://bina.azstatic.com/uploads/thumbnail/2026%2F07%2F27%2F17%2F04%2F44%2Fca1eae38-09cc-4246-bd5b-f3bc268a9d9b%2F53228_BDUbytxuGtazpRSey1MM9g.jpg"", ""__typename"": ""Photo""}, {""full"": ""https://bina.azstatic.com/uploads/full/2026%2F07%2F27%2F17%2F04%2F44%2F548996b5-fcb9-4ede-9be5-17d75899ec09%2F53188_WoqzMI0u-tQtY0xu2H1EKQ.jpg"", ""f660x496"": ""https://bina.azstatic.com/uploads/f660x496/2026%2F07%2F27%2F17%2F04%2F44%2F548996b5-fcb9-4ede-9be5-17d75899ec09%2F53188_WoqzMI0u-tQtY0xu2H1EKQ.jpg"", ""thumbnail"": ""https://bina.azstatic.com/uploads/thumbnail/2026%2F07%2F27%2F17%2F04%2F44%2F548996b5-fcb9-4ede-9be5-17d75899ec09%2F53188_WoqzMI0u-tQtY0xu2H1EKQ.jpg"", ""__typename"": ""Photo""}, {""full"": ""https://bina.azstatic.com/uploads/full/2026%2F07%2F27%2F17%2F04%2F44%2F68eca926-7a68-4301-883a-8372127d9ca2%2F54304_z8vuMzKiXEufylRfUPWRlQ.jpg"", ""f660x496"": ""https://bina.azstatic.com/uploads/f660x496/2026%2F07%2F27%2F17%2F04%2F44%2F68eca926-7a68-4301-883a-8372127d9ca2%2F54304_z8vuMzKiXEufylRfUPWRlQ.jpg"", ""thumbnail"": ""https://bina.azstatic.com/uploads/thumbnail/2026%2F07%2F27%2F17%2F04%2F44%2F68eca926-7a68-4301-883a-8372127d9ca2%2F54304_z8vuMzKiXEufylRfUPWRlQ.jpg"", ""__typename"": ""Photo""}, {""full"": ""https://bina.azstatic.com/uploads/full/2026%2F07%2F27%2F17%2F04%2F44%2F2941e80b-0e9f-412e-b939-b11c51c1e038%2F53191_LJOQQCmLpao86YGatmiIAQ.jpg"", ""f660x496"": ""https://bina.azstatic.com/uploads/f660x496/2026%2F07%2F27%2F17%2F04%2F44%2F2941e80b-0e9f-412e-b939-b11c51c1e038%2F53191_LJOQQCmLpao86YGatmiIAQ.jpg"", ""thumbnail"": ""https://bina.azstatic.com/uploads/thumbnail/2026%2F07%2F27%2F17%2F04%2F44%2F2941e80b-0e9f-412e-b939-b11c51c1e038%2F53191_LJOQQCmLpao86YGatmiIAQ.jpg"", ""__typename"": ""Photo""}, {""full"": ""https://bina.azstatic.com/uploads/full/2026%2F07%2F27%2F17%2F04%2F44%2Fc7e7546f-6869-4abc-9c79-ef1cec2d64a3%2F53220_vm83pZBrkJ9fUdgkrC9PuQ.jpg"", ""f660x496"": ""https://bina.azstatic.com/uploads/f660x496/2026%2F07%2F27%2F17%2F04%2F44%2Fc7e7546f-6869-4abc-9c79-ef1cec2d64a3%2F53220_vm83pZBrkJ9fUdgkrC9PuQ.jpg"", ""thumbnail"": ""https://bina.azstatic.com/uploads/thumbnail/2026%2F07%2F27%2F17%2F04%2F44%2Fc7e7546f-6869-4abc-9c79-ef1cec2d64a3%2F53220_vm83pZBrkJ9fUdgkrC9PuQ.jpg"", ""__typename"": ""Photo""}, {""full"": ""https://bina.azstatic.com/uploads/full/2026%2F07%2F27%2F17%2F04%2F44%2F913a4a98-1cfa-4690-9d0a-68d292a71358%2F88622___AtBEmguwY_56_MGmkemA.jpg"", ""f660x496"": ""https://bina.azstatic.com/uploads/f660x496/2026%2F07%2F27%2F17%2F04%2F44%2F913a4a98-1cfa-4690-9d0a-68d292a71358%2F88622___AtBEmguwY_56_MGmkemA.jpg"", ""thumbnail"": ""https://bina.azstatic.com/uploads/thumbnail/2026%2F07%2F27%2F17%2F04%2F44%2F913a4a98-1cfa-4690-9d0a-68d292a71358%2F88622___AtBEmguwY_56_MGmkemA.jpg"", ""__typename"": ""Photo""}, {""full"": ""https://bina.azstatic.com/uploads/full/2026%2F07%2F27%2F17%2F04%2F44%2Fa99fc9e7-5a77-4027-ba7b-525f6f8fee9e%2F53214_8DaMh49ySfgD_Ov5xOUcjg.jpg"", ""f660x496"": ""https://bina.azstatic.com/uploads/f660x496/2026%2F07%2F27%2F17%2F04%2F44%2Fa99fc9e7-5a77-4027-ba7b-525f6f8fee9e%2F53214_8DaMh49ySfgD_Ov5xOUcjg.jpg"", ""thumbnail"": ""https://bina.azstatic.com/uploads/thumbnail/2026%2F07%2F27%2F17%2F04%2F44%2Fa99fc9e7-5a77-4027-ba7b-525f6f8fee9e%2F53214_8DaMh49ySfgD_Ov5xOUcjg.jpg"", ""__typename"": ""Photo""}, {""full"": ""https://bina.azstatic.com/uploads/full/2026%2F07%2F27%2F17%2F04%2F44%2Fc5b5dc36-d001-43bf-9dc3-4f7884fd357d%2F23711_84uFJKUCQSQp6aCKnZLvuA.jpg"", ""f660x496"": ""https://bina.azstatic.com/uploads/f660x496/2026%2F07%2F27%2F17%2F04%2F44%2Fc5b5dc36-d001-43bf-9dc3-4f7884fd357d%2F23711_84uFJKUCQSQp6aCKnZLvuA.jpg"", ""thumbnail"": ""https://bina.azstatic.com/uploads/thumbnail/2026%2F07%2F27%2F17%2F04%2F44%2Fc5b5dc36-d001-43bf-9dc3-4f7884fd357d%2F23711_84uFJKUCQSQp6aCKnZLvuA.jpg"", ""__typename"": ""Photo""}, {""full"": ""https://bina.azstatic.com/uploads/full/2026%2F07%2F27%2F17%2F04%2F44%2Fc89782e1-cb8c-4182-a1f6-2a1bfbbb5ff4%2F5808_a5zgcjaICSJCij8ygZqYug.jpg"", ""f660x496"": ""https://bina.azstatic.com/uploads/f660x496/2026%2F07%2F27%2F17%2F04%2F44%2Fc89782e1-cb8c-4182-a1f6-2a1bfbbb5ff4%2F5808_a5zgcjaICSJCij8ygZqYug.jpg"", ""thumbnail"": ""https://bina.azstatic.com/uploads/thumbnail/2026%2F07%2F27%2F17%2F04%2F44%2Fc89782e1-cb8c-4182-a1f6-2a1bfbbb5ff4%2F5808_a5zgcjaICSJCij8ygZqYug.jpg"", ""__typename"": ""Photo""}, {""full"": ""https://bina.azstatic.com/uploads/full/2026%2F07%2F27%2F17%2F04%2F44%2F17c7b8a3-1376-4848-97db-ddbf2ecbd15a%2F61181_Bg7eVM__-BwDcvlb3scRKA.jpg"", ""f660x496"": ""https://bina.azstatic.com/uploads/f660x496/2026%2F07%2F27%2F17%2F04%2F44%2F17c7b8a3-1376-4848-97db-ddbf2ecbd15a%2F61181_Bg7eVM__-BwDcvlb3scRKA.jpg"", ""thumbnail"": ""https://bina.azstatic.com/uploads/thumbnail/2026%2F07%2F27%2F17%2F04%2F44%2F17c7b8a3-1376-4848-97db-ddbf2ecbd15a%2F61181_Bg7eVM__-BwDcvlb3scRKA.jpg"", ""__typename"": ""Photo""}, {""full"": ""https://bina.azstatic.com/uploads/full/2026%2F07%2F27%2F17%2F04%2F44%2F02020811-e26c-4c48-8a30-aa7f18f92ef7%2F53184_Rnrhpt93L7XDC1MBSxb28g.jpg"", ""f660x496"": ""https://bina.azstatic.com/uploads/f660x496/2026%2F07%2F27%2F17%2F04%2F44%2F02020811-e26c-4c48-8a30-aa7f18f92ef7%2F53184_Rnrhpt93L7XDC1MBSxb28g.jpg"", ""thumbnail"": ""https://bina.azstatic.com/uploads/thumbnail/2026%2F07%2F27%2F17%2F04%2F44%2F02020811-e26c-4c48-8a30-aa7f18f92ef7%2F53184_Rnrhpt93L7XDC1MBSxb28g.jpg"", ""__typename"": ""Photo""}], ""address"": ""Nizami Gəncəvi kücəsi"", ""company"": {""id"": ""5860"", ""name"": ""Qadir"", ""__typename"": ""Company"", ""targetType"": ""AGENCY""}, ""business"": {""id"": ""558"", ""city"": {""name"": ""Xırdalan"", ""__typename"": ""City""}, ""name"": ""Real Əmlak Xırdalan"", ""path"": ""/agentlikler/real-emlak-xirdalan"", ""logoUrl"": ""https://bina.azstatic.com/uploads/o450x450/2026%2F07%2F20%2F11%2F51%2F00%2F8b342ae6-9a77-40aa-8927-386019e78f95%2F76783_HsEavLnmHxgwM2DBTXwBzw.jpg"", ""latitude"": 40.45681857347675, ""schedule"": ""Hər gün: 10:00 - 19:00"", ""longitude"": 49.73472376701483, ""__typename"": ""Agency"", ""itemsCount"": 289, ""viewsCount"": 15451, ""contactAddress"": ""Abşeron r., Heydər Əliyev pr. ""}, ""category"": {""id"": ""5"", ""name"": ""Həyət evi/Bağ evi"", ""slug"": ""heyet-evleri"", ""title"": ""Həyət evləri/Bağ evləri"", ""hasFloor"": false, ""__typename"": ""Category"", ""pluralName"": ""Həyət evləri/Bağ evləri"", ""hasLandArea"": true}, ""isLeased"": false, ""isVipped"": false, ""landArea"": {""units"": ""sot"", ""value"": 1.5, ""__typename"": ""Area""}, ""location"": null, ""metaTags"": [{""name"": ""title"", ""content"": ""3 otaqlı həyət evi/bağ evi — 50 m² — Xırdalan, Azərbaycan (6325821)"", ""__typename"": ""MetaTag""}, {""name"": ""description"", ""content"": ""TƏCİLİ HƏYƏT EYİ SATILIR.( Xaricə gedəcəyi üçün ucuz satır). - Ünvan-Xirdalan seherin,Nizami Gəngəvi kücəsi,Köhnə Bazarın..."", ""__typename"": ""MetaTag""}], ""expiresAt"": null, ""hasRepair"": true, ""updatedAt"": ""2026-07-27T17:26:51+04:00"", ""__typename"": ""Item"", ""isFeatured"": false, ""breadcrumbs"": [{""name"": ""Daşınmaz əmlak"", ""path"": ""/items/all"", ""__typename"": ""Breadcrumb""}, {""name"": ""Xırdalan"", ""path"": ""/xirdalan"", ""__typename"": ""Breadcrumb""}, {""name"": ""Alqı-satqı"", ""path"": ""/alqi-satqi"", ""__typename"": ""Breadcrumb""}, {""name"": ""3 otaqlı həyət evləri/bağ evləri"", ""path"": ""/alqi-satqi/heyet-evleri/3-otaqli"", ""__typename"": ""Breadcrumb""}], ""contactName"": ""Qadir"", ""description"": ""TƏCİLİ HƏYƏT EYİ SATILIR.( Xaricə gedəcəyi üçün ucuz satır). - Ünvan-Xirdalan seherin,Nizami Gəngəvi kücəsi,Köhnə Bazarın və Ləzizin yanıyanıTexniki Humanitar Kollecle uzbe uz. Qaz Su İsiq daimidir. Hal Hazirda kirayededir Kirayeci qarisiq Satilir. 3 otaqli otaqlar ayri ayridir. Tam esyali Evde Kombi sisdemi var Elave Pitiminutka qoyulub Xaladelnik Paltar yuyan Kondisioner Wifi. Televizor Sekillerdeki gorduyunuz kimidir. Tam senedli evinde Cixarisi var Torpaginda. Isder 4 dene Telebe yerlesdirib 600 azn vermek olar kiraye Isdeseniz aileyede vermey olar kiraye 450-500 azn civarinda. Real musderiler elaqe saxlasinlar-40 m², Həyətin sahəsi-1.0 sotdur. Həyətın ,yəni Darvazanın qabağında maşın saxlamağa yeri var,. Kupçası var.-(paçet kupça). Qiymət: 95 000 AZN/ay                                                 .Xırdalan şəhərində ,bu qiymətə,kupçalı ev yoxdur. Əşyalı satılır.\r\nŞərait / Təmir: Mənzil “təmirli”dir - yelçəkən mənzildir,Şəkillərdən əlavə,Vidiosu var.Su basan ərazi deyil.Gəlin baxın.\r\n3 otaqlı-- təmirli, tam əşyalı (mənzildə -Geyran qaz peçi, kondisioner, paltaryuyan, soyuducu kimi məişət əşyaları daxil olduğu yazılıb). Mənzil səliqəli, baxımlıdır və hər bir otaq istifadə üçün hazırdır. Mənzil butun nov vacib avadanliqla təmin olunub . Binada qaz su və is var. Zəng edib maraqlana bilərsiz .Telefonla əlaqə qurub, mənzili canlı görmək (baxış) və Əlavə məlumat üçün əlaqə saxlayın. OFİS HAQQI Var.1%"", ""hasMortgage"": false, ""isPaidDaily"": null, ""hasBillOfSale"": true, ""contactTypeName"": ""vasitəçi (agent)"", ""hasInternalLoan"": false, ""buildingTypeName"": null, ""nearestLocations"": [{""id"": ""34"", ""name"": ""Xırdalan"", ""path"": ""/xirdalan"", ""__typename"": ""City""}], ""isExpiredManually"": false}"
6325841,https://bina.az/items/6325841,sale,heyet-evleri,150000.00,AZN,,169.00,4,,,,temirli,t,t,Bakı,,,,,,,"Salam Hövsan qəsəbəsində Abidənin yaxinliginda əsas yolun tam kənarində 10 metr məsafədə super təmirli şəxsi tikili həyət evi satilir. 2.2 sotda yerləşir 4 otaq yuxarida 3 kömekçi otaqi aşagida yerləşir.Köməkçi otaqlarinnan 1 i temirli 2 i temizsizdi.Aşagi otagdada hamam sanuzel mövcuddur. Sənəd kupça (evində torpaginda).Bütün komunallar var və daimidir. Qaz,su,işıq,internet.Əşyalı satilir. Ətraflı zəng edin.",agent,Dadaş,253757,,2026-08-23 12:19:48.844723+00,2026-08-23 12:19:48.844723+00,,t,sitemap,"{""id"": ""6325841"", ""area"": {""units"": ""m²"", ""value"": 169, ""__typename"": ""Area""}, ""city"": {""id"": ""1"", ""name"": ""Bakı"", ""path"": ""/baki"", ""slug"": ""baki"", ""__typename"": ""City""}, ""path"": ""/items/6325841"", ""floor"": null, ""price"": {""total"": 150000, ""perAre"": null, ""currency"": ""AZN"", ""__typename"": ""Price""}, ""rooms"": 4, ""state"": ""PUBLISHED"", ""views"": 213, ""floors"": null, ""photos"": [{""full"": ""https://bina.azstatic.com/uploads/full/2026%2F07%2F27%2F17%2F28%2F16%2Fb854bee1-360c-47fa-9f1a-b56b461f3365%2F23711_pdj2XnPWiaGigGeX053m2g.jpg"", ""f660x496"": ""https://bina.azstatic.com/uploads/f660x496/2026%2F07%2F27%2F17%2F28%2F16%2Fb854bee1-360c-47fa-9f1a-b56b461f3365%2F23711_pdj2XnPWiaGigGeX053m2g.jpg"", ""thumbnail"": ""https://bina.azstatic.com/uploads/thumbnail/2026%2F07%2F27%2F17%2F28%2F16%2Fb854bee1-360c-47fa-9f1a-b56b461f3365%2F23711_pdj2XnPWiaGigGeX053m2g.jpg"", ""__typename"": ""Photo""}, {""full"": ""https://bina.azstatic.com/uploads/full/2026%2F07%2F27%2F17%2F28%2F16%2Ffd4ec177-3f09-4181-b663-6a7fc271b8c5%2F53228_E2WAhHJkesspgtsx1-4NXA.jpg"", ""f660x496"": ""https://bina.azstatic.com/uploads/f660x496/2026%2F07%2F27%2F17%2F28%2F16%2Ffd4ec177-3f09-4181-b663-6a7fc271b8c5%2F53228_E2WAhHJkesspgtsx1-4NXA.jpg"", ""thumbnail"": ""https://bina.azstatic.com/uploads/thumbnail/2026%2F07%2F27%2F17%2F28%2F16%2Ffd4ec177-3f09-4181-b663-6a7fc271b8c5%2F53228_E2WAhHJkesspgtsx1-4NXA.jpg"", ""__typename"": ""Photo""}, {""full"": ""https://bina.azstatic.com/uploads/full/2026%2F07%2F27%2F17%2F28%2F16%2Fc3e2e17c-de0d-416b-a064-6a9eb9519565%2F88620_k_8SZ3q21_kS-EsLIZU0TQ.jpg"", ""f660x496"": ""https://bina.azstatic.com/uploads/f660x496/2026%2F07%2F27%2F17%2F28%2F16%2Fc3e2e17c-de0d-416b-a064-6a9eb9519565%2F88620_k_8SZ3q21_kS-EsLIZU0TQ.jpg"", ""thumbnail"": ""https://bina.azstatic.com/uploads/thumbnail/2026%2F07%2F27%2F17%2F28%2F16%2Fc3e2e17c-de0d-416b-a064-6a9eb9519565%2F88620_k_8SZ3q21_kS-EsLIZU0TQ.jpg"", ""__typename"": ""Photo""}, {""full"": ""https://bina.azstatic.com/uploads/full/2026%2F07%2F27%2F17%2F28%2F17%2F11c20d0c-a994-40b1-90ef-9c1485224595%2F4133_GbXZc-BbeEJq-KhkrFONfg.jpg"", ""f660x496"": ""https://bina.azstatic.com/uploads/f660x496/2026%2F07%2F27%2F17%2F28%2F17%2F11c20d0c-a994-40b1-90ef-9c1485224595%2F4133_GbXZc-BbeEJq-KhkrFONfg.jpg"", ""thumbnail"": ""https://bina.azstatic.com/uploads/thumbnail/2026%2F07%2F27%2F17%2F28%2F17%2F11c20d0c-a994-40b1-90ef-9c1485224595%2F4133_GbXZc-BbeEJq-KhkrFONfg.jpg"", ""__typename"": ""Photo""}, {""full"": ""https://bina.azstatic.com/uploads/full/2026%2F07%2F27%2F17%2F28%2F17%2Fae437fe0-c728-4327-97a3-7b7756b5da0b%2F53222_EseIa0w9BtAfgjzJ2AAlDw.jpg"", ""f660x496"": ""https://bina.azstatic.com/uploads/f660x496/2026%2F07%2F27%2F17%2F28%2F17%2Fae437fe0-c728-4327-97a3-7b7756b5da0b%2F53222_EseIa0w9BtAfgjzJ2AAlDw.jpg"", ""thumbnail"": ""https://bina.azstatic.com/uploads/thumbnail/2026%2F07%2F27%2F17%2F28%2F17%2Fae437fe0-c728-4327-97a3-7b7756b5da0b%2F53222_EseIa0w9BtAfgjzJ2AAlDw.jpg"", ""__typename"": ""Photo""}, {""full"": ""https://bina.azstatic.com/uploads/full/2026%2F07%2F27%2F17%2F28%2F17%2F07b66d96-ae81-4a2c-a3eb-36b2080686c5%2F79165_shfg1LpmRET8dYsokx39GA.jpg"", ""f660x496"": ""https://bina.azstatic.com/uploads/f660x496/2026%2F07%2F27%2F17%2F28%2F17%2F07b66d96-ae81-4a2c-a3eb-36b2080686c5%2F79165_shfg1LpmRET8dYsokx39GA.jpg"", ""thumbnail"": ""https://bina.azstatic.com/uploads/thumbnail/2026%2F07%2F27%2F17%2F28%2F17%2F07b66d96-ae81-4a2c-a3eb-36b2080686c5%2F79165_shfg1LpmRET8dYsokx39GA.jpg"", ""__typename"": ""Photo""}, {""full"": ""https://bina.azstatic.com/uploads/full/2026%2F07%2F27%2F17%2F28%2F17%2F7c2b2609-66b0-48f9-864a-2475cd23747e%2F53196_fTB_wR19hwJz2O1k9N9IWg.jpg"", ""f660x496"": ""https://bina.azstatic.com/uploads/f660x496/2026%2F07%2F27%2F17%2F28%2F17%2F7c2b2609-66b0-48f9-864a-2475cd23747e%2F53196_fTB_wR19hwJz2O1k9N9IWg.jpg"", ""thumbnail"": ""https://bina.azstatic.com/uploads/thumbnail/2026%2F07%2F27%2F17%2F28%2F17%2F7c2b2609-66b0-48f9-864a-2475cd23747e%2F53196_fTB_wR19hwJz2O1k9N9IWg.jpg"", ""__typename"": ""Photo""}, {""full"": ""https://bina.azstatic.com/uploads/full/2026%2F07%2F27%2F17%2F28%2F16%2Fcf4b0e7c-b0a4-48a5-844b-afe0557f2dde%2F53186_Ormg7c5SdfZ8aP2gX3Rrig.jpg"", ""f660x496"": ""https://bina.azstatic.com/uploads/f660x496/2026%2F07%2F27%2F17%2F28%2F16%2Fcf4b0e7c-b0a4-48a5-844b-afe0557f2dde%2F53186_Ormg7c5SdfZ8aP2gX3Rrig.jpg"", ""thumbnail"": ""https://bina.azstatic.com/uploads/thumbnail/2026%2F07%2F27%2F17%2F28%2F16%2Fcf4b0e7c-b0a4-48a5-844b-afe0557f2dde%2F53186_Ormg7c5SdfZ8aP2gX3Rrig.jpg"", ""__typename"": ""Photo""}, {""full"": ""https://bina.azstatic.com/uploads/full/2026%2F07%2F27%2F17%2F28%2F17%2F9b8dabfa-5fa3-431f-84d6-7132ab09e8b5%2F53190_d1HFn4eVmTT1WYcamzI1WQ.jpg"", ""f660x496"": ""https://bina.azstatic.com/uploads/f660x496/2026%2F07%2F27%2F17%2F28%2F17%2F9b8dabfa-5fa3-431f-84d6-7132ab09e8b5%2F53190_d1HFn4eVmTT1WYcamzI1WQ.jpg"", ""thumbnail"": ""https://bina.azstatic.com/uploads/thumbnail/2026%2F07%2F27%2F17%2F28%2F17%2F9b8dabfa-5fa3-431f-84d6-7132ab09e8b5%2F53190_d1HFn4eVmTT1WYcamzI1WQ.jpg"", ""__typename"": ""Photo""}, {""full"": ""https://bina.azstatic.com/uploads/full/2026%2F07%2F27%2F17%2F28%2F16%2F709fa44b-0e5b-4e21-a073-10fa2d42fd7a%2F75071_bwX-he4BY5AdRQGBUZ2MPA.jpg"", ""f660x496"": ""https://bina.azstatic.com/uploads/f660x496/2026%2F07%2F27%2F17%2F28%2F16%2F709fa44b-0e5b-4e21-a073-10fa2d42fd7a%2F75071_bwX-he4BY5AdRQGBUZ2MPA.jpg"", ""thumbnail"": ""https://bina.azstatic.com/uploads/thumbnail/2026%2F07%2F27%2F17%2F28%2F16%2F709fa44b-0e5b-4e21-a073-10fa2d42fd7a%2F75071_bwX-he4BY5AdRQGBUZ2MPA.jpg"", ""__typename"": ""Photo""}, {""full"": ""https://bina.azstatic.com/uploads/full/2026%2F07%2F27%2F17%2F28%2F14%2F3f7b15e2-b175-4fbc-8837-a9fea5a924c3%2F46418_B0ebMeFunMAcyWT63An9uw.jpg"", ""f660x496"": ""https://bina.azstatic.com/uploads/f660x496/2026%2F07%2F27%2F17%2F28%2F14%2F3f7b15e2-b175-4fbc-8837-a9fea5a924c3%2F46418_B0ebMeFunMAcyWT63An9uw.jpg"", ""thumbnail"": ""https://bina.azstatic.com/uploads/thumbnail/2026%2F07%2F27%2F17%2F28%2F14%2F3f7b15e2-b175-4fbc-8837-a9fea5a924c3%2F46418_B0ebMeFunMAcyWT63An9uw.jpg"", ""__typename"": ""Photo""}, {""full"": ""https://bina.azstatic.com/uploads/full/2026%2F07%2F27%2F17%2F28%2F16%2F26aeec3d-787b-4944-b9e7-5a6083743f17%2F53190_jZutSi46t0O7FfXP8EWfPA.jpg"", ""f660x496"": ""https://bina.azstatic.com/uploads/f660x496/2026%2F07%2F27%2F17%2F28%2F16%2F26aeec3d-787b-4944-b9e7-5a6083743f17%2F53190_jZutSi46t0O7FfXP8EWfPA.jpg"", ""thumbnail"": ""https://bina.azstatic.com/uploads/thumbnail/2026%2F07%2F27%2F17%2F28%2F16%2F26aeec3d-787b-4944-b9e7-5a6083743f17%2F53190_jZutSi46t0O7FfXP8EWfPA.jpg"", ""__typename"": ""Photo""}, {""full"": ""https://bina.azstatic.com/uploads/full/2026%2F07%2F27%2F17%2F28%2F13%2F08cb66ad-3c8c-4dc7-88b6-892fd8764102%2F53225_-BWs8mJdx38aY3CVxGQoAA.jpg"", ""f660x496"": ""https://bina.azstatic.com/uploads/f660x496/2026%2F07%2F27%2F17%2F28%2F13%2F08cb66ad-3c8c-4dc7-88b6-892fd8764102%2F53225_-BWs8mJdx38aY3CVxGQoAA.jpg"", ""thumbnail"": ""https://bina.azstatic.com/uploads/thumbnail/2026%2F07%2F27%2F17%2F28%2F13%2F08cb66ad-3c8c-4dc7-88b6-892fd8764102%2F53225_-BWs8mJdx38aY3CVxGQoAA.jpg"", ""__typename"": ""Photo""}, {""full"": ""https://bina.azstatic.com/uploads/full/2026%2F07%2F27%2F17%2F28%2F14%2F7518d4f5-1d58-4e52-a01c-6dada6ae92f1%2F52803_op7oTOPaGm2KWEtvGJz7wQ.jpg"", ""f660x496"": ""https://bina.azstatic.com/uploads/f660x496/2026%2F07%2F27%2F17%2F28%2F14%2F7518d4f5-1d58-4e52-a01c-6dada6ae92f1%2F52803_op7oTOPaGm2KWEtvGJz7wQ.jpg"", ""thumbnail"": ""https://bina.azstatic.com/uploads/thumbnail/2026%2F07%2F27%2F17%2F28%2F14%2F7518d4f5-1d58-4e52-a01c-6dada6ae92f1%2F52803_op7oTOPaGm2KWEtvGJz7wQ.jpg"", ""__typename"": ""Photo""}, {""full"": ""https://bina.azstatic.com/uploads/full/2026%2F07%2F27%2F17%2F28%2F16%2F3799d774-651e-4708-9cae-144fa4e9a3ca%2F53221_3RsjNQkUietYF64-OUWk6Q.jpg"", ""f660x496"": ""https://bina.azstatic.com/uploads/f660x496/2026%2F07%2F27%2F17%2F28%2F16%2F3799d774-651e-4708-9cae-144fa4e9a3ca%2F53221_3RsjNQkUietYF64-OUWk6Q.jpg"", ""thumbnail"": ""https://bina.azstatic.com/uploads/thumbnail/2026%2F07%2F27%2F17%2F28%2F16%2F3799d774-651e-4708-9cae-144fa4e9a3ca%2F53221_3RsjNQkUietYF64-OUWk6Q.jpg"", ""__typename"": ""Photo""}, {""full"": ""https://bina.azstatic.com/uploads/full/2026%2F07%2F27%2F17%2F28%2F16%2F57c4e169-7fb0-4e30-abc8-684c5745d380%2F52803_STodGtQNrZ0UYec1WNce2w.jpg"", ""f660x496"": ""https://bina.azstatic.com/uploads/f660x496/2026%2F07%2F27%2F17%2F28%2F16%2F57c4e169-7fb0-4e30-abc8-684c5745d380%2F52803_STodGtQNrZ0UYec1WNce2w.jpg"", ""thumbnail"": ""https://bina.azstatic.com/uploads/thumbnail/2026%2F07%2F27%2F17%2F28%2F16%2F57c4e169-7fb0-4e30-abc8-684c5745d380%2F52803_STodGtQNrZ0UYec1WNce2w.jpg"", ""__typename"": ""Photo""}, {""full"": ""https://bina.azstatic.com/uploads/full/2026%2F07%2F27%2F17%2F28%2F13%2F71e071ed-9226-4cb0-927e-fe106a1cf9cb%2F23711_yqj76CCCMXWNe8Waj845QQ.jpg"", ""f660x496"": ""https://bina.azstatic.com/uploads/f660x496/2026%2F07%2F27%2F17%2F28%2F13%2F71e071ed-9226-4cb0-927e-fe106a1cf9cb%2F23711_yqj76CCCMXWNe8Waj845QQ.jpg"", ""thumbnail"": ""https://bina.azstatic.com/uploads/thumbnail/2026%2F07%2F27%2F17%2F28%2F13%2F71e071ed-9226-4cb0-927e-fe106a1cf9cb%2F23711_yqj76CCCMXWNe8Waj845QQ.jpg"", ""__typename"": ""Photo""}, {""full"": ""https://bina.azstatic.com/uploads/full/2026%2F07%2F27%2F17%2F28%2F16%2F43b268da-b8c0-483c-99de-358499b23297%2F53226_CGPElc8xd_6y7ZfR4ryVpA.jpg"", ""f660x496"": ""https://bina.azstatic.com/uploads/f660x496/2026%2F07%2F27%2F17%2F28%2F16%2F43b268da-b8c0-483c-99de-358499b23297%2F53226_CGPElc8xd_6y7ZfR4ryVpA.jpg"", ""thumbnail"": ""https://bina.azstatic.com/uploads/thumbnail/2026%2F07%2F27%2F17%2F28%2F16%2F43b268da-b8c0-483c-99de-358499b23297%2F53226_CGPElc8xd_6y7ZfR4ryVpA.jpg"", ""__typename"": ""Photo""}, {""full"": ""https://bina.azstatic.com/uploads/full/2026%2F07%2F27%2F17%2F28%2F16%2F4e32f8a6-79e0-42c0-bf53-6354040242ce%2F53198_cz0kZEaKo4O8NvqB_aCUsw.jpg"", ""f660x496"": ""https://bina.azstatic.com/uploads/f660x496/2026%2F07%2F27%2F17%2F28%2F16%2F4e32f8a6-79e0-42c0-bf53-6354040242ce%2F53198_cz0kZEaKo4O8NvqB_aCUsw.jpg"", ""thumbnail"": ""https://bina.azstatic.com/uploads/thumbnail/2026%2F07%2F27%2F17%2F28%2F16%2F4e32f8a6-79e0-42c0-bf53-6354040242ce%2F53198_cz0kZEaKo4O8NvqB_aCUsw.jpg"", ""__typename"": ""Photo""}, {""full"": ""https://bina.azstatic.com/uploads/full/2026%2F07%2F27%2F17%2F28%2F16%2F873c3d71-0158-4d92-9ba0-b6f5c5a73732%2F53222_Qifq2-lSjvJkA85-3WrBbA.jpg"", ""f660x496"": ""https://bina.azstatic.com/uploads/f660x496/2026%2F07%2F27%2F17%2F28%2F16%2F873c3d71-0158-4d92-9ba0-b6f5c5a73732%2F53222_Qifq2-lSjvJkA85-3WrBbA.jpg"", ""thumbnail"": ""https://bina.azstatic.com/uploads/thumbnail/2026%2F07%2F27%2F17%2F28%2F16%2F873c3d71-0158-4d92-9ba0-b6f5c5a73732%2F53222_Qifq2-lSjvJkA85-3WrBbA.jpg"", ""__typename"": ""Photo""}, {""full"": ""https://bina.azstatic.com/uploads/full/2026%2F07%2F27%2F17%2F28%2F16%2F16dfb42f-f67f-40c4-ac08-4d0edd76d8da%2F53208_PET_wf1Cz8SASbozJba43Q.jpg"", ""f660x496"": ""https://bina.azstatic.com/uploads/f660x496/2026%2F07%2F27%2F17%2F28%2F16%2F16dfb42f-f67f-40c4-ac08-4d0edd76d8da%2F53208_PET_wf1Cz8SASbozJba43Q.jpg"", ""thumbnail"": ""https://bina.azstatic.com/uploads/thumbnail/2026%2F07%2F27%2F17%2F28%2F16%2F16dfb42f-f67f-40c4-ac08-4d0edd76d8da%2F53208_PET_wf1Cz8SASbozJba43Q.jpg"", ""__typename"": ""Photo""}, {""full"": ""https://bina.azstatic.com/uploads/full/2026%2F07%2F27%2F17%2F28%2F16%2F0d14d206-fcdf-4326-b145-820cffa79fd0%2F53172_7kCamJBCIbna0AqLLgst6Q.jpg"", ""f660x496"": ""https://bina.azstatic.com/uploads/f660x496/2026%2F07%2F27%2F17%2F28%2F16%2F0d14d206-fcdf-4326-b145-820cffa79fd0%2F53172_7kCamJBCIbna0AqLLgst6Q.jpg"", ""thumbnail"": ""https://bina.azstatic.com/uploads/thumbnail/2026%2F07%2F27%2F17%2F28%2F16%2F0d14d206-fcdf-4326-b145-820cffa79fd0%2F53172_7kCamJBCIbna0AqLLgst6Q.jpg"", ""__typename"": ""Photo""}, {""full"": ""https://bina.azstatic.com/uploads/full/2026%2F07%2F27%2F17%2F28%2F16%2F2046b200-55e3-4a9b-a407-87792177a689%2F53223_z0WO615Avo6npSTr7kAkPw.jpg"", ""f660x496"": ""https://bina.azstatic.com/uploads/f660x496/2026%2F07%2F27%2F17%2F28%2F16%2F2046b200-55e3-4a9b-a407-87792177a689%2F53223_z0WO615Avo6npSTr7kAkPw.jpg"", ""thumbnail"": ""https://bina.azstatic.com/uploads/thumbnail/2026%2F07%2F27%2F17%2F28%2F16%2F2046b200-55e3-4a9b-a407-87792177a689%2F53223_z0WO615Avo6npSTr7kAkPw.jpg"", ""__typename"": ""Photo""}, {""full"": ""https://bina.azstatic.com/uploads/full/2026%2F07%2F27%2F17%2F28%2F16%2F68af4528-6011-4c0b-bc6d-f68889667c74%2F88621_7EhP_5PiyXW7LGPEx8N-oQ.jpg"", ""f660x496"": ""https://bina.azstatic.com/uploads/f660x496/2026%2F07%2F27%2F17%2F28%2F16%2F68af4528-6011-4c0b-bc6d-f68889667c74%2F88621_7EhP_5PiyXW7LGPEx8N-oQ.jpg"", ""thumbnail"": ""https://bina.azstatic.com/uploads/thumbnail/2026%2F07%2F27%2F17%2F28%2F16%2F68af4528-6011-4c0b-bc6d-f68889667c74%2F88621_7EhP_5PiyXW7LGPEx8N-oQ.jpg"", ""__typename"": ""Photo""}, {""full"": ""https://bina.azstatic.com/uploads/full/2026%2F07%2F27%2F17%2F28%2F15%2F636d05de-a254-4dbe-9432-b3516d8662cd%2F88621_BBUKhPGEdgnklLTAXsK9vA.jpg"", ""f660x496"": ""https://bina.azstatic.com/uploads/f660x496/2026%2F07%2F27%2F17%2F28%2F15%2F636d05de-a254-4dbe-9432-b3516d8662cd%2F88621_BBUKhPGEdgnklLTAXsK9vA.jpg"", ""thumbnail"": ""https://bina.azstatic.com/uploads/thumbnail/2026%2F07%2F27%2F17%2F28%2F15%2F636d05de-a254-4dbe-9432-b3516d8662cd%2F88621_BBUKhPGEdgnklLTAXsK9vA.jpg"", ""__typename"": ""Photo""}, {""full"": ""https://bina.azstatic.com/uploads/full/2026%2F07%2F27%2F17%2F28%2F14%2F5c6a8141-47ca-4025-bb1a-8884d9cfee31%2F53221_Q2S4eg84fXS4D-4n3arq3Q.jpg"", ""f660x496"": ""https://bina.azstatic.com/uploads/f660x496/2026%2F07%2F27%2F17%2F28%2F14%2F5c6a8141-47ca-4025-bb1a-8884d9cfee31%2F53221_Q2S4eg84fXS4D-4n3arq3Q.jpg"", ""thumbnail"": ""https://bina.azstatic.com/uploads/thumbnail/2026%2F07%2F27%2F17%2F28%2F14%2F5c6a8141-47ca-4025-bb1a-8884d9cfee31%2F53221_Q2S4eg84fXS4D-4n3arq3Q.jpg"", ""__typename"": ""Photo""}, {""full"": ""https://bina.azstatic.com/uploads/full/2026%2F07%2F27%2F17%2F28%2F15%2F6629cf0a-0a1e-4e0d-bb63-7017decb1327%2F53195_rfMYzFCJuHnq3FGTIn8rRw.jpg"", ""f660x496"": ""https://bina.azstatic.com/uploads/f660x496/2026%2F07%2F27%2F17%2F28%2F15%2F6629cf0a-0a1e-4e0d-bb63-7017decb1327%2F53195_rfMYzFCJuHnq3FGTIn8rRw.jpg"", ""thumbnail"": ""https://bina.azstatic.com/uploads/thumbnail/2026%2F07%2F27%2F17%2F28%2F15%2F6629cf0a-0a1e-4e0d-bb63-7017decb1327%2F53195_rfMYzFCJuHnq3FGTIn8rRw.jpg"", ""__typename"": ""Photo""}], ""address"": ""Hövsan qəsəbəsi"", ""company"": {""id"": ""253757"", ""name"": ""Dadaş"", ""__typename"": ""Company"", ""targetType"": ""AGENCY""}, ""business"": {""id"": ""1297"", ""city"": {""name"": ""Bakı"", ""__typename"": ""City""}, ""name"": ""087 Əmlak"", ""path"": ""/agentlikler/087-emlak"", ""logoUrl"": ""https://bina.azstatic.com/uploads/o450x450/2026%2F03%2F10%2F15%2F24%2F54%2F1e08a534-4115-4739-aabb-df3585dc2208%2F69237_F1MaIOH3iNIxu9fl-y_tKQ.jpg"", ""latitude"": 40.35887343124088, ""schedule"": ""Hər gün: 09:00 – 21:00"", ""longitude"": 50.07293380000001, ""__typename"": ""Agency"", ""itemsCount"": 74, ""viewsCount"": 470, ""contactAddress"": ""Suraxanı r., Oqtay Şabanov küç. 20""}, ""category"": {""id"": ""5"", ""name"": ""Həyət evi/Bağ evi"", ""slug"": ""heyet-evleri"", ""title"": ""Həyət evləri/Bağ evləri"", ""hasFloor"": false, ""__typename"": ""Category"", ""pluralName"": ""Həyət evləri/Bağ evləri"", ""hasLandArea"": true}, ""isLeased"": false, ""isVipped"": false, ""landArea"": {""units"": ""sot"", ""value"": 2.2, ""__typename"": ""Area""}, ""location"": {""path"": ""/baki/suraxani/hovsan"", ""fullName"": ""Hövsan q."", ""__typename"": ""Location""}, ""metaTags"": [{""name"": ""title"", ""content"": ""4 otaqlı həyət evi/bağ evi — 169 m² — Hövsan q., Bakı, Azərbaycan (6325841)"", ""__typename"": ""MetaTag""}, {""name"": ""description"", ""content"": ""Salam Hövsan qəsəbəsində Abidənin yaxinliginda əsas yolun tam kənarində 10 metr məsafədə super təmirli şəxsi tikili həyət..."", ""__typename"": ""MetaTag""}], ""expiresAt"": null, ""hasRepair"": true, ""updatedAt"": ""2026-08-09T19:16:27+04:00"", ""__typename"": ""Item"", ""isFeatured"": false, ""breadcrumbs"": [{""name"": ""Daşınmaz əmlak"", ""path"": ""/items/all"", ""__typename"": ""Breadcrumb""}, {""name"": ""Bakı"", ""path"": ""/baki"", ""__typename"": ""Breadcrumb""}, {""name"": ""Alqı-satqı"", ""path"": ""/alqi-satqi"", ""__typename"": ""Breadcrumb""}, {""name"": ""4 otaqlı həyət evləri/bağ evləri"", ""path"": ""/alqi-satqi/heyet-evleri/4-otaqli"", ""__typename"": ""Breadcrumb""}], ""contactName"": ""Dadaş"", ""description"": ""Salam Hövsan qəsəbəsində Abidənin yaxinliginda əsas yolun tam kənarində 10 metr məsafədə super təmirli şəxsi tikili həyət evi satilir. 2.2 sotda yerləşir 4 otaq yuxarida 3 kömekçi otaqi aşagida yerləşir.Köməkçi otaqlarinnan 1 i temirli 2 i temizsizdi.Aşagi otagdada hamam sanuzel mövcuddur. Sənəd kupça (evində torpaginda).Bütün komunallar var və daimidir. Qaz,su,işıq,internet.Əşyalı satilir. Ətraflı zəng edin."", ""hasMortgage"": true, ""isPaidDaily"": null, ""hasBillOfSale"": true, ""contactTypeName"": ""vasitəçi (agent)"", ""hasInternalLoan"": false, ""buildingTypeName"": null, ""nearestLocations"": [{""id"": ""14"", ""path"": ""/baki/suraxani"", ""fullName"": ""Suraxanı r."", ""__typename"": ""Location""}, {""id"": ""93"", ""path"": ""/baki/suraxani/hovsan"", ""fullName"": ""Hövsan q."", ""__typename"": ""Location""}], ""isExpiredManually"": false}"
6242433,https://bina.az/items/6242433,sale,heyet-evleri,390000.00,AZN,,360.00,9,,,,temirli,t,f,Bakı,,,,,,,"Novxanıda Kalyon restoranından 500 metr aralıda 16 sot torpaq sahəsində 3 mərtəbəli bağ evi satılır.Ev olduqca genis işıqlı və havalı evdir,hər mərtəbəsi 120 kv.m olmaqla ümumi 360 kv.m dən ibarətdir.Evin hər mərtəbəsində sanuzeli var.3 cü mərtəbəsi geniş mansardır.Geniş yaşıllıqlı həyəti var və həyətində müxtəlif növ bar verən meyvə ağacları var,bundan əlavə həyətdə yay mətbəxi, manqalxanası və qarajı var.Evdə ilin 4 fəsli yaşamaq üçün hər bir şərait yaradılıb.Qaz su işıq daimidir,istilik sistemi kombidir.Həyətin hər bir tərəfi kameralar vasitəsi ilə müşahidə altındadır.Sənədləri tam qaydasındadır.Həm evin həm də torpağın çıxarışı var.Real alıcıya qiymətdə müəyyən razılıq olacaq.",agent,Tural Rzayev,188809,,2026-08-23 12:19:48.844723+00,2026-08-23 12:19:48.844723+00,,t,sitemap,"{""id"": ""6242433"", ""area"": {""units"": ""m²"", ""value"": 360, ""__typename"": ""Area""}, ""city"": {""id"": ""1"", ""name"": ""Bakı"", ""path"": ""/baki"", ""slug"": ""baki"", ""__typename"": ""City""}, ""path"": ""/items/6242433"", ""floor"": null, ""price"": {""total"": 390000, ""perAre"": null, ""currency"": ""AZN"", ""__typename"": ""Price""}, ""rooms"": 9, ""state"": ""PUBLISHED"", ""views"": 464, ""floors"": null, ""photos"": [{""full"": ""https://bina.azstatic.com/uploads/full/2026%2F06%2F26%2F13%2F08%2F05%2Fed4cfa07-2f3d-44af-86d3-a35f17c950fc%2F77764_VcGfdAqmYbH9cpbEhwGUqA.jpg"", ""f660x496"": ""https://bina.azstatic.com/uploads/f660x496/2026%2F06%2F26%2F13%2F08%2F05%2Fed4cfa07-2f3d-44af-86d3-a35f17c950fc%2F77764_VcGfdAqmYbH9cpbEhwGUqA.jpg"", ""thumbnail"": ""https://bina.azstatic.com/uploads/thumbnail/2026%2F06%2F26%2F13%2F08%2F05%2Fed4cfa07-2f3d-44af-86d3-a35f17c950fc%2F77764_VcGfdAqmYbH9cpbEhwGUqA.jpg"", ""__typename"": ""Photo""}, {""full"": ""https://bina.azstatic.com/uploads/full/2026%2F06%2F26%2F13%2F08%2F04%2F4722d241-d809-41a8-b8b3-3f578d896f08%2F77762_UdQfUZSJXbBHxCwB9hM_4Q.jpg"", ""f660x496"": ""https://bina.azstatic.com/uploads/f660x496/2026%2F06%2F26%2F13%2F08%2F04%2F4722d241-d809-41a8-b8b3-3f578d896f08%2F77762_UdQfUZSJXbBHxCwB9hM_4Q.jpg"", ""thumbnail"": ""https://bina.azstatic.com/uploads/thumbnail/2026%2F06%2F26%2F13%2F08%2F04%2F4722d241-d809-41a8-b8b3-3f578d896f08%2F77762_UdQfUZSJXbBHxCwB9hM_4Q.jpg"", ""__typename"": ""Photo""}, {""full"": ""https://bina.azstatic.com/uploads/full/2026%2F06%2F26%2F13%2F08%2F05%2F428754f0-ff49-4b75-b81a-d84c12bf1389%2F77735_-GPUHcJZAyUtFlvHyECzwg.jpg"", ""f660x496"": ""https://bina.azstatic.com/uploads/f660x496/2026%2F06%2F26%2F13%2F08%2F05%2F428754f0-ff49-4b75-b81a-d84c12bf1389%2F77735_-GPUHcJZAyUtFlvHyECzwg.jpg"", ""thumbnail"": ""https://bina.azstatic.com/uploads/thumbnail/2026%2F06%2F26%2F13%2F08%2F05%2F428754f0-ff49-4b75-b81a-d84c12bf1389%2F77735_-GPUHcJZAyUtFlvHyECzwg.jpg"", ""__typename"": ""Photo""}, {""full"": ""https://bina.azstatic.com/uploads/full/2026%2F06%2F26%2F13%2F08%2F05%2F8e6fa90f-bb5e-480a-86a4-9b7ef5faa28a%2F77743_P2Vz78PPAlkf2ksLQuPgeg.jpg"", ""f660x496"": ""https://bina.azstatic.com/uploads/f660x496/2026%2F06%2F26%2F13%2F08%2F05%2F8e6fa90f-bb5e-480a-86a4-9b7ef5faa28a%2F77743_P2Vz78PPAlkf2ksLQuPgeg.jpg"", ""thumbnail"": ""https://bina.azstatic.com/uploads/thumbnail/2026%2F06%2F26%2F13%2F08%2F05%2F8e6fa90f-bb5e-480a-86a4-9b7ef5faa28a%2F77743_P2Vz78PPAlkf2ksLQuPgeg.jpg"", ""__typename"": ""Photo""}, {""full"": ""https://bina.azstatic.com/uploads/full/2026%2F06%2F26%2F13%2F08%2F05%2Fa6555a62-466c-4ee5-91e4-a00be0335d93%2F77741_7qz2nBJyg5esfJxFTupIPg.jpg"", ""f660x496"": ""https://bina.azstatic.com/uploads/f660x496/2026%2F06%2F26%2F13%2F08%2F05%2Fa6555a62-466c-4ee5-91e4-a00be0335d93%2F77741_7qz2nBJyg5esfJxFTupIPg.jpg"", ""thumbnail"": ""https://bina.azstatic.com/uploads/thumbnail/2026%2F06%2F26%2F13%2F08%2F05%2Fa6555a62-466c-4ee5-91e4-a00be0335d93%2F77741_7qz2nBJyg5esfJxFTupIPg.jpg"", ""__typename"": ""Photo""}, {""full"": ""https://bina.azstatic.com/uploads/full/2026%2F06%2F26%2F13%2F08%2F04%2F08a676be-8f82-4014-bc12-2a3297d361a0%2F77930_TMWkkmezxQ-UUGm68PYNTg.jpg"", ""f660x496"": ""https://bina.azstatic.com/uploads/f660x496/2026%2F06%2F26%2F13%2F08%2F04%2F08a676be-8f82-4014-bc12-2a3297d361a0%2F77930_TMWkkmezxQ-UUGm68PYNTg.jpg"", ""thumbnail"": ""https://bina.azstatic.com/uploads/thumbnail/2026%2F06%2F26%2F13%2F08%2F04%2F08a676be-8f82-4014-bc12-2a3297d361a0%2F77930_TMWkkmezxQ-UUGm68PYNTg.jpg"", ""__typename"": ""Photo""}, {""full"": ""https://bina.azstatic.com/uploads/full/2026%2F06%2F26%2F13%2F08%2F04%2F9da2bc0c-59a0-400f-b62c-b582fac0a11b%2F77758_Fnamt_Tb6F9F2f8HP70yFQ.jpg"", ""f660x496"": ""https://bina.azstatic.com/uploads/f660x496/2026%2F06%2F26%2F13%2F08%2F04%2F9da2bc0c-59a0-400f-b62c-b582fac0a11b%2F77758_Fnamt_Tb6F9F2f8HP70yFQ.jpg"", ""thumbnail"": ""https://bina.azstatic.com/uploads/thumbnail/2026%2F06%2F26%2F13%2F08%2F04%2F9da2bc0c-59a0-400f-b62c-b582fac0a11b%2F77758_Fnamt_Tb6F9F2f8HP70yFQ.jpg"", ""__typename"": ""Photo""}, {""full"": ""https://bina.azstatic.com/uploads/full/2026%2F06%2F26%2F13%2F08%2F05%2F92e3788f-dd1a-4751-b1f3-d578e861d504%2F77763_M__eaLlGeyK_-l77BSezgQ.jpg"", ""f660x496"": ""https://bina.azstatic.com/uploads/f660x496/2026%2F06%2F26%2F13%2F08%2F05%2F92e3788f-dd1a-4751-b1f3-d578e861d504%2F77763_M__eaLlGeyK_-l77BSezgQ.jpg"", ""thumbnail"": ""https://bina.azstatic.com/uploads/thumbnail/2026%2F06%2F26%2F13%2F08%2F05%2F92e3788f-dd1a-4751-b1f3-d578e861d504%2F77763_M__eaLlGeyK_-l77BSezgQ.jpg"", ""__typename"": ""Photo""}, {""full"": ""https://bina.azstatic.com/uploads/full/2026%2F06%2F26%2F13%2F08%2F05%2F2d1c9135-72cf-4a1f-b864-e0c93be3e427%2F77732_kJ_-M6BatcKPHklLqX068A.jpg"", ""f660x496"": ""https://bina.azstatic.com/uploads/f660x496/2026%2F06%2F26%2F13%2F08%2F05%2F2d1c9135-72cf-4a1f-b864-e0c93be3e427%2F77732_kJ_-M6BatcKPHklLqX068A.jpg"", ""thumbnail"": ""https://bina.azstatic.com/uploads/thumbnail/2026%2F06%2F26%2F13%2F08%2F05%2F2d1c9135-72cf-4a1f-b864-e0c93be3e427%2F77732_kJ_-M6BatcKPHklLqX068A.jpg"", ""__typename"": ""Photo""}, {""full"": ""https://bina.azstatic.com/uploads/full/2026%2F06%2F26%2F13%2F08%2F05%2F0c094d01-6be1-42f2-98ab-3c9984487ca6%2F77771_EEwtu_7w-jcpIt8BsijY5w.jpg"", ""f660x496"": ""https://bina.azstatic.com/uploads/f660x496/2026%2F06%2F26%2F13%2F08%2F05%2F0c094d01-6be1-42f2-98ab-3c9984487ca6%2F77771_EEwtu_7w-jcpIt8BsijY5w.jpg"", ""thumbnail"": ""https://bina.azstatic.com/uploads/thumbnail/2026%2F06%2F26%2F13%2F08%2F05%2F0c094d01-6be1-42f2-98ab-3c9984487ca6%2F77771_EEwtu_7w-jcpIt8BsijY5w.jpg"", ""__typename"": ""Photo""}, {""full"": ""https://bina.azstatic.com/uploads/full/2026%2F06%2F26%2F13%2F08%2F05%2F0eab4f4f-94ba-49ab-9c6a-041ede06f50e%2F77770_trHYAKHGtKZ1XvNXWW_u1g.jpg"", ""f660x496"": ""https://bina.azstatic.com/uploads/f660x496/2026%2F06%2F26%2F13%2F08%2F05%2F0eab4f4f-94ba-49ab-9c6a-041ede06f50e%2F77770_trHYAKHGtKZ1XvNXWW_u1g.jpg"", ""thumbnail"": ""https://bina.azstatic.com/uploads/thumbnail/2026%2F06%2F26%2F13%2F08%2F05%2F0eab4f4f-94ba-49ab-9c6a-041ede06f50e%2F77770_trHYAKHGtKZ1XvNXWW_u1g.jpg"", ""__typename"": ""Photo""}, {""full"": ""https://bina.azstatic.com/uploads/full/2026%2F06%2F26%2F13%2F08%2F05%2F0d80e0e2-3251-4156-be99-29ffbd6844cc%2F77777_Tr0BiPN1BYBJJsZ3xArrbA.jpg"", ""f660x496"": ""https://bina.azstatic.com/uploads/f660x496/2026%2F06%2F26%2F13%2F08%2F05%2F0d80e0e2-3251-4156-be99-29ffbd6844cc%2F77777_Tr0BiPN1BYBJJsZ3xArrbA.jpg"", ""thumbnail"": ""https://bina.azstatic.com/uploads/thumbnail/2026%2F06%2F26%2F13%2F08%2F05%2F0d80e0e2-3251-4156-be99-29ffbd6844cc%2F77777_Tr0BiPN1BYBJJsZ3xArrbA.jpg"", ""__typename"": ""Photo""}, {""full"": ""https://bina.azstatic.com/uploads/full/2026%2F06%2F26%2F13%2F08%2F05%2F14373d5f-00f4-43a5-ad29-f151c0b0b5aa%2F77760_QSXNOE5qJJ5Kz2mT_pvE2w.jpg"", ""f660x496"": ""https://bina.azstatic.com/uploads/f660x496/2026%2F06%2F26%2F13%2F08%2F05%2F14373d5f-00f4-43a5-ad29-f151c0b0b5aa%2F77760_QSXNOE5qJJ5Kz2mT_pvE2w.jpg"", ""thumbnail"": ""https://bina.azstatic.com/uploads/thumbnail/2026%2F06%2F26%2F13%2F08%2F05%2F14373d5f-00f4-43a5-ad29-f151c0b0b5aa%2F77760_QSXNOE5qJJ5Kz2mT_pvE2w.jpg"", ""__typename"": ""Photo""}], ""address"": ""Çinarlı küçəsi"", ""company"": {""id"": ""188809"", ""name"": ""Tural Rzayev"", ""__typename"": ""Company"", ""targetType"": ""AGENCY""}, ""business"": {""id"": ""27"", ""city"": {""name"": ""Bakı"", ""__typename"": ""City""}, ""name"": ""Bakı Əmlak Dostluq "", ""path"": ""/agentlikler/baki-emlak-dostluq"", ""logoUrl"": ""https://bina.azstatic.com/uploads/o450x450/2024%2F08%2F09%2F09%2F35%2F22%2F793be019-c615-40b0-9504-ad3992735d66%2F26954_DWgEQQqRrb1W5yDQKFgsVA.jpg"", ""latitude"": 40.38499730777751, ""schedule"": ""Hər gün 10:00 – 20:00"", ""longitude"": 49.83810424804688, ""__typename"": ""Agency"", ""itemsCount"": 727, ""viewsCount"": 34411, ""contactAddress"": ""Nəsimi r., Səməd Vurğun küç.""}, ""category"": {""id"": ""5"", ""name"": ""Həyət evi/Bağ evi"", ""slug"": ""heyet-evleri"", ""title"": ""Həyət evləri/Bağ evləri"", ""hasFloor"": false, ""__typename"": ""Category"", ""pluralName"": ""Həyət evləri/Bağ evləri"", ""hasLandArea"": true}, ""isLeased"": false, ""isVipped"": false, ""landArea"": {""units"": ""sot"", ""value"": 16, ""__typename"": ""Area""}, ""location"": {""path"": ""/baki/abseron/novxani"", ""fullName"": ""Novxanı q."", ""__typename"": ""Location""}, ""metaTags"": [{""name"": ""title"", ""content"": ""9 otaqlı həyət evi/bağ evi — 360 m² — Novxanı q., Bakı, Azərbaycan (6242433)"", ""__typename"": ""MetaTag""}, {""name"": ""description"", ""content"": ""Novxanıda Kalyon restoranından 500 metr aralıda 16 sot torpaq sahəsində 3 mərtəbəli bağ evi satılır.Ev olduqca genis..."", ""__typename"": ""MetaTag""}], ""expiresAt"": null, ""hasRepair"": true, ""updatedAt"": ""2026-07-27T17:31:26+04:00"", ""__typename"": ""Item"", ""isFeatured"": false, ""breadcrumbs"": [{""name"": ""Daşınmaz əmlak"", ""path"": ""/items/all"", ""__typename"": ""Breadcrumb""}, {""name"": ""Bakı"", ""path"": ""/baki"", ""__typename"": ""Breadcrumb""}, {""name"": ""Alqı-satqı"", ""path"": ""/alqi-satqi"", ""__typename"": ""Breadcrumb""}, {""name"": ""5+ otaqlı həyət evləri/bağ evləri"", ""path"": ""/alqi-satqi/heyet-evleri/5-otaqli"", ""__typename"": ""Breadcrumb""}], ""contactName"": ""Tural Rzayev"", ""description"": ""Novxanıda Kalyon restoranından 500 metr aralıda 16 sot torpaq sahəsində 3 mərtəbəli bağ evi satılır.Ev olduqca genis işıqlı və havalı evdir,hər mərtəbəsi 120 kv.m olmaqla ümumi 360 kv.m dən ibarətdir.Evin hər mərtəbəsində sanuzeli var.3 cü mərtəbəsi geniş mansardır.Geniş yaşıllıqlı həyəti var və həyətində müxtəlif növ bar verən meyvə ağacları var,bundan əlavə həyətdə yay mətbəxi, manqalxanası və qarajı var.Evdə ilin 4 fəsli yaşamaq üçün hər bir şərait yaradılıb.Qaz su işıq daimidir,istilik sistemi kombidir.Həyətin hər bir tərəfi kameralar vasitəsi ilə müşahidə altındadır.Sənədləri tam qaydasındadır.Həm evin həm də torpağın çıxarışı var.Real alıcıya qiymətdə müəyyən razılıq olacaq."", ""hasMortgage"": false, ""isPaidDaily"": null, ""hasBillOfSale"": true, ""contactTypeName"": ""vasitəçi (agent)"", ""hasInternalLoan"": false, ""buildingTypeName"": null, ""nearestLocations"": [{""id"": ""197"", ""path"": ""/baki/abseron"", ""fullName"": ""Abşeron r."", ""__typename"": ""Location""}, {""id"": ""113"", ""path"": ""/baki/abseron/novxani"", ""fullName"": ""Novxanı q."", ""__typename"": ""Location""}], ""isExpiredManually"": false}"
6041219,https://bina.az/items/6041219,sale,heyet-evleri,225000.00,AZN,,85.00,3,,,,temirli,t,f,Bakı,,,,,,,Şüvəlanda çox ideal bir yerdə torpağın sotu 25000 olan bir ərazidə 10 sot torpaq sahəsində 3 otaqlı bağ evi satılır.Bağlı bağçalı yaşıllıqlı həyəti var.Bütün komunallar mövcuddur.Sənədlər hamısı tam qaydasındadır.Həm torpağın həm də evin çıxarışı var.Real alıcıya qiymətdə razılıq olacaq.,agent,Tural Rzayev,188809,,2026-08-23 12:19:48.844723+00,2026-08-23 12:19:48.844723+00,,t,sitemap,"{""id"": ""6041219"", ""area"": {""units"": ""m²"", ""value"": 85, ""__typename"": ""Area""}, ""city"": {""id"": ""1"", ""name"": ""Bakı"", ""path"": ""/baki"", ""slug"": ""baki"", ""__typename"": ""City""}, ""path"": ""/items/6041219"", ""floor"": null, ""price"": {""total"": 225000, ""perAre"": null, ""currency"": ""AZN"", ""__typename"": ""Price""}, ""rooms"": 3, ""state"": ""PUBLISHED"", ""views"": 680, ""floors"": null, ""photos"": [{""full"": ""https://bina.azstatic.com/uploads/full/2026%2F04%2F13%2F14%2F45%2F07%2F7ccaae32-e642-4c72-914f-5993202b3da0%2F72949_XhNBwukokbwvvr0PPVjR7Q.jpg"", ""f660x496"": ""https://bina.azstatic.com/uploads/f660x496/2026%2F04%2F13%2F14%2F45%2F07%2F7ccaae32-e642-4c72-914f-5993202b3da0%2F72949_XhNBwukokbwvvr0PPVjR7Q.jpg"", ""thumbnail"": ""https://bina.azstatic.com/uploads/thumbnail/2026%2F04%2F13%2F14%2F45%2F07%2F7ccaae32-e642-4c72-914f-5993202b3da0%2F72949_XhNBwukokbwvvr0PPVjR7Q.jpg"", ""__typename"": ""Photo""}, {""full"": ""https://bina.azstatic.com/uploads/full/2026%2F04%2F13%2F14%2F45%2F07%2Fec5ae0c6-0651-4b8f-ae8e-aa0b33a4343d%2F73299_lGWlBXifWa6BXgDS9W5PmQ.jpg"", ""f660x496"": ""https://bina.azstatic.com/uploads/f660x496/2026%2F04%2F13%2F14%2F45%2F07%2Fec5ae0c6-0651-4b8f-ae8e-aa0b33a4343d%2F73299_lGWlBXifWa6BXgDS9W5PmQ.jpg"", ""thumbnail"": ""https://bina.azstatic.com/uploads/thumbnail/2026%2F04%2F13%2F14%2F45%2F07%2Fec5ae0c6-0651-4b8f-ae8e-aa0b33a4343d%2F73299_lGWlBXifWa6BXgDS9W5PmQ.jpg"", ""__typename"": ""Photo""}, {""full"": ""https://bina.azstatic.com/uploads/full/2026%2F04%2F13%2F14%2F45%2F07%2Fcd2e37da-19b3-4d89-a64b-05e7fdbd75a0%2F39999_NGEOoUU8trjZd7DVKv5CfQ.jpg"", ""f660x496"": ""https://bina.azstatic.com/uploads/f660x496/2026%2F04%2F13%2F14%2F45%2F07%2Fcd2e37da-19b3-4d89-a64b-05e7fdbd75a0%2F39999_NGEOoUU8trjZd7DVKv5CfQ.jpg"", ""thumbnail"": ""https://bina.azstatic.com/uploads/thumbnail/2026%2F04%2F13%2F14%2F45%2F07%2Fcd2e37da-19b3-4d89-a64b-05e7fdbd75a0%2F39999_NGEOoUU8trjZd7DVKv5CfQ.jpg"", ""__typename"": ""Photo""}, {""full"": ""https://bina.azstatic.com/uploads/full/2026%2F04%2F13%2F14%2F45%2F07%2Fc2d199e2-10fa-43f8-8b18-bcdb4d4778ea%2F72754_nSwdXg_8EeBZeIEn9ednAw.jpg"", ""f660x496"": ""https://bina.azstatic.com/uploads/f660x496/2026%2F04%2F13%2F14%2F45%2F07%2Fc2d199e2-10fa-43f8-8b18-bcdb4d4778ea%2F72754_nSwdXg_8EeBZeIEn9ednAw.jpg"", ""thumbnail"": ""https://bina.azstatic.com/uploads/thumbnail/2026%2F04%2F13%2F14%2F45%2F07%2Fc2d199e2-10fa-43f8-8b18-bcdb4d4778ea%2F72754_nSwdXg_8EeBZeIEn9ednAw.jpg"", ""__typename"": ""Photo""}, {""full"": ""https://bina.azstatic.com/uploads/full/2026%2F04%2F13%2F14%2F45%2F07%2Fca6e4bb8-410c-4744-9d04-f41318b25891%2F72787_arVEnFHyhNE8STxjDpqwsw.jpg"", ""f660x496"": ""https://bina.azstatic.com/uploads/f660x496/2026%2F04%2F13%2F14%2F45%2F07%2Fca6e4bb8-410c-4744-9d04-f41318b25891%2F72787_arVEnFHyhNE8STxjDpqwsw.jpg"", ""thumbnail"": ""https://bina.azstatic.com/uploads/thumbnail/2026%2F04%2F13%2F14%2F45%2F07%2Fca6e4bb8-410c-4744-9d04-f41318b25891%2F72787_arVEnFHyhNE8STxjDpqwsw.jpg"", ""__typename"": ""Photo""}, {""full"": ""https://bina.azstatic.com/uploads/full/2026%2F04%2F13%2F14%2F45%2F07%2Fa80254dc-3e60-4d9c-9d13-c3bd553b2556%2F72969_8CLVlCzCZ1-IXa9qCmutgg.jpg"", ""f660x496"": ""https://bina.azstatic.com/uploads/f660x496/2026%2F04%2F13%2F14%2F45%2F07%2Fa80254dc-3e60-4d9c-9d13-c3bd553b2556%2F72969_8CLVlCzCZ1-IXa9qCmutgg.jpg"", ""thumbnail"": ""https://bina.azstatic.com/uploads/thumbnail/2026%2F04%2F13%2F14%2F45%2F07%2Fa80254dc-3e60-4d9c-9d13-c3bd553b2556%2F72969_8CLVlCzCZ1-IXa9qCmutgg.jpg"", ""__typename"": ""Photo""}, {""full"": ""https://bina.azstatic.com/uploads/full/2026%2F04%2F13%2F14%2F45%2F07%2F04db3018-7fe8-4220-82ab-8825b59412ea%2F72951_7FkFO70tOVvXCzKIZRYvhA.jpg"", ""f660x496"": ""https://bina.azstatic.com/uploads/f660x496/2026%2F04%2F13%2F14%2F45%2F07%2F04db3018-7fe8-4220-82ab-8825b59412ea%2F72951_7FkFO70tOVvXCzKIZRYvhA.jpg"", ""thumbnail"": ""https://bina.azstatic.com/uploads/thumbnail/2026%2F04%2F13%2F14%2F45%2F07%2F04db3018-7fe8-4220-82ab-8825b59412ea%2F72951_7FkFO70tOVvXCzKIZRYvhA.jpg"", ""__typename"": ""Photo""}, {""full"": ""https://bina.azstatic.com/uploads/full/2026%2F04%2F13%2F14%2F45%2F07%2Fd9449e6d-e62d-49bf-87b6-71e5a8cd6743%2F40104_rs_qlI_Rm8u25cAx65MVsA.jpg"", ""f660x496"": ""https://bina.azstatic.com/uploads/f660x496/2026%2F04%2F13%2F14%2F45%2F07%2Fd9449e6d-e62d-49bf-87b6-71e5a8cd6743%2F40104_rs_qlI_Rm8u25cAx65MVsA.jpg"", ""thumbnail"": ""https://bina.azstatic.com/uploads/thumbnail/2026%2F04%2F13%2F14%2F45%2F07%2Fd9449e6d-e62d-49bf-87b6-71e5a8cd6743%2F40104_rs_qlI_Rm8u25cAx65MVsA.jpg"", ""__typename"": ""Photo""}, {""full"": ""https://bina.azstatic.com/uploads/full/2026%2F04%2F13%2F14%2F45%2F07%2Fc6ad38ca-67b8-4d66-abca-6664cccfd754%2F40063_iCVnwmvnop1aVPrzJX1uhg.jpg"", ""f660x496"": ""https://bina.azstatic.com/uploads/f660x496/2026%2F04%2F13%2F14%2F45%2F07%2Fc6ad38ca-67b8-4d66-abca-6664cccfd754%2F40063_iCVnwmvnop1aVPrzJX1uhg.jpg"", ""thumbnail"": ""https://bina.azstatic.com/uploads/thumbnail/2026%2F04%2F13%2F14%2F45%2F07%2Fc6ad38ca-67b8-4d66-abca-6664cccfd754%2F40063_iCVnwmvnop1aVPrzJX1uhg.jpg"", ""__typename"": ""Photo""}, {""full"": ""https://bina.azstatic.com/uploads/full/2026%2F04%2F13%2F14%2F45%2F07%2Fd9083a47-8d8f-4077-8adc-6216b7a540cc%2F94538_Mw0078hoS2LuZRlDzr6H-Q.jpg"", ""f660x496"": ""https://bina.azstatic.com/uploads/f660x496/2026%2F04%2F13%2F14%2F45%2F07%2Fd9083a47-8d8f-4077-8adc-6216b7a540cc%2F94538_Mw0078hoS2LuZRlDzr6H-Q.jpg"", ""thumbnail"": ""https://bina.azstatic.com/uploads/thumbnail/2026%2F04%2F13%2F14%2F45%2F07%2Fd9083a47-8d8f-4077-8adc-6216b7a540cc%2F94538_Mw0078hoS2LuZRlDzr6H-Q.jpg"", ""__typename"": ""Photo""}, {""full"": ""https://bina.azstatic.com/uploads/full/2026%2F04%2F13%2F14%2F45%2F07%2F0280a64f-f55f-4943-b85d-77f5eb7f7af3%2F73139_99NtwrWyb9qJwYqi4Ed5_Q.jpg"", ""f660x496"": ""https://bina.azstatic.com/uploads/f660x496/2026%2F04%2F13%2F14%2F45%2F07%2F0280a64f-f55f-4943-b85d-77f5eb7f7af3%2F73139_99NtwrWyb9qJwYqi4Ed5_Q.jpg"", ""thumbnail"": ""https://bina.azstatic.com/uploads/thumbnail/2026%2F04%2F13%2F14%2F45%2F07%2F0280a64f-f55f-4943-b85d-77f5eb7f7af3%2F73139_99NtwrWyb9qJwYqi4Ed5_Q.jpg"", ""__typename"": ""Photo""}, {""full"": ""https://bina.azstatic.com/uploads/full/2026%2F04%2F13%2F14%2F45%2F07%2Fe62f3783-42fb-4198-b972-76ad78850601%2F40055_TwgFRI0eYkjK0nAL9D4i_w.jpg"", ""f660x496"": ""https://bina.azstatic.com/uploads/f660x496/2026%2F04%2F13%2F14%2F45%2F07%2Fe62f3783-42fb-4198-b972-76ad78850601%2F40055_TwgFRI0eYkjK0nAL9D4i_w.jpg"", ""thumbnail"": ""https://bina.azstatic.com/uploads/thumbnail/2026%2F04%2F13%2F14%2F45%2F07%2Fe62f3783-42fb-4198-b972-76ad78850601%2F40055_TwgFRI0eYkjK0nAL9D4i_w.jpg"", ""__typename"": ""Photo""}, {""full"": ""https://bina.azstatic.com/uploads/full/2026%2F04%2F13%2F14%2F45%2F07%2F72a2fa6f-661b-4746-940c-32527ba4b139%2F73522_Qbvj13qjbTuq3C4TsFp3gA.jpg"", ""f660x496"": ""https://bina.azstatic.com/uploads/f660x496/2026%2F04%2F13%2F14%2F45%2F07%2F72a2fa6f-661b-4746-940c-32527ba4b139%2F73522_Qbvj13qjbTuq3C4TsFp3gA.jpg"", ""thumbnail"": ""https://bina.azstatic.com/uploads/thumbnail/2026%2F04%2F13%2F14%2F45%2F07%2F72a2fa6f-661b-4746-940c-32527ba4b139%2F73522_Qbvj13qjbTuq3C4TsFp3gA.jpg"", ""__typename"": ""Photo""}], ""address"": ""Şüvəlan qəsəbəsi"", ""company"": {""id"": ""188809"", ""name"": ""Tural Rzayev"", ""__typename"": ""Company"", ""targetType"": ""AGENCY""}, ""business"": {""id"": ""27"", ""city"": {""name"": ""Bakı"", ""__typename"": ""City""}, ""name"": ""Bakı Əmlak Dostluq "", ""path"": ""/agentlikler/baki-emlak-dostluq"", ""logoUrl"": ""https://bina.azstatic.com/uploads/o450x450/2024%2F08%2F09%2F09%2F35%2F22%2F793be019-c615-40b0-9504-ad3992735d66%2F26954_DWgEQQqRrb1W5yDQKFgsVA.jpg"", ""latitude"": 40.38499730777751, ""schedule"": ""Hər gün 10:00 – 20:00"", ""longitude"": 49.83810424804688, ""__typename"": ""Agency"", ""itemsCount"": 727, ""viewsCount"": 34411, ""contactAddress"": ""Nəsimi r., Səməd Vurğun küç.""}, ""category"": {""id"": ""5"", ""name"": ""Həyət evi/Bağ evi"", ""slug"": ""heyet-evleri"", ""title"": ""Həyət evləri/Bağ evləri"", ""hasFloor"": false, ""__typename"": ""Category"", ""pluralName"": ""Həyət evləri/Bağ evləri"", ""hasLandArea"": true}, ""isLeased"": false, ""isVipped"": false, ""landArea"": {""units"": ""sot"", ""value"": 10, ""__typename"": ""Area""}, ""location"": {""path"": ""/baki/xezer/suvelan"", ""fullName"": ""Şüvəlan q."", ""__typename"": ""Location""}, ""metaTags"": [{""name"": ""title"", ""content"": ""3 otaqlı həyət evi/bağ evi — 85 m² — Şüvəlan q., Bakı, Azərbaycan (6041219)"", ""__typename"": ""MetaTag""}, {""name"": ""description"", ""content"": ""Şüvəlanda çox ideal bir yerdə torpağın sotu 25000 olan bir ərazidə 10 sot torpaq sahəsində 3 otaqlı bağ evi satılır.Bağlı..."", ""__typename"": ""MetaTag""}], ""expiresAt"": null, ""hasRepair"": true, ""updatedAt"": ""2026-07-27T17:32:21+04:00"", ""__typename"": ""Item"", ""isFeatured"": false, ""breadcrumbs"": [{""name"": ""Daşınmaz əmlak"", ""path"": ""/items/all"", ""__typename"": ""Breadcrumb""}, {""name"": ""Bakı"", ""path"": ""/baki"", ""__typename"": ""Breadcrumb""}, {""name"": ""Alqı-satqı"", ""path"": ""/alqi-satqi"", ""__typename"": ""Breadcrumb""}, {""name"": ""3 otaqlı həyət evləri/bağ evləri"", ""path"": ""/alqi-satqi/heyet-evleri/3-otaqli"", ""__typename"": ""Breadcrumb""}], ""contactName"": ""Tural Rzayev"", ""description"": ""Şüvəlanda çox ideal bir yerdə torpağın sotu 25000 olan bir ərazidə 10 sot torpaq sahəsində 3 otaqlı bağ evi satılır.Bağlı bağçalı yaşıllıqlı həyəti var.Bütün komunallar mövcuddur.Sənədlər hamısı tam qaydasındadır.Həm torpağın həm də evin çıxarışı var.Real alıcıya qiymətdə razılıq olacaq."", ""hasMortgage"": false, ""isPaidDaily"": null, ""hasBillOfSale"": true, ""contactTypeName"": ""vasitəçi (agent)"", ""hasInternalLoan"": false, ""buildingTypeName"": null, ""nearestLocations"": [{""id"": ""15"", ""path"": ""/baki/xezer"", ""fullName"": ""Xəzər r."", ""__typename"": ""Location""}, {""id"": ""110"", ""path"": ""/baki/xezer/suvelan"", ""fullName"": ""Şüvəlan q."", ""__typename"": ""Location""}], ""isExpiredManually"": false}"
6325827,https://bina.az/items/6325827,sale,menziller/kohne-tikili,150000.00,AZN,,60.00,2,3,5,,temirli,t,f,Bakı,,,,,,,"TƏCİLİ SATILIR.Baki şəhəri Xətai rayonu, Əhmədli qəsəbəsi, Gəncə prospekti, Xəzərin balaca kurqa yaxın yerdə yerləşən 5 mərtəbəli binanın 3 cü mərtəbəsi, leninqrad layihəli, orta blok, Astanovkaya, məktəb və uşaq bağçasına da çox yaxın yerdə yerləşir, mənzilin çıxarışı var ipotekaya yararlıdır.",agent,Yeni Park №1,25204,,2026-08-23 12:19:48.844723+00,2026-08-23 12:19:48.844723+00,,t,sitemap,"{""id"": ""6325827"", ""area"": {""units"": ""m²"", ""value"": 60, ""__typename"": ""Area""}, ""city"": {""id"": ""1"", ""name"": ""Bakı"", ""path"": ""/baki"", ""slug"": ""baki"", ""__typename"": ""City""}, ""path"": ""/items/6325827"", ""floor"": 3, ""price"": {""total"": 150000, ""perAre"": null, ""currency"": ""AZN"", ""__typename"": ""Price""}, ""rooms"": 2, ""state"": ""PUBLISHED"", ""views"": 495, ""floors"": 5, ""photos"": [{""full"": ""https://bina.azstatic.com/uploads/full/2026%2F07%2F27%2F17%2F21%2F15%2F3832a5ee-6d26-4b57-aa72-29938d02bbf1%2F75430_yBMqLQd0K7TvjuUgnugU-g.jpg"", ""f660x496"": ""https://bina.azstatic.com/uploads/f660x496/2026%2F07%2F27%2F17%2F21%2F15%2F3832a5ee-6d26-4b57-aa72-29938d02bbf1%2F75430_yBMqLQd0K7TvjuUgnugU-g.jpg"", ""thumbnail"": ""https://bina.azstatic.com/uploads/thumbnail/2026%2F07%2F27%2F17%2F21%2F15%2F3832a5ee-6d26-4b57-aa72-29938d02bbf1%2F75430_yBMqLQd0K7TvjuUgnugU-g.jpg"", ""__typename"": ""Photo""}, {""full"": ""https://bina.azstatic.com/uploads/full/2026%2F07%2F27%2F17%2F21%2F15%2Fc9eb22a8-370a-4f32-8694-bfbb0075f0c7%2F22613_wHhIrV3HebMdzIxnpFmmJw.jpg"", ""f660x496"": ""https://bina.azstatic.com/uploads/f660x496/2026%2F07%2F27%2F17%2F21%2F15%2Fc9eb22a8-370a-4f32-8694-bfbb0075f0c7%2F22613_wHhIrV3HebMdzIxnpFmmJw.jpg"", ""thumbnail"": ""https://bina.azstatic.com/uploads/thumbnail/2026%2F07%2F27%2F17%2F21%2F15%2Fc9eb22a8-370a-4f32-8694-bfbb0075f0c7%2F22613_wHhIrV3HebMdzIxnpFmmJw.jpg"", ""__typename"": ""Photo""}, {""full"": ""https://bina.azstatic.com/uploads/full/2026%2F07%2F27%2F17%2F21%2F15%2Ff5fd2f98-6ca8-4312-8ce0-4b10b0d8322d%2F66554_kcVVY6e9y4-DDtfz08uFdg.jpg"", ""f660x496"": ""https://bina.azstatic.com/uploads/f660x496/2026%2F07%2F27%2F17%2F21%2F15%2Ff5fd2f98-6ca8-4312-8ce0-4b10b0d8322d%2F66554_kcVVY6e9y4-DDtfz08uFdg.jpg"", ""thumbnail"": ""https://bina.azstatic.com/uploads/thumbnail/2026%2F07%2F27%2F17%2F21%2F15%2Ff5fd2f98-6ca8-4312-8ce0-4b10b0d8322d%2F66554_kcVVY6e9y4-DDtfz08uFdg.jpg"", ""__typename"": ""Photo""}, {""full"": ""https://bina.azstatic.com/uploads/full/2026%2F07%2F27%2F17%2F21%2F15%2F527bac7b-ea6c-45fd-9429-e504f6e19433%2F90218_W-QU2Q7GsdTQSnJvJtbunw.jpg"", ""f660x496"": ""https://bina.azstatic.com/uploads/f660x496/2026%2F07%2F27%2F17%2F21%2F15%2F527bac7b-ea6c-45fd-9429-e504f6e19433%2F90218_W-QU2Q7GsdTQSnJvJtbunw.jpg"", ""thumbnail"": ""https://bina.azstatic.com/uploads/thumbnail/2026%2F07%2F27%2F17%2F21%2F15%2F527bac7b-ea6c-45fd-9429-e504f6e19433%2F90218_W-QU2Q7GsdTQSnJvJtbunw.jpg"", ""__typename"": ""Photo""}, {""full"": ""https://bina.azstatic.com/uploads/full/2026%2F07%2F27%2F17%2F21%2F15%2F7252fc18-8b91-4741-be8e-40f677969e1c%2F30562_msStdET9j0wX3cqM-86SPw.jpg"", ""f660x496"": ""https://bina.azstatic.com/uploads/f660x496/2026%2F07%2F27%2F17%2F21%2F15%2F7252fc18-8b91-4741-be8e-40f677969e1c%2F30562_msStdET9j0wX3cqM-86SPw.jpg"", ""thumbnail"": ""https://bina.azstatic.com/uploads/thumbnail/2026%2F07%2F27%2F17%2F21%2F15%2F7252fc18-8b91-4741-be8e-40f677969e1c%2F30562_msStdET9j0wX3cqM-86SPw.jpg"", ""__typename"": ""Photo""}, {""full"": ""https://bina.azstatic.com/uploads/full/2026%2F07%2F27%2F17%2F21%2F15%2Faec448b8-df73-45a8-a638-da13d2cb4520%2F75556_RqnB9JFB5Lk1NLpm24jg2A.jpg"", ""f660x496"": ""https://bina.azstatic.com/uploads/f660x496/2026%2F07%2F27%2F17%2F21%2F15%2Faec448b8-df73-45a8-a638-da13d2cb4520%2F75556_RqnB9JFB5Lk1NLpm24jg2A.jpg"", ""thumbnail"": ""https://bina.azstatic.com/uploads/thumbnail/2026%2F07%2F27%2F17%2F21%2F15%2Faec448b8-df73-45a8-a638-da13d2cb4520%2F75556_RqnB9JFB5Lk1NLpm24jg2A.jpg"", ""__typename"": ""Photo""}, {""full"": ""https://bina.azstatic.com/uploads/full/2026%2F07%2F27%2F17%2F21%2F15%2F2f19ca17-3e86-461c-a8dc-5ec3d712781b%2F55361_0SAXhmIyzEqC-OSftdIo-g.jpg"", ""f660x496"": ""https://bina.azstatic.com/uploads/f660x496/2026%2F07%2F27%2F17%2F21%2F15%2F2f19ca17-3e86-461c-a8dc-5ec3d712781b%2F55361_0SAXhmIyzEqC-OSftdIo-g.jpg"", ""thumbnail"": ""https://bina.azstatic.com/uploads/thumbnail/2026%2F07%2F27%2F17%2F21%2F15%2F2f19ca17-3e86-461c-a8dc-5ec3d712781b%2F55361_0SAXhmIyzEqC-OSftdIo-g.jpg"", ""__typename"": ""Photo""}, {""full"": ""https://bina.azstatic.com/uploads/full/2026%2F07%2F27%2F17%2F21%2F15%2F11a1bccb-b13d-4403-a011-e45d28a4e831%2F55445_NCHcD9Cy-7_oToW3xtC0hw.jpg"", ""f660x496"": ""https://bina.azstatic.com/uploads/f660x496/2026%2F07%2F27%2F17%2F21%2F15%2F11a1bccb-b13d-4403-a011-e45d28a4e831%2F55445_NCHcD9Cy-7_oToW3xtC0hw.jpg"", ""thumbnail"": ""https://bina.azstatic.com/uploads/thumbnail/2026%2F07%2F27%2F17%2F21%2F15%2F11a1bccb-b13d-4403-a011-e45d28a4e831%2F55445_NCHcD9Cy-7_oToW3xtC0hw.jpg"", ""__typename"": ""Photo""}, {""full"": ""https://bina.azstatic.com/uploads/full/2026%2F07%2F27%2F17%2F21%2F15%2Ff9bb9a48-411e-4a5c-a69b-b0667985e606%2F17056_sYOL5dE2-liYoxrvxvL7Fw.jpg"", ""f660x496"": ""https://bina.azstatic.com/uploads/f660x496/2026%2F07%2F27%2F17%2F21%2F15%2Ff9bb9a48-411e-4a5c-a69b-b0667985e606%2F17056_sYOL5dE2-liYoxrvxvL7Fw.jpg"", ""thumbnail"": ""https://bina.azstatic.com/uploads/thumbnail/2026%2F07%2F27%2F17%2F21%2F15%2Ff9bb9a48-411e-4a5c-a69b-b0667985e606%2F17056_sYOL5dE2-liYoxrvxvL7Fw.jpg"", ""__typename"": ""Photo""}], ""address"": ""Gəncə prospekti"", ""company"": {""id"": ""25204"", ""name"": ""Yeni Park №1"", ""__typename"": ""Company"", ""targetType"": ""AGENCY""}, ""business"": {""id"": ""466"", ""city"": {""name"": ""Bakı"", ""__typename"": ""City""}, ""name"": ""Yeni Park №1"", ""path"": ""/agentlikler/yeni-park-1"", ""logoUrl"": ""https://bina.azstatic.com/uploads/o450x450/2022%2F05%2F25%2F11%2F48%2F55%2F64df5262-ae8c-4f72-9e38-720aa9c57920%2Flogo-29.jpg"", ""latitude"": 40.3744844328779, ""schedule"": ""Hər gün: 09:00 – 21:00"", ""longitude"": 49.96192990739457, ""__typename"": ""Agency"", ""itemsCount"": 53, ""viewsCount"": 4674, ""contactAddress"": ""Xətai r., Nəsrəddin Tusi küç. 47""}, ""category"": {""id"": ""3"", ""name"": ""Köhnə tikili"", ""slug"": ""menziller/kohne-tikili"", ""title"": ""Mənzillər / Köhnə tikililər"", ""hasFloor"": true, ""__typename"": ""Category"", ""pluralName"": ""Köhnə tikililər"", ""hasLandArea"": false}, ""isLeased"": false, ""isVipped"": false, ""landArea"": null, ""location"": {""path"": ""/baki/xetai/ehmedli-qesebesi"", ""fullName"": ""Əhmədli q."", ""__typename"": ""Location""}, ""metaTags"": [{""name"": ""title"", ""content"": ""2 otaqlı köhnə tikili — 60 m² — Əhmədli q., Bakı, Azərbaycan (6325827)"", ""__typename"": ""MetaTag""}, {""name"": ""description"", ""content"": ""TƏCİLİ SATILIR.Baki şəhəri Xətai rayonu, Əhmədli qəsəbəsi, Gəncə prospekti, Xəzərin balaca kurqa yaxın yerdə yerləşən 5..."", ""__typename"": ""MetaTag""}], ""expiresAt"": null, ""hasRepair"": true, ""updatedAt"": ""2026-07-27T17:27:17+04:00"", ""__typename"": ""Item"", ""isFeatured"": false, ""breadcrumbs"": [{""name"": ""Daşınmaz əmlak"", ""path"": ""/items/all"", ""__typename"": ""Breadcrumb""}, {""name"": ""Bakı"", ""path"": ""/baki"", ""__typename"": ""Breadcrumb""}, {""name"": ""Alqı-satqı"", ""path"": ""/alqi-satqi"", ""__typename"": ""Breadcrumb""}, {""name"": ""2 otaqlı köhnə tikililər"", ""path"": ""/alqi-satqi/menziller/kohne-tikili/2-otaqli"", ""__typename"": ""Breadcrumb""}], ""contactName"": ""Yeni Park №1"", ""description"": ""TƏCİLİ SATILIR.Baki şəhəri Xətai rayonu, Əhmədli qəsəbəsi, Gəncə prospekti, Xəzərin balaca kurqa yaxın yerdə yerləşən 5 mərtəbəli binanın 3 cü mərtəbəsi, leninqrad layihəli, orta blok, Astanovkaya, məktəb və uşaq bağçasına da çox yaxın yerdə yerləşir, mənzilin çıxarışı var ipotekaya yararlıdır."", ""hasMortgage"": false, ""isPaidDaily"": null, ""hasBillOfSale"": true, ""contactTypeName"": ""vasitəçi (agent)"", ""hasInternalLoan"": false, ""buildingTypeName"": null, ""nearestLocations"": [{""id"": ""16"", ""path"": ""/baki/xetai"", ""fullName"": ""Xətai r."", ""__typename"": ""Location""}, {""id"": ""100"", ""path"": ""/baki/xetai/ehmedli-qesebesi"", ""fullName"": ""Əhmədli q."", ""__typename"": ""Location""}], ""isExpiredManually"": false}"
6325826,https://bina.az/items/6325826,sale,menziller/kohne-tikili,159000.00,AZN,,60.00,2,1,5,,temirli,t,t,Bakı,,,,,,,"Qarayev Metrosuna 2dq piyada məsafə 5 mərtəbə Socarin binalarinin 1-ci mərtəbəsində Qanuni 2 Otaq orta təmirli mənzil Satilir !
Yerdən 4 metr hundur, padval quru.
Kupça.
İpotekaya Yararlidir !
Orta Blok !
Qaz su işiq, mərkəzi istilik sistemi.
Əlavə məlumat uçun əlaqə saxlaya bilərsiniz.
Şirkətin xidmət haqqi Alici tərəfindən 1% təşkil edir.",agent,Aygün xanım,53059,,2026-08-23 12:19:48.844723+00,2026-08-23 12:19:48.844723+00,,t,sitemap,"{""id"": ""6325826"", ""area"": {""units"": ""m²"", ""value"": 60, ""__typename"": ""Area""}, ""city"": {""id"": ""1"", ""name"": ""Bakı"", ""path"": ""/baki"", ""slug"": ""baki"", ""__typename"": ""City""}, ""path"": ""/items/6325826"", ""floor"": 1, ""price"": {""total"": 159000, ""perAre"": null, ""currency"": ""AZN"", ""__typename"": ""Price""}, ""rooms"": 2, ""state"": ""PUBLISHED"", ""views"": 518, ""floors"": 5, ""photos"": [{""full"": ""https://bina.azstatic.com/uploads/full/2026%2F07%2F27%2F17%2F20%2F16%2F6832ab0f-ee15-4722-8347-cf438d193a24%2F53197_SVRwj88LyNUb1kDno1CJ0A.jpg"", ""f660x496"": ""https://bina.azstatic.com/uploads/f660x496/2026%2F07%2F27%2F17%2F20%2F16%2F6832ab0f-ee15-4722-8347-cf438d193a24%2F53197_SVRwj88LyNUb1kDno1CJ0A.jpg"", ""thumbnail"": ""https://bina.azstatic.com/uploads/thumbnail/2026%2F07%2F27%2F17%2F20%2F16%2F6832ab0f-ee15-4722-8347-cf438d193a24%2F53197_SVRwj88LyNUb1kDno1CJ0A.jpg"", ""__typename"": ""Photo""}, {""full"": ""https://bina.azstatic.com/uploads/full/2026%2F07%2F27%2F17%2F20%2F16%2Fb7b80fd6-9870-4970-8533-973611cdfde4%2F53214_SMiL0EmUA3YQGb8sDpOgGQ.jpg"", ""f660x496"": ""https://bina.azstatic.com/uploads/f660x496/2026%2F07%2F27%2F17%2F20%2F16%2Fb7b80fd6-9870-4970-8533-973611cdfde4%2F53214_SMiL0EmUA3YQGb8sDpOgGQ.jpg"", ""thumbnail"": ""https://bina.azstatic.com/uploads/thumbnail/2026%2F07%2F27%2F17%2F20%2F16%2Fb7b80fd6-9870-4970-8533-973611cdfde4%2F53214_SMiL0EmUA3YQGb8sDpOgGQ.jpg"", ""__typename"": ""Photo""}, {""full"": ""https://bina.azstatic.com/uploads/full/2026%2F07%2F27%2F17%2F20%2F16%2Faa58f208-648c-4b99-9d58-414016792fb4%2F53190_K3-01UxbxcCXUW1bdGAsnw.jpg"", ""f660x496"": ""https://bina.azstatic.com/uploads/f660x496/2026%2F07%2F27%2F17%2F20%2F16%2Faa58f208-648c-4b99-9d58-414016792fb4%2F53190_K3-01UxbxcCXUW1bdGAsnw.jpg"", ""thumbnail"": ""https://bina.azstatic.com/uploads/thumbnail/2026%2F07%2F27%2F17%2F20%2F16%2Faa58f208-648c-4b99-9d58-414016792fb4%2F53190_K3-01UxbxcCXUW1bdGAsnw.jpg"", ""__typename"": ""Photo""}, {""full"": ""https://bina.azstatic.com/uploads/full/2026%2F07%2F27%2F17%2F20%2F16%2F0a3136ab-bf28-443f-a997-e7a711b6e6e1%2F52803_qCGoLGpaFwsOfyEs-hDjlA.jpg"", ""f660x496"": ""https://bina.azstatic.com/uploads/f660x496/2026%2F07%2F27%2F17%2F20%2F16%2F0a3136ab-bf28-443f-a997-e7a711b6e6e1%2F52803_qCGoLGpaFwsOfyEs-hDjlA.jpg"", ""thumbnail"": ""https://bina.azstatic.com/uploads/thumbnail/2026%2F07%2F27%2F17%2F20%2F16%2F0a3136ab-bf28-443f-a997-e7a711b6e6e1%2F52803_qCGoLGpaFwsOfyEs-hDjlA.jpg"", ""__typename"": ""Photo""}, {""full"": ""https://bina.azstatic.com/uploads/full/2026%2F07%2F27%2F17%2F20%2F16%2F4355bdf3-e257-4803-ae9c-6e79673373e1%2F86887_PGvQ2k00s_rn5XR-9O_TGQ.jpg"", ""f660x496"": ""https://bina.azstatic.com/uploads/f660x496/2026%2F07%2F27%2F17%2F20%2F16%2F4355bdf3-e257-4803-ae9c-6e79673373e1%2F86887_PGvQ2k00s_rn5XR-9O_TGQ.jpg"", ""thumbnail"": ""https://bina.azstatic.com/uploads/thumbnail/2026%2F07%2F27%2F17%2F20%2F16%2F4355bdf3-e257-4803-ae9c-6e79673373e1%2F86887_PGvQ2k00s_rn5XR-9O_TGQ.jpg"", ""__typename"": ""Photo""}, {""full"": ""https://bina.azstatic.com/uploads/full/2026%2F07%2F27%2F17%2F20%2F15%2Fcc5bb56e-be12-448e-bfb8-323824b268c6%2F19688_nyeDxBQkLiOsHaXzLcEt0A.jpg"", ""f660x496"": ""https://bina.azstatic.com/uploads/f660x496/2026%2F07%2F27%2F17%2F20%2F15%2Fcc5bb56e-be12-448e-bfb8-323824b268c6%2F19688_nyeDxBQkLiOsHaXzLcEt0A.jpg"", ""thumbnail"": ""https://bina.azstatic.com/uploads/thumbnail/2026%2F07%2F27%2F17%2F20%2F15%2Fcc5bb56e-be12-448e-bfb8-323824b268c6%2F19688_nyeDxBQkLiOsHaXzLcEt0A.jpg"", ""__typename"": ""Photo""}, {""full"": ""https://bina.azstatic.com/uploads/full/2026%2F07%2F27%2F17%2F20%2F15%2Feb466136-4367-448b-8730-ae2ff612d5e6%2F54304_lMvn_rLsJB40IYLPjtc_Kg.jpg"", ""f660x496"": ""https://bina.azstatic.com/uploads/f660x496/2026%2F07%2F27%2F17%2F20%2F15%2Feb466136-4367-448b-8730-ae2ff612d5e6%2F54304_lMvn_rLsJB40IYLPjtc_Kg.jpg"", ""thumbnail"": ""https://bina.azstatic.com/uploads/thumbnail/2026%2F07%2F27%2F17%2F20%2F15%2Feb466136-4367-448b-8730-ae2ff612d5e6%2F54304_lMvn_rLsJB40IYLPjtc_Kg.jpg"", ""__typename"": ""Photo""}, {""full"": ""https://bina.azstatic.com/uploads/full/2026%2F07%2F27%2F17%2F20%2F15%2F2bee8f99-ec1e-4f84-b947-d270ab2fc765%2F4133_jGj_ePi5RMK3eny_oROpTw.jpg"", ""f660x496"": ""https://bina.azstatic.com/uploads/f660x496/2026%2F07%2F27%2F17%2F20%2F15%2F2bee8f99-ec1e-4f84-b947-d270ab2fc765%2F4133_jGj_ePi5RMK3eny_oROpTw.jpg"", ""thumbnail"": ""https://bina.azstatic.com/uploads/thumbnail/2026%2F07%2F27%2F17%2F20%2F15%2F2bee8f99-ec1e-4f84-b947-d270ab2fc765%2F4133_jGj_ePi5RMK3eny_oROpTw.jpg"", ""__typename"": ""Photo""}, {""full"": ""https://bina.azstatic.com/uploads/full/2026%2F07%2F27%2F17%2F20%2F16%2F15fbb769-8206-43e1-9b13-992eb83c7e78%2F53209_aGzZrDxTCuibeFA34CUK1g.jpg"", ""f660x496"": ""https://bina.azstatic.com/uploads/f660x496/2026%2F07%2F27%2F17%2F20%2F16%2F15fbb769-8206-43e1-9b13-992eb83c7e78%2F53209_aGzZrDxTCuibeFA34CUK1g.jpg"", ""thumbnail"": ""https://bina.azstatic.com/uploads/thumbnail/2026%2F07%2F27%2F17%2F20%2F16%2F15fbb769-8206-43e1-9b13-992eb83c7e78%2F53209_aGzZrDxTCuibeFA34CUK1g.jpg"", ""__typename"": ""Photo""}], ""address"": ""Tofiq Abbasov küçəsi "", ""company"": {""id"": ""53059"", ""name"": ""Aygün xanım"", ""__typename"": ""Company"", ""targetType"": ""AGENCY""}, ""business"": {""id"": ""23"", ""city"": {""name"": ""Bakı"", ""__typename"": ""City""}, ""name"": ""Real Əmlak Bakı"", ""path"": ""/agentlikler/real-emlak-baki"", ""logoUrl"": ""https://bina.azstatic.com/uploads/o450x450/2021%2F06%2F01%2F12%2F20%2F42%2F1dd7f685-43a9-4a79-afee-6425935ce664%2Fpp.jpg"", ""latitude"": 40.38264366149726, ""schedule"": ""Hər gün: 10:00 – 20:00"", ""longitude"": 49.87209320068359, ""__typename"": ""Agency"", ""itemsCount"": 857, ""viewsCount"": 64050, ""contactAddress"": ""Xətai r., Xocalı pr. ""}, ""category"": {""id"": ""3"", ""name"": ""Köhnə tikili"", ""slug"": ""menziller/kohne-tikili"", ""title"": ""Mənzillər / Köhnə tikililər"", ""hasFloor"": true, ""__typename"": ""Category"", ""pluralName"": ""Köhnə tikililər"", ""hasLandArea"": false}, ""isLeased"": false, ""isVipped"": false, ""landArea"": null, ""location"": {""path"": ""/baki/qara-qarayev"", ""fullName"": ""Qara Qarayev m."", ""__typename"": ""Location""}, ""metaTags"": [{""name"": ""title"", ""content"": ""2 otaqlı köhnə tikili — 60 m² — Qara Qarayev m., Bakı, Azərbaycan (6325826)"", ""__typename"": ""MetaTag""}, {""name"": ""description"", ""content"": ""Qarayev Metrosuna 2dq piyada məsafə 5 mərtəbə Socarin binalarinin 1-ci mərtəbəsində Qanuni 2 Otaq orta təmirli mənzil..."", ""__typename"": ""MetaTag""}], ""expiresAt"": null, ""hasRepair"": true, ""updatedAt"": ""2026-07-27T17:27:25+04:00"", ""__typename"": ""Item"", ""isFeatured"": false, ""breadcrumbs"": [{""name"": ""Daşınmaz əmlak"", ""path"": ""/items/all"", ""__typename"": ""Breadcrumb""}, {""name"": ""Bakı"", ""path"": ""/baki"", ""__typename"": ""Breadcrumb""}, {""name"": ""Alqı-satqı"", ""path"": ""/alqi-satqi"", ""__typename"": ""Breadcrumb""}, {""name"": ""2 otaqlı köhnə tikililər"", ""path"": ""/alqi-satqi/menziller/kohne-tikili/2-otaqli"", ""__typename"": ""Breadcrumb""}], ""contactName"": ""Aygün xanım"", ""description"": ""Qarayev Metrosuna 2dq piyada məsafə 5 mərtəbə Socarin binalarinin 1-ci mərtəbəsində Qanuni 2 Otaq orta təmirli mənzil Satilir !\r\nYerdən 4 metr hundur, padval quru.\r\nKupça.\r\nİpotekaya Yararlidir !\r\nOrta Blok !\r\nQaz su işiq, mərkəzi istilik sistemi.\r\nƏlavə məlumat uçun əlaqə saxlaya bilərsiniz.\r\nŞirkətin xidmət haqqi Alici tərəfindən 1% təşkil edir."", ""hasMortgage"": true, ""isPaidDaily"": null, ""hasBillOfSale"": true, ""contactTypeName"": ""vasitəçi (agent)"", ""hasInternalLoan"": false, ""buildingTypeName"": null, ""nearestLocations"": [{""id"": ""11"", ""path"": ""/baki/nizami"", ""fullName"": ""Nizami r."", ""__typename"": ""Location""}, {""id"": ""52"", ""path"": ""/baki/qara-qarayev"", ""fullName"": ""Qara Qarayev m."", ""__typename"": ""Location""}], ""isExpiredManually"": false}"
6325830,https://bina.az/items/6325830,sale,menziller/kohne-tikili,158000.00,AZN,,33.00,2,5,5,,temirli,t,f,Bakı,,,,,,,"Gənclik metrosunun tam yaxınlığında yerləşən 5 mərtəbəli Xruşov layihəli binanın 5-ci mərtəbəsində, orta blokda yerləşən 1 otaqdan 2 otağa uğurla düzəldilmiş mənzil satılır. Mənzil əşyalı satılır. Artırması var, mətbəx studiya görnüşündədir. Rahat yaşayış üçün əlverişli planlaşdırmaya malikdir və həm yaşayış, həm də investisiya məqsədi üçün ideal seçimdir.
Yalnız real alıcılarla qiymət siyasəti danışılacaq.",agent,Raqif,210271,,2026-08-23 12:19:48.844723+00,2026-08-23 12:19:48.844723+00,,t,sitemap,"{""id"": ""6325830"", ""area"": {""units"": ""m²"", ""value"": 33, ""__typename"": ""Area""}, ""city"": {""id"": ""1"", ""name"": ""Bakı"", ""path"": ""/baki"", ""slug"": ""baki"", ""__typename"": ""City""}, ""path"": ""/items/6325830"", ""floor"": 5, ""price"": {""total"": 158000, ""perAre"": null, ""currency"": ""AZN"", ""__typename"": ""Price""}, ""rooms"": 2, ""state"": ""PUBLISHED"", ""views"": 517, ""floors"": 5, ""photos"": [{""full"": ""https://bina.azstatic.com/uploads/full/2026%2F07%2F27%2F17%2F17%2F01%2F112b1a28-7e7d-45df-ac53-36b6073bc485%2F75699_1aWS8Uv7ClEu1TJiRe_t0Q.jpg"", ""f660x496"": ""https://bina.azstatic.com/uploads/f660x496/2026%2F07%2F27%2F17%2F17%2F01%2F112b1a28-7e7d-45df-ac53-36b6073bc485%2F75699_1aWS8Uv7ClEu1TJiRe_t0Q.jpg"", ""thumbnail"": ""https://bina.azstatic.com/uploads/thumbnail/2026%2F07%2F27%2F17%2F17%2F01%2F112b1a28-7e7d-45df-ac53-36b6073bc485%2F75699_1aWS8Uv7ClEu1TJiRe_t0Q.jpg"", ""__typename"": ""Photo""}, {""full"": ""https://bina.azstatic.com/uploads/full/2026%2F07%2F27%2F17%2F17%2F00%2Fa453d8b0-6b61-4813-9e42-d9ae7f930991%2F75199_JTCXb0etXIWU7Di75R0zrw.jpg"", ""f660x496"": ""https://bina.azstatic.com/uploads/f660x496/2026%2F07%2F27%2F17%2F17%2F00%2Fa453d8b0-6b61-4813-9e42-d9ae7f930991%2F75199_JTCXb0etXIWU7Di75R0zrw.jpg"", ""thumbnail"": ""https://bina.azstatic.com/uploads/thumbnail/2026%2F07%2F27%2F17%2F17%2F00%2Fa453d8b0-6b61-4813-9e42-d9ae7f930991%2F75199_JTCXb0etXIWU7Di75R0zrw.jpg"", ""__typename"": ""Photo""}, {""full"": ""https://bina.azstatic.com/uploads/full/2026%2F07%2F27%2F17%2F17%2F01%2F91eb7926-91b2-4679-86c6-039adcc790cd%2F66767_k3yRHYSL-Zgot8Rx5jiydQ.jpg"", ""f660x496"": ""https://bina.azstatic.com/uploads/f660x496/2026%2F07%2F27%2F17%2F17%2F01%2F91eb7926-91b2-4679-86c6-039adcc790cd%2F66767_k3yRHYSL-Zgot8Rx5jiydQ.jpg"", ""thumbnail"": ""https://bina.azstatic.com/uploads/thumbnail/2026%2F07%2F27%2F17%2F17%2F01%2F91eb7926-91b2-4679-86c6-039adcc790cd%2F66767_k3yRHYSL-Zgot8Rx5jiydQ.jpg"", ""__typename"": ""Photo""}, {""full"": ""https://bina.azstatic.com/uploads/full/2026%2F07%2F27%2F17%2F17%2F01%2F6f95ab32-33a5-459e-8d6b-39cbecd981cf%2F30655_BRENtSnem8UVTggLAKzjNA.jpg"", ""f660x496"": ""https://bina.azstatic.com/uploads/f660x496/2026%2F07%2F27%2F17%2F17%2F01%2F6f95ab32-33a5-459e-8d6b-39cbecd981cf%2F30655_BRENtSnem8UVTggLAKzjNA.jpg"", ""thumbnail"": ""https://bina.azstatic.com/uploads/thumbnail/2026%2F07%2F27%2F17%2F17%2F01%2F6f95ab32-33a5-459e-8d6b-39cbecd981cf%2F30655_BRENtSnem8UVTggLAKzjNA.jpg"", ""__typename"": ""Photo""}, {""full"": ""https://bina.azstatic.com/uploads/full/2026%2F07%2F27%2F17%2F17%2F00%2Fddb1c048-742b-4a98-83c4-00324c867e71%2F75249_oNTr0KCGXSfC8LmBC9PFLg.jpg"", ""f660x496"": ""https://bina.azstatic.com/uploads/f660x496/2026%2F07%2F27%2F17%2F17%2F00%2Fddb1c048-742b-4a98-83c4-00324c867e71%2F75249_oNTr0KCGXSfC8LmBC9PFLg.jpg"", ""thumbnail"": ""https://bina.azstatic.com/uploads/thumbnail/2026%2F07%2F27%2F17%2F17%2F00%2Fddb1c048-742b-4a98-83c4-00324c867e71%2F75249_oNTr0KCGXSfC8LmBC9PFLg.jpg"", ""__typename"": ""Photo""}, {""full"": ""https://bina.azstatic.com/uploads/full/2026%2F07%2F27%2F17%2F17%2F01%2F2e2c9753-3033-4f70-8f24-e9de16846a73%2F60054_BlduXQwHQjmu9BgoML0z5w.jpg"", ""f660x496"": ""https://bina.azstatic.com/uploads/f660x496/2026%2F07%2F27%2F17%2F17%2F01%2F2e2c9753-3033-4f70-8f24-e9de16846a73%2F60054_BlduXQwHQjmu9BgoML0z5w.jpg"", ""thumbnail"": ""https://bina.azstatic.com/uploads/thumbnail/2026%2F07%2F27%2F17%2F17%2F01%2F2e2c9753-3033-4f70-8f24-e9de16846a73%2F60054_BlduXQwHQjmu9BgoML0z5w.jpg"", ""__typename"": ""Photo""}, {""full"": ""https://bina.azstatic.com/uploads/full/2026%2F07%2F27%2F17%2F17%2F01%2F3347fec6-2fdd-453d-8128-093b27f13119%2F16874_yqJIqDsyUJg02WiJc_Dfyw.jpg"", ""f660x496"": ""https://bina.azstatic.com/uploads/f660x496/2026%2F07%2F27%2F17%2F17%2F01%2F3347fec6-2fdd-453d-8128-093b27f13119%2F16874_yqJIqDsyUJg02WiJc_Dfyw.jpg"", ""thumbnail"": ""https://bina.azstatic.com/uploads/thumbnail/2026%2F07%2F27%2F17%2F17%2F01%2F3347fec6-2fdd-453d-8128-093b27f13119%2F16874_yqJIqDsyUJg02WiJc_Dfyw.jpg"", ""__typename"": ""Photo""}, {""full"": ""https://bina.azstatic.com/uploads/full/2026%2F07%2F27%2F17%2F17%2F00%2Fc074b325-2d49-4e65-aa34-786b90294030%2F30726_L-RE1LoEl96RQ5QIT4WpCA.jpg"", ""f660x496"": ""https://bina.azstatic.com/uploads/f660x496/2026%2F07%2F27%2F17%2F17%2F00%2Fc074b325-2d49-4e65-aa34-786b90294030%2F30726_L-RE1LoEl96RQ5QIT4WpCA.jpg"", ""thumbnail"": ""https://bina.azstatic.com/uploads/thumbnail/2026%2F07%2F27%2F17%2F17%2F00%2Fc074b325-2d49-4e65-aa34-786b90294030%2F30726_L-RE1LoEl96RQ5QIT4WpCA.jpg"", ""__typename"": ""Photo""}, {""full"": ""https://bina.azstatic.com/uploads/full/2026%2F07%2F27%2F17%2F17%2F00%2Ff61f6775-d1e9-40aa-b281-af5b71c125a3%2F90218_dp-TmNj2vTrqtCFn4Osg_w.jpg"", ""f660x496"": ""https://bina.azstatic.com/uploads/f660x496/2026%2F07%2F27%2F17%2F17%2F00%2Ff61f6775-d1e9-40aa-b281-af5b71c125a3%2F90218_dp-TmNj2vTrqtCFn4Osg_w.jpg"", ""thumbnail"": ""https://bina.azstatic.com/uploads/thumbnail/2026%2F07%2F27%2F17%2F17%2F00%2Ff61f6775-d1e9-40aa-b281-af5b71c125a3%2F90218_dp-TmNj2vTrqtCFn4Osg_w.jpg"", ""__typename"": ""Photo""}], ""address"": ""Atatürk prospekti"", ""company"": {""id"": ""210271"", ""name"": ""Raqif"", ""__typename"": ""Company"", ""targetType"": ""AGENCY""}, ""business"": null, ""category"": {""id"": ""3"", ""name"": ""Köhnə tikili"", ""slug"": ""menziller/kohne-tikili"", ""title"": ""Mənzillər / Köhnə tikililər"", ""hasFloor"": true, ""__typename"": ""Category"", ""pluralName"": ""Köhnə tikililər"", ""hasLandArea"": false}, ""isLeased"": false, ""isVipped"": false, ""landArea"": null, ""location"": {""path"": ""/baki/genclik"", ""fullName"": ""Gənclik m."", ""__typename"": ""Location""}, ""metaTags"": [{""name"": ""title"", ""content"": ""2 otaqlı köhnə tikili — 33 m² — Gənclik m., Bakı, Azərbaycan (6325830)"", ""__typename"": ""MetaTag""}, {""name"": ""description"", ""content"": ""Gənclik metrosunun tam yaxınlığında yerləşən 5 mərtəbəli Xruşov layihəli binanın 5-ci mərtəbəsində, orta blokda yerləşən 1..."", ""__typename"": ""MetaTag""}], ""expiresAt"": null, ""hasRepair"": true, ""updatedAt"": ""2026-07-27T17:28:03+04:00"", ""__typename"": ""Item"", ""isFeatured"": false, ""breadcrumbs"": [{""name"": ""Daşınmaz əmlak"", ""path"": ""/items/all"", ""__typename"": ""Breadcrumb""}, {""name"": ""Bakı"", ""path"": ""/baki"", ""__typename"": ""Breadcrumb""}, {""name"": ""Alqı-satqı"", ""path"": ""/alqi-satqi"", ""__typename"": ""Breadcrumb""}, {""name"": ""2 otaqlı köhnə tikililər"", ""path"": ""/alqi-satqi/menziller/kohne-tikili/2-otaqli"", ""__typename"": ""Breadcrumb""}], ""contactName"": ""Raqif"", ""description"": ""Gənclik metrosunun tam yaxınlığında yerləşən 5 mərtəbəli Xruşov layihəli binanın 5-ci mərtəbəsində, orta blokda yerləşən 1 otaqdan 2 otağa uğurla düzəldilmiş mənzil satılır. Mənzil əşyalı satılır. Artırması var, mətbəx studiya görnüşündədir. Rahat yaşayış üçün əlverişli planlaşdırmaya malikdir və həm yaşayış, həm də investisiya məqsədi üçün ideal seçimdir.\r\nYalnız real alıcılarla qiymət siyasəti danışılacaq."", ""hasMortgage"": false, ""isPaidDaily"": null, ""hasBillOfSale"": true, ""contactTypeName"": ""vasitəçi (agent)"", ""hasInternalLoan"": false, ""buildingTypeName"": null, ""nearestLocations"": [{""id"": ""10"", ""path"": ""/baki/nerimanov"", ""fullName"": ""Nərimanov r."", ""__typename"": ""Location""}, {""id"": ""2"", ""path"": ""/baki/genclik"", ""fullName"": ""Gənclik m."", ""__typename"": ""Location""}, {""id"": ""191"", ""path"": ""/baki/respublika-stadionu"", ""fullName"": ""Respublika stadionu "", ""__typename"": ""Location""}], ""isExpiredManually"": false}"
6325853,https://bina.az/items/6325853,sale,menziller/kohne-tikili,255000.00,AZN,,110.00,4,8,9,,temirli,t,t,Bakı,,,,,,,"🏡 NEFTÇİLƏR METROSU YAXINLIĞINDA KUPÇALI 4 OTAQLI MƏNZİL SATILIR!

📍 Nizami rayonu, Elşən Süleymanov küçəsi

✅ Eksperimental layihəli daş bina
🏢 9 mərtəbəli binanın 8-ci mərtəbəsi
📐 110 m²
🛏️ Qanuni 4 otaq
📄 Kupça (Çıxarış) var – İpotekaya yararlıdır

✨ Yelçəkən mənzil, keyfiyyətli təmir, geniş və işıqlı otaqlar
🌳 Bakıxanov meşəsinə və Sahib Əz-Zaman məscidinə gözəl panorama
🔥 Qaz, 💧 su və ⚡ işıq daimidir, lift işləkdir.

📍 Nazlı Şadlıq Sarayı, Podium Mall, Məlhəm Hospital, 8-ci Km bazarı, məktəb və bağçalara yaxın əlverişli ərazidə yerləşir.

🚗 Geniş həyət, şlaqbaum sistemi və rahat parkinq mövcuddur.

💰 Real alıcı ilə qiymətdə razılaşmaq mümkündür.

📞 Ətraflı məlumat üçün əlaqə saxlayın.
📌 Ofis haqqı: 1% (alıcı tərəfindən ödənilir).",agent,Lacin xanim,29192,,2026-08-23 12:19:48.844723+00,2026-08-23 12:19:48.844723+00,,t,sitemap,"{""id"": ""6325853"", ""area"": {""units"": ""m²"", ""value"": 110, ""__typename"": ""Area""}, ""city"": {""id"": ""1"", ""name"": ""Bakı"", ""path"": ""/baki"", ""slug"": ""baki"", ""__typename"": ""City""}, ""path"": ""/items/6325853"", ""floor"": 8, ""price"": {""total"": 255000, ""perAre"": null, ""currency"": ""AZN"", ""__typename"": ""Price""}, ""rooms"": 4, ""state"": ""PUBLISHED"", ""views"": 507, ""floors"": 9, ""photos"": [{""full"": ""https://bina.azstatic.com/uploads/full/2026%2F07%2F27%2F17%2F29%2F30%2F5118e3f2-32ed-4031-9aae-f5c4b6e5e2fd%2F75556_tbvkAlUxkc54YcmCHT10gw.jpg"", ""f660x496"": ""https://bina.azstatic.com/uploads/f660x496/2026%2F07%2F27%2F17%2F29%2F30%2F5118e3f2-32ed-4031-9aae-f5c4b6e5e2fd%2F75556_tbvkAlUxkc54YcmCHT10gw.jpg"", ""thumbnail"": ""https://bina.azstatic.com/uploads/thumbnail/2026%2F07%2F27%2F17%2F29%2F30%2F5118e3f2-32ed-4031-9aae-f5c4b6e5e2fd%2F75556_tbvkAlUxkc54YcmCHT10gw.jpg"", ""__typename"": ""Photo""}, {""full"": ""https://bina.azstatic.com/uploads/full/2026%2F07%2F27%2F17%2F29%2F30%2Fef70e34a-14bd-4cce-9e7f-182ff47cfbbb%2F99261_RkwdutfWOUB56i_ABjbQoA.jpg"", ""f660x496"": ""https://bina.azstatic.com/uploads/f660x496/2026%2F07%2F27%2F17%2F29%2F30%2Fef70e34a-14bd-4cce-9e7f-182ff47cfbbb%2F99261_RkwdutfWOUB56i_ABjbQoA.jpg"", ""thumbnail"": ""https://bina.azstatic.com/uploads/thumbnail/2026%2F07%2F27%2F17%2F29%2F30%2Fef70e34a-14bd-4cce-9e7f-182ff47cfbbb%2F99261_RkwdutfWOUB56i_ABjbQoA.jpg"", ""__typename"": ""Photo""}, {""full"": ""https://bina.azstatic.com/uploads/full/2026%2F07%2F27%2F17%2F29%2F30%2F13a44bd9-3631-4670-ac72-1e9728df5c98%2F55746_6Sh_HmSDfyuPx603Kh8I0Q.jpg"", ""f660x496"": ""https://bina.azstatic.com/uploads/f660x496/2026%2F07%2F27%2F17%2F29%2F30%2F13a44bd9-3631-4670-ac72-1e9728df5c98%2F55746_6Sh_HmSDfyuPx603Kh8I0Q.jpg"", ""thumbnail"": ""https://bina.azstatic.com/uploads/thumbnail/2026%2F07%2F27%2F17%2F29%2F30%2F13a44bd9-3631-4670-ac72-1e9728df5c98%2F55746_6Sh_HmSDfyuPx603Kh8I0Q.jpg"", ""__typename"": ""Photo""}, {""full"": ""https://bina.azstatic.com/uploads/full/2026%2F07%2F27%2F17%2F29%2F30%2F6d2860c1-2d3a-4472-9118-b30b4422b6a9%2F55361_EiK6BUwdKfBi0Nouu-PSCQ.jpg"", ""f660x496"": ""https://bina.azstatic.com/uploads/f660x496/2026%2F07%2F27%2F17%2F29%2F30%2F6d2860c1-2d3a-4472-9118-b30b4422b6a9%2F55361_EiK6BUwdKfBi0Nouu-PSCQ.jpg"", ""thumbnail"": ""https://bina.azstatic.com/uploads/thumbnail/2026%2F07%2F27%2F17%2F29%2F30%2F6d2860c1-2d3a-4472-9118-b30b4422b6a9%2F55361_EiK6BUwdKfBi0Nouu-PSCQ.jpg"", ""__typename"": ""Photo""}, {""full"": ""https://bina.azstatic.com/uploads/full/2026%2F07%2F27%2F17%2F29%2F30%2F4f0b5e70-57db-4fb6-96d6-294540ec0a51%2F55338_9tJ3HzX_Ya-LwU8xMh72pw.jpg"", ""f660x496"": ""https://bina.azstatic.com/uploads/f660x496/2026%2F07%2F27%2F17%2F29%2F30%2F4f0b5e70-57db-4fb6-96d6-294540ec0a51%2F55338_9tJ3HzX_Ya-LwU8xMh72pw.jpg"", ""thumbnail"": ""https://bina.azstatic.com/uploads/thumbnail/2026%2F07%2F27%2F17%2F29%2F30%2F4f0b5e70-57db-4fb6-96d6-294540ec0a51%2F55338_9tJ3HzX_Ya-LwU8xMh72pw.jpg"", ""__typename"": ""Photo""}, {""full"": ""https://bina.azstatic.com/uploads/full/2026%2F07%2F27%2F17%2F29%2F30%2F06e15fee-a9b4-4211-b641-26947db66dd5%2F55360_GeQJC5ZhrVUYZBT9XuEhFQ.jpg"", ""f660x496"": ""https://bina.azstatic.com/uploads/f660x496/2026%2F07%2F27%2F17%2F29%2F30%2F06e15fee-a9b4-4211-b641-26947db66dd5%2F55360_GeQJC5ZhrVUYZBT9XuEhFQ.jpg"", ""thumbnail"": ""https://bina.azstatic.com/uploads/thumbnail/2026%2F07%2F27%2F17%2F29%2F30%2F06e15fee-a9b4-4211-b641-26947db66dd5%2F55360_GeQJC5ZhrVUYZBT9XuEhFQ.jpg"", ""__typename"": ""Photo""}, {""full"": ""https://bina.azstatic.com/uploads/full/2026%2F07%2F27%2F17%2F29%2F30%2Fcf9a20d3-852e-4e35-b589-59942ed8d871%2F55362_dDdKRes-qg-epXR9AvRj9Q.jpg"", ""f660x496"": ""https://bina.azstatic.com/uploads/f660x496/2026%2F07%2F27%2F17%2F29%2F30%2Fcf9a20d3-852e-4e35-b589-59942ed8d871%2F55362_dDdKRes-qg-epXR9AvRj9Q.jpg"", ""thumbnail"": ""https://bina.azstatic.com/uploads/thumbnail/2026%2F07%2F27%2F17%2F29%2F30%2Fcf9a20d3-852e-4e35-b589-59942ed8d871%2F55362_dDdKRes-qg-epXR9AvRj9Q.jpg"", ""__typename"": ""Photo""}, {""full"": ""https://bina.azstatic.com/uploads/full/2026%2F07%2F27%2F17%2F29%2F30%2Fd9871487-b7b4-4c13-9e4b-b075228196b8%2F30562_5BNXQ1A-oVwG9pRB_aI5DQ.jpg"", ""f660x496"": ""https://bina.azstatic.com/uploads/f660x496/2026%2F07%2F27%2F17%2F29%2F30%2Fd9871487-b7b4-4c13-9e4b-b075228196b8%2F30562_5BNXQ1A-oVwG9pRB_aI5DQ.jpg"", ""thumbnail"": ""https://bina.azstatic.com/uploads/thumbnail/2026%2F07%2F27%2F17%2F29%2F30%2Fd9871487-b7b4-4c13-9e4b-b075228196b8%2F30562_5BNXQ1A-oVwG9pRB_aI5DQ.jpg"", ""__typename"": ""Photo""}, {""full"": ""https://bina.azstatic.com/uploads/full/2026%2F07%2F27%2F17%2F29%2F30%2Fabb954a0-bc13-4d30-91c2-bfddd6e5795f%2F30655_D8FRMYZn0r3bq-wlSPD_vg.jpg"", ""f660x496"": ""https://bina.azstatic.com/uploads/f660x496/2026%2F07%2F27%2F17%2F29%2F30%2Fabb954a0-bc13-4d30-91c2-bfddd6e5795f%2F30655_D8FRMYZn0r3bq-wlSPD_vg.jpg"", ""thumbnail"": ""https://bina.azstatic.com/uploads/thumbnail/2026%2F07%2F27%2F17%2F29%2F30%2Fabb954a0-bc13-4d30-91c2-bfddd6e5795f%2F30655_D8FRMYZn0r3bq-wlSPD_vg.jpg"", ""__typename"": ""Photo""}, {""full"": ""https://bina.azstatic.com/uploads/full/2026%2F07%2F27%2F17%2F29%2F30%2Ffdcc477e-0e4b-4e8b-9af0-da557d366437%2F22804_VnZahfXRuWqxC_fAZr4jYA.jpg"", ""f660x496"": ""https://bina.azstatic.com/uploads/f660x496/2026%2F07%2F27%2F17%2F29%2F30%2Ffdcc477e-0e4b-4e8b-9af0-da557d366437%2F22804_VnZahfXRuWqxC_fAZr4jYA.jpg"", ""thumbnail"": ""https://bina.azstatic.com/uploads/thumbnail/2026%2F07%2F27%2F17%2F29%2F30%2Ffdcc477e-0e4b-4e8b-9af0-da557d366437%2F22804_VnZahfXRuWqxC_fAZr4jYA.jpg"", ""__typename"": ""Photo""}, {""full"": ""https://bina.azstatic.com/uploads/full/2026%2F07%2F27%2F17%2F29%2F30%2Ff8871209-bdd5-4d32-aa80-cfaeecefa012%2F16874_caokTG6kv9qUg-SoOLO5vg.jpg"", ""f660x496"": ""https://bina.azstatic.com/uploads/f660x496/2026%2F07%2F27%2F17%2F29%2F30%2Ff8871209-bdd5-4d32-aa80-cfaeecefa012%2F16874_caokTG6kv9qUg-SoOLO5vg.jpg"", ""thumbnail"": ""https://bina.azstatic.com/uploads/thumbnail/2026%2F07%2F27%2F17%2F29%2F30%2Ff8871209-bdd5-4d32-aa80-cfaeecefa012%2F16874_caokTG6kv9qUg-SoOLO5vg.jpg"", ""__typename"": ""Photo""}, {""full"": ""https://bina.azstatic.com/uploads/full/2026%2F07%2F27%2F17%2F29%2F30%2F12684c23-9395-47b5-9054-5ec2dddc4844%2F30672_2lUnB_PTjd94wS8fSD5JTA.jpg"", ""f660x496"": ""https://bina.azstatic.com/uploads/f660x496/2026%2F07%2F27%2F17%2F29%2F30%2F12684c23-9395-47b5-9054-5ec2dddc4844%2F30672_2lUnB_PTjd94wS8fSD5JTA.jpg"", ""thumbnail"": ""https://bina.azstatic.com/uploads/thumbnail/2026%2F07%2F27%2F17%2F29%2F30%2F12684c23-9395-47b5-9054-5ec2dddc4844%2F30672_2lUnB_PTjd94wS8fSD5JTA.jpg"", ""__typename"": ""Photo""}, {""full"": ""https://bina.azstatic.com/uploads/full/2026%2F07%2F27%2F17%2F29%2F30%2F7c1b9e82-bf4b-4473-b271-997f3b95842c%2F55445_ELvjkm-dyaTD-Op1HxL8qA.jpg"", ""f660x496"": ""https://bina.azstatic.com/uploads/f660x496/2026%2F07%2F27%2F17%2F29%2F30%2F7c1b9e82-bf4b-4473-b271-997f3b95842c%2F55445_ELvjkm-dyaTD-Op1HxL8qA.jpg"", ""thumbnail"": ""https://bina.azstatic.com/uploads/thumbnail/2026%2F07%2F27%2F17%2F29%2F30%2F7c1b9e82-bf4b-4473-b271-997f3b95842c%2F55445_ELvjkm-dyaTD-Op1HxL8qA.jpg"", ""__typename"": ""Photo""}, {""full"": ""https://bina.azstatic.com/uploads/full/2026%2F07%2F27%2F17%2F29%2F30%2F4cc4b489-f223-4ec8-a13d-2ee63ab1f6b9%2F83971_LRuyGMAYFwsyqQB1uQjcIw.jpg"", ""f660x496"": ""https://bina.azstatic.com/uploads/f660x496/2026%2F07%2F27%2F17%2F29%2F30%2F4cc4b489-f223-4ec8-a13d-2ee63ab1f6b9%2F83971_LRuyGMAYFwsyqQB1uQjcIw.jpg"", ""thumbnail"": ""https://bina.azstatic.com/uploads/thumbnail/2026%2F07%2F27%2F17%2F29%2F30%2F4cc4b489-f223-4ec8-a13d-2ee63ab1f6b9%2F83971_LRuyGMAYFwsyqQB1uQjcIw.jpg"", ""__typename"": ""Photo""}, {""full"": ""https://bina.azstatic.com/uploads/full/2026%2F07%2F27%2F17%2F29%2F30%2Ff57eacdf-5235-4ee4-a522-be2b4f1b9af0%2F52104_dCeIL1JNcJzty1Q7Spy73w.jpg"", ""f660x496"": ""https://bina.azstatic.com/uploads/f660x496/2026%2F07%2F27%2F17%2F29%2F30%2Ff57eacdf-5235-4ee4-a522-be2b4f1b9af0%2F52104_dCeIL1JNcJzty1Q7Spy73w.jpg"", ""thumbnail"": ""https://bina.azstatic.com/uploads/thumbnail/2026%2F07%2F27%2F17%2F29%2F30%2Ff57eacdf-5235-4ee4-a522-be2b4f1b9af0%2F52104_dCeIL1JNcJzty1Q7Spy73w.jpg"", ""__typename"": ""Photo""}, {""full"": ""https://bina.azstatic.com/uploads/full/2026%2F07%2F27%2F17%2F29%2F30%2Fa2ec7154-5b59-47a5-ade1-fb87e88c4000%2F71637_Tp3jg9rN5moLL4XMVyUxlA.jpg"", ""f660x496"": ""https://bina.azstatic.com/uploads/f660x496/2026%2F07%2F27%2F17%2F29%2F30%2Fa2ec7154-5b59-47a5-ade1-fb87e88c4000%2F71637_Tp3jg9rN5moLL4XMVyUxlA.jpg"", ""thumbnail"": ""https://bina.azstatic.com/uploads/thumbnail/2026%2F07%2F27%2F17%2F29%2F30%2Fa2ec7154-5b59-47a5-ade1-fb87e88c4000%2F71637_Tp3jg9rN5moLL4XMVyUxlA.jpg"", ""__typename"": ""Photo""}, {""full"": ""https://bina.azstatic.com/uploads/full/2026%2F07%2F27%2F17%2F29%2F30%2Fe8a82824-3efd-4af3-88c0-55a12b2e64d7%2F66767_7SwvWYPNDqUdmNPj2G574w.jpg"", ""f660x496"": ""https://bina.azstatic.com/uploads/f660x496/2026%2F07%2F27%2F17%2F29%2F30%2Fe8a82824-3efd-4af3-88c0-55a12b2e64d7%2F66767_7SwvWYPNDqUdmNPj2G574w.jpg"", ""thumbnail"": ""https://bina.azstatic.com/uploads/thumbnail/2026%2F07%2F27%2F17%2F29%2F30%2Fe8a82824-3efd-4af3-88c0-55a12b2e64d7%2F66767_7SwvWYPNDqUdmNPj2G574w.jpg"", ""__typename"": ""Photo""}], ""address"": ""Elşən Süleymanov küç."", ""company"": {""id"": ""29192"", ""name"": ""Lacin xanim"", ""__typename"": ""Company"", ""targetType"": ""AGENCY""}, ""business"": {""id"": ""627"", ""city"": {""name"": ""Bakı"", ""__typename"": ""City""}, ""name"": ""New House Elmlər"", ""path"": ""/agentlikler/new-house-elmler"", ""logoUrl"": ""https://bina.azstatic.com/uploads/o450x450/2023%2F06%2F02%2F16%2F17%2F46%2F9517e6b7-9bea-43bb-805d-da1a43262003%2Fnewhouselogo%C2%A0%E2%80%94%20%D0%BA%D0%BE%D0%BF%D0%B8%D1%8F%202.jpg"", ""latitude"": 40.37179241938511, ""schedule"": ""Hər gün: 10:00-19:00"", ""longitude"": 49.81633876875942, ""__typename"": ""Agency"", ""itemsCount"": 228, ""viewsCount"": 11457, ""contactAddress"": ""Yasamal r., Landau küç.""}, ""category"": {""id"": ""3"", ""name"": ""Köhnə tikili"", ""slug"": ""menziller/kohne-tikili"", ""title"": ""Mənzillər / Köhnə tikililər"", ""hasFloor"": true, ""__typename"": ""Category"", ""pluralName"": ""Köhnə tikililər"", ""hasLandArea"": false}, ""isLeased"": false, ""isVipped"": false, ""landArea"": null, ""location"": {""path"": ""/baki/neftciler"", ""fullName"": ""Neftçilər m."", ""__typename"": ""Location""}, ""metaTags"": [{""name"": ""title"", ""content"": ""4 otaqlı köhnə tikili — 110 m² — Neftçilər m., Bakı, Azərbaycan (6325853)"", ""__typename"": ""MetaTag""}, {""name"": ""description"", ""content"": ""🏡 NEFTÇİLƏR METROSU YAXINLIĞINDA KUPÇALI 4 OTAQLI MƏNZİL SATILIR!\r\n\r\n📍 Nizami rayonu, Elşən Süleymanov küçəsi\r\n\r\n✅..."", ""__typename"": ""MetaTag""}], ""expiresAt"": null, ""hasRepair"": true, ""updatedAt"": ""2026-07-27T17:31:43+04:00"", ""__typename"": ""Item"", ""isFeatured"": false, ""breadcrumbs"": [{""name"": ""Daşınmaz əmlak"", ""path"": ""/items/all"", ""__typename"": ""Breadcrumb""}, {""name"": ""Bakı"", ""path"": ""/baki"", ""__typename"": ""Breadcrumb""}, {""name"": ""Alqı-satqı"", ""path"": ""/alqi-satqi"", ""__typename"": ""Breadcrumb""}, {""name"": ""4 otaqlı köhnə tikililər"", ""path"": ""/alqi-satqi/menziller/kohne-tikili/4-otaqli"", ""__typename"": ""Breadcrumb""}], ""contactName"": ""Lacin xanim"", ""description"": ""🏡 NEFTÇİLƏR METROSU YAXINLIĞINDA KUPÇALI 4 OTAQLI MƏNZİL SATILIR!\r\n\r\n📍 Nizami rayonu, Elşən Süleymanov küçəsi\r\n\r\n✅ Eksperimental layihəli daş bina\r\n🏢 9 mərtəbəli binanın 8-ci mərtəbəsi\r\n📐 110 m²\r\n🛏️ Qanuni 4 otaq\r\n📄 Kupça (Çıxarış) var – İpotekaya yararlıdır\r\n\r\n✨ Yelçəkən mənzil, keyfiyyətli təmir, geniş və işıqlı otaqlar\r\n🌳 Bakıxanov meşəsinə və Sahib Əz-Zaman məscidinə gözəl panorama\r\n🔥 Qaz, 💧 su və ⚡ işıq daimidir, lift işləkdir.\r\n\r\n📍 Nazlı Şadlıq Sarayı, Podium Mall, Məlhəm Hospital, 8-ci Km bazarı, məktəb və bağçalara yaxın əlverişli ərazidə yerləşir.\r\n\r\n🚗 Geniş həyət, şlaqbaum sistemi və rahat parkinq mövcuddur.\r\n\r\n💰 Real alıcı ilə qiymətdə razılaşmaq mümkündür.\r\n\r\n📞 Ətraflı məlumat üçün əlaqə saxlayın.\r\n📌 Ofis haqqı: 1% (alıcı tərəfindən ödənilir)."", ""hasMortgage"": true, ""isPaidDaily"": null, ""hasBillOfSale"": true, ""contactTypeName"": ""vasitəçi (agent)"", ""hasInternalLoan"": false, ""buildingTypeName"": null, ""nearestLocations"": [{""id"": ""11"", ""path"": ""/baki/nizami"", ""fullName"": ""Nizami r."", ""__typename"": ""Location""}, {""id"": ""53"", ""path"": ""/baki/neftciler"", ""fullName"": ""Neftçilər m."", ""__typename"": ""Location""}], ""isExpiredManually"": false}"
6325833,https://bina.az/items/6325833,sale,menziller/yeni-tikili,204000.00,AZN,,73.00,3,16,18,,temirli,t,t,Bakı,,,,,,,"YASAMAL MALL-DA — SUPER TƏMİRLİ, ÖNÜ AÇIQ, İPOTEKAYA YARARLI 3 OTAQLI MƏNZİL SATILIR!

Yasamal rayonunun ən prestijli və əlverişli ərazilərindən birində, İnşaatçılar metrosuna piyada 6–7 dəqiqəlik məsafədə, Yasamal Mall-un yerləşdiyi yeni tikili binada 3 otaqlı mənzil satışa çıxarılıb.

Mənzil haqqında:
• Sahəsi: 73 kv.m
• Otaq sayı: 3 otaq
• Mərtəbə: 18 mərtəbəli binanın 16-cı mərtəbəsi
• Sənəd: Çıxarış (Kupça)
• İpotekaya tam yararlıdır
• Bina daxilində orta mənzildir, künc deyil
• Önü tam açıqdır, qarşısını kəsən heç bir tikili yoxdur
• Gözəl panoram mənzərəsi var
• Mənzil super təmirlidir
• Təmir zamanı yüksək keyfiyyətli və bahalı materiallardan istifadə olunub
• Sahədən maksimum səmərəli və funksional istifadə edilərək 2 otaqdan 3 otağa ideal şəkildə düzəldilib
• Qaz, su və işıq daimidir

Bina və infrastruktur:
Binanın altında Yasamal Mall yerləşir. Ətraf ərazidə böyük supermarketlər, məktəblər, uşaq bağçaları, apteklər və müxtəlif iaşə obyektləri mövcuddur.

Binada:
• 24/7 mühafizə xidməti
• Geniş və təhlükəsiz həyət
• Yeraltı qaraj
• Sürətli və fasiləsiz işləyən liftlər

Real alıcı ilə mənzilə yerində baxış keçirildikdən sonra qiymətdə müəyyən endirim mümkündür.",agent,Hafis,5555,,2026-08-23 12:19:48.844723+00,2026-08-23 12:19:48.844723+00,,t,sitemap,"{""id"": ""6325833"", ""area"": {""units"": ""m²"", ""value"": 73, ""__typename"": ""Area""}, ""city"": {""id"": ""1"", ""name"": ""Bakı"", ""path"": ""/baki"", ""slug"": ""baki"", ""__typename"": ""City""}, ""path"": ""/items/6325833"", ""floor"": 16, ""price"": {""total"": 204000, ""perAre"": null, ""currency"": ""AZN"", ""__typename"": ""Price""}, ""rooms"": 3, ""state"": ""PUBLISHED"", ""views"": 292, ""floors"": 18, ""photos"": [{""full"": ""https://bina.azstatic.com/uploads/full/2026%2F07%2F27%2F17%2F26%2F24%2F011fc162-42c7-49e5-9ca5-8f69c979d10d%2F70423_iYzzWsUKFcmaZW2FPDbnMg.jpg"", ""f660x496"": ""https://bina.azstatic.com/uploads/f660x496/2026%2F07%2F27%2F17%2F26%2F24%2F011fc162-42c7-49e5-9ca5-8f69c979d10d%2F70423_iYzzWsUKFcmaZW2FPDbnMg.jpg"", ""thumbnail"": ""https://bina.azstatic.com/uploads/thumbnail/2026%2F07%2F27%2F17%2F26%2F24%2F011fc162-42c7-49e5-9ca5-8f69c979d10d%2F70423_iYzzWsUKFcmaZW2FPDbnMg.jpg"", ""__typename"": ""Photo""}, {""full"": ""https://bina.azstatic.com/uploads/full/2026%2F07%2F27%2F17%2F26%2F26%2F3ad0513b-334e-44f0-8615-07680b9f4df0%2F6499_6hglbwbGE5PIs8WiAMrzUA.jpg"", ""f660x496"": ""https://bina.azstatic.com/uploads/f660x496/2026%2F07%2F27%2F17%2F26%2F26%2F3ad0513b-334e-44f0-8615-07680b9f4df0%2F6499_6hglbwbGE5PIs8WiAMrzUA.jpg"", ""thumbnail"": ""https://bina.azstatic.com/uploads/thumbnail/2026%2F07%2F27%2F17%2F26%2F26%2F3ad0513b-334e-44f0-8615-07680b9f4df0%2F6499_6hglbwbGE5PIs8WiAMrzUA.jpg"", ""__typename"": ""Photo""}, {""full"": ""https://bina.azstatic.com/uploads/full/2026%2F07%2F27%2F17%2F26%2F27%2F80a12303-76f3-4c01-aed7-8a0ffd7c2a78%2F75687_O0KkpvspFNhEvjV7t-nEww.jpg"", ""f660x496"": ""https://bina.azstatic.com/uploads/f660x496/2026%2F07%2F27%2F17%2F26%2F27%2F80a12303-76f3-4c01-aed7-8a0ffd7c2a78%2F75687_O0KkpvspFNhEvjV7t-nEww.jpg"", ""thumbnail"": ""https://bina.azstatic.com/uploads/thumbnail/2026%2F07%2F27%2F17%2F26%2F27%2F80a12303-76f3-4c01-aed7-8a0ffd7c2a78%2F75687_O0KkpvspFNhEvjV7t-nEww.jpg"", ""__typename"": ""Photo""}, {""full"": ""https://bina.azstatic.com/uploads/full/2026%2F07%2F27%2F17%2F26%2F24%2Fc1e0e9e8-7830-4269-ac04-9b8fb1a91eba%2F36333_KFwBLinbqH-reDWuI8movQ.jpg"", ""f660x496"": ""https://bina.azstatic.com/uploads/f660x496/2026%2F07%2F27%2F17%2F26%2F24%2Fc1e0e9e8-7830-4269-ac04-9b8fb1a91eba%2F36333_KFwBLinbqH-reDWuI8movQ.jpg"", ""thumbnail"": ""https://bina.azstatic.com/uploads/thumbnail/2026%2F07%2F27%2F17%2F26%2F24%2Fc1e0e9e8-7830-4269-ac04-9b8fb1a91eba%2F36333_KFwBLinbqH-reDWuI8movQ.jpg"", ""__typename"": ""Photo""}, {""full"": ""https://bina.azstatic.com/uploads/full/2026%2F07%2F27%2F17%2F26%2F28%2F8c7af5b6-afa7-445d-9c7a-e9d875ba8874%2F20305_p98u18KaiHaJJzNpyb30vA.jpg"", ""f660x496"": ""https://bina.azstatic.com/uploads/f660x496/2026%2F07%2F27%2F17%2F26%2F28%2F8c7af5b6-afa7-445d-9c7a-e9d875ba8874%2F20305_p98u18KaiHaJJzNpyb30vA.jpg"", ""thumbnail"": ""https://bina.azstatic.com/uploads/thumbnail/2026%2F07%2F27%2F17%2F26%2F28%2F8c7af5b6-afa7-445d-9c7a-e9d875ba8874%2F20305_p98u18KaiHaJJzNpyb30vA.jpg"", ""__typename"": ""Photo""}, {""full"": ""https://bina.azstatic.com/uploads/full/2026%2F07%2F27%2F17%2F26%2F24%2F4e949641-7038-4fcd-805a-a27efcded154%2F78349_QsdcZk36kJfeJw30z0ixHA.jpg"", ""f660x496"": ""https://bina.azstatic.com/uploads/f660x496/2026%2F07%2F27%2F17%2F26%2F24%2F4e949641-7038-4fcd-805a-a27efcded154%2F78349_QsdcZk36kJfeJw30z0ixHA.jpg"", ""thumbnail"": ""https://bina.azstatic.com/uploads/thumbnail/2026%2F07%2F27%2F17%2F26%2F24%2F4e949641-7038-4fcd-805a-a27efcded154%2F78349_QsdcZk36kJfeJw30z0ixHA.jpg"", ""__typename"": ""Photo""}, {""full"": ""https://bina.azstatic.com/uploads/full/2026%2F07%2F27%2F17%2F26%2F23%2Fd5f33dbe-a78c-4565-a1cc-ca398acdf5eb%2F20305_WwuXDRcwAc06dRrP0ph2Hg.jpg"", ""f660x496"": ""https://bina.azstatic.com/uploads/f660x496/2026%2F07%2F27%2F17%2F26%2F23%2Fd5f33dbe-a78c-4565-a1cc-ca398acdf5eb%2F20305_WwuXDRcwAc06dRrP0ph2Hg.jpg"", ""thumbnail"": ""https://bina.azstatic.com/uploads/thumbnail/2026%2F07%2F27%2F17%2F26%2F23%2Fd5f33dbe-a78c-4565-a1cc-ca398acdf5eb%2F20305_WwuXDRcwAc06dRrP0ph2Hg.jpg"", ""__typename"": ""Photo""}, {""full"": ""https://bina.azstatic.com/uploads/full/2026%2F07%2F27%2F17%2F26%2F23%2Fb636ebba-9f31-4a61-8171-818789a141ce%2F75685_oYPRZB4DX-FkBsA48tzqLQ.jpg"", ""f660x496"": ""https://bina.azstatic.com/uploads/f660x496/2026%2F07%2F27%2F17%2F26%2F23%2Fb636ebba-9f31-4a61-8171-818789a141ce%2F75685_oYPRZB4DX-FkBsA48tzqLQ.jpg"", ""thumbnail"": ""https://bina.azstatic.com/uploads/thumbnail/2026%2F07%2F27%2F17%2F26%2F23%2Fb636ebba-9f31-4a61-8171-818789a141ce%2F75685_oYPRZB4DX-FkBsA48tzqLQ.jpg"", ""__typename"": ""Photo""}, {""full"": ""https://bina.azstatic.com/uploads/full/2026%2F07%2F27%2F17%2F26%2F24%2Fb9c7935c-e4f6-4c0e-979c-863823e2eee0%2F80312_BHc1t2-XiN8MrM9sg0tF3g.jpg"", ""f660x496"": ""https://bina.azstatic.com/uploads/f660x496/2026%2F07%2F27%2F17%2F26%2F24%2Fb9c7935c-e4f6-4c0e-979c-863823e2eee0%2F80312_BHc1t2-XiN8MrM9sg0tF3g.jpg"", ""thumbnail"": ""https://bina.azstatic.com/uploads/thumbnail/2026%2F07%2F27%2F17%2F26%2F24%2Fb9c7935c-e4f6-4c0e-979c-863823e2eee0%2F80312_BHc1t2-XiN8MrM9sg0tF3g.jpg"", ""__typename"": ""Photo""}, {""full"": ""https://bina.azstatic.com/uploads/full/2026%2F07%2F27%2F17%2F26%2F23%2F928decf1-8ede-46cf-9a28-227893bf47e8%2F87401_n6CmrrL8khY4sN8W2sPcjA.jpg"", ""f660x496"": ""https://bina.azstatic.com/uploads/f660x496/2026%2F07%2F27%2F17%2F26%2F23%2F928decf1-8ede-46cf-9a28-227893bf47e8%2F87401_n6CmrrL8khY4sN8W2sPcjA.jpg"", ""thumbnail"": ""https://bina.azstatic.com/uploads/thumbnail/2026%2F07%2F27%2F17%2F26%2F23%2F928decf1-8ede-46cf-9a28-227893bf47e8%2F87401_n6CmrrL8khY4sN8W2sPcjA.jpg"", ""__typename"": ""Photo""}, {""full"": ""https://bina.azstatic.com/uploads/full/2026%2F07%2F27%2F17%2F26%2F22%2Fca18b21e-02c5-4133-b167-5eee8ba7e884%2F82379_tp_q6NCTLb3PPAdT6jM4Rg.jpg"", ""f660x496"": ""https://bina.azstatic.com/uploads/f660x496/2026%2F07%2F27%2F17%2F26%2F22%2Fca18b21e-02c5-4133-b167-5eee8ba7e884%2F82379_tp_q6NCTLb3PPAdT6jM4Rg.jpg"", ""thumbnail"": ""https://bina.azstatic.com/uploads/thumbnail/2026%2F07%2F27%2F17%2F26%2F22%2Fca18b21e-02c5-4133-b167-5eee8ba7e884%2F82379_tp_q6NCTLb3PPAdT6jM4Rg.jpg"", ""__typename"": ""Photo""}], ""address"": ""Əsəd Əhmədov  küç."", ""company"": {""id"": ""5555"", ""name"": ""Hafis"", ""__typename"": ""Company"", ""targetType"": ""AGENCY""}, ""business"": {""id"": ""23"", ""city"": {""name"": ""Bakı"", ""__typename"": ""City""}, ""name"": ""Real Əmlak Bakı"", ""path"": ""/agentlikler/real-emlak-baki"", ""logoUrl"": ""https://bina.azstatic.com/uploads/o450x450/2021%2F06%2F01%2F12%2F20%2F42%2F1dd7f685-43a9-4a79-afee-6425935ce664%2Fpp.jpg"", ""latitude"": 40.38264366149726, ""schedule"": ""Hər gün: 10:00 – 20:00"", ""longitude"": 49.87209320068359, ""__typename"": ""Agency"", ""itemsCount"": 857, ""viewsCount"": 64050, ""contactAddress"": ""Xətai r., Xocalı pr. ""}, ""category"": {""id"": ""2"", ""name"": ""Yeni tikili"", ""slug"": ""menziller/yeni-tikili"", ""title"": ""Mənzillər / Yeni tikililər"", ""hasFloor"": true, ""__typename"": ""Category"", ""pluralName"": ""Yeni tikililər"", ""hasLandArea"": false}, ""isLeased"": false, ""isVipped"": false, ""landArea"": null, ""location"": {""path"": ""/baki/insaatcilar"", ""fullName"": ""İnşaatçılar m."", ""__typename"": ""Location""}, ""metaTags"": [{""name"": ""title"", ""content"": ""3 otaqlı yeni tikili — 73 m² — İnşaatçılar m., Bakı, Azərbaycan (6325833)"", ""__typename"": ""MetaTag""}, {""name"": ""description"", ""content"": ""YASAMAL MALL-DA — SUPER TƏMİRLİ, ÖNÜ AÇIQ, İPOTEKAYA YARARLI 3 OTAQLI MƏNZİL SATILIR!\r\n\r\nYasamal rayonunun ən prestijli və..."", ""__typename"": ""MetaTag""}], ""expiresAt"": null, ""hasRepair"": true, ""updatedAt"": ""2026-07-27T17:28:32+04:00"", ""__typename"": ""Item"", ""isFeatured"": false, ""breadcrumbs"": [{""name"": ""Daşınmaz əmlak"", ""path"": ""/items/all"", ""__typename"": ""Breadcrumb""}, {""name"": ""Bakı"", ""path"": ""/baki"", ""__typename"": ""Breadcrumb""}, {""name"": ""Alqı-satqı"", ""path"": ""/alqi-satqi"", ""__typename"": ""Breadcrumb""}, {""name"": ""3 otaqlı yeni tikililər"", ""path"": ""/alqi-satqi/menziller/yeni-tikili/3-otaqli"", ""__typename"": ""Breadcrumb""}], ""contactName"": ""Hafis"", ""description"": ""YASAMAL MALL-DA — SUPER TƏMİRLİ, ÖNÜ AÇIQ, İPOTEKAYA YARARLI 3 OTAQLI MƏNZİL SATILIR!\r\n\r\nYasamal rayonunun ən prestijli və əlverişli ərazilərindən birində, İnşaatçılar metrosuna piyada 6–7 dəqiqəlik məsafədə, Yasamal Mall-un yerləşdiyi yeni tikili binada 3 otaqlı mənzil satışa çıxarılıb.\r\n\r\nMənzil haqqında:\r\n• Sahəsi: 73 kv.m\r\n• Otaq sayı: 3 otaq\r\n• Mərtəbə: 18 mərtəbəli binanın 16-cı mərtəbəsi\r\n• Sənəd: Çıxarış (Kupça)\r\n• İpotekaya tam yararlıdır\r\n• Bina daxilində orta mənzildir, künc deyil\r\n• Önü tam açıqdır, qarşısını kəsən heç bir tikili yoxdur\r\n• Gözəl panoram mənzərəsi var\r\n• Mənzil super təmirlidir\r\n• Təmir zamanı yüksək keyfiyyətli və bahalı materiallardan istifadə olunub\r\n• Sahədən maksimum səmərəli və funksional istifadə edilərək 2 otaqdan 3 otağa ideal şəkildə düzəldilib\r\n• Qaz, su və işıq daimidir\r\n\r\nBina və infrastruktur:\r\nBinanın altında Yasamal Mall yerləşir. Ətraf ərazidə böyük supermarketlər, məktəblər, uşaq bağçaları, apteklər və müxtəlif iaşə obyektləri mövcuddur.\r\n\r\nBinada:\r\n• 24/7 mühafizə xidməti\r\n• Geniş və təhlükəsiz həyət\r\n• Yeraltı qaraj\r\n• Sürətli və fasiləsiz işləyən liftlər\r\n\r\nReal alıcı ilə mənzilə yerində baxış keçirildikdən sonra qiymətdə müəyyən endirim mümkündür."", ""hasMortgage"": true, ""isPaidDaily"": null, ""hasBillOfSale"": true, ""contactTypeName"": ""vasitəçi (agent)"", ""hasInternalLoan"": false, ""buildingTypeName"": null, ""nearestLocations"": [{""id"": ""56"", ""path"": ""/baki/yasamal"", ""fullName"": ""Yasamal r."", ""__typename"": ""Location""}, {""id"": ""7"", ""path"": ""/baki/insaatcilar"", ""fullName"": ""İnşaatçılar m."", ""__typename"": ""Location""}, {""id"": ""102"", ""path"": ""/baki/yasamal/yeni-yasamal"", ""fullName"": ""Yeni Yasamal q."", ""__typename"": ""Location""}], ""isExpiredManually"": false}"
6325834,https://bina.az/items/6325834,sale,menziller/yeni-tikili,165000.00,AZN,,66.00,2,15,16,,temirli,t,f,Bakı,,,,,,,"Xalqlat Metrosunun Tam Çıxışında 2 otaqa düzəlmə MənzilinnSənədi Kupçadır  Tam Əşyalı Satılır Mənzilfə Kirayəçi Qalır
Ofis haqqı 1%",agent,Mustafa Kazımov,21443,,2026-08-23 12:19:48.844723+00,2026-08-23 12:19:48.844723+00,,t,sitemap,"{""id"": ""6325834"", ""area"": {""units"": ""m²"", ""value"": 66, ""__typename"": ""Area""}, ""city"": {""id"": ""1"", ""name"": ""Bakı"", ""path"": ""/baki"", ""slug"": ""baki"", ""__typename"": ""City""}, ""path"": ""/items/6325834"", ""floor"": 15, ""price"": {""total"": 165000, ""perAre"": null, ""currency"": ""AZN"", ""__typename"": ""Price""}, ""rooms"": 2, ""state"": ""PUBLISHED"", ""views"": 230, ""floors"": 16, ""photos"": [{""full"": ""https://bina.azstatic.com/uploads/full/2026%2F07%2F27%2F17%2F26%2F05%2F0e0131ca-c82a-412c-98e6-e4ea8b78da6a%2F88621_68kUelk0z3Lk3-v5TVDQsw.jpg"", ""f660x496"": ""https://bina.azstatic.com/uploads/f660x496/2026%2F07%2F27%2F17%2F26%2F05%2F0e0131ca-c82a-412c-98e6-e4ea8b78da6a%2F88621_68kUelk0z3Lk3-v5TVDQsw.jpg"", ""thumbnail"": ""https://bina.azstatic.com/uploads/thumbnail/2026%2F07%2F27%2F17%2F26%2F05%2F0e0131ca-c82a-412c-98e6-e4ea8b78da6a%2F88621_68kUelk0z3Lk3-v5TVDQsw.jpg"", ""__typename"": ""Photo""}, {""full"": ""https://bina.azstatic.com/uploads/full/2026%2F07%2F27%2F17%2F26%2F05%2F067a46e6-b9c9-40f3-b515-5cbf8cdfb8a0%2F86874_Wxntn90YWGlrirNB8KUcuQ.jpg"", ""f660x496"": ""https://bina.azstatic.com/uploads/f660x496/2026%2F07%2F27%2F17%2F26%2F05%2F067a46e6-b9c9-40f3-b515-5cbf8cdfb8a0%2F86874_Wxntn90YWGlrirNB8KUcuQ.jpg"", ""thumbnail"": ""https://bina.azstatic.com/uploads/thumbnail/2026%2F07%2F27%2F17%2F26%2F05%2F067a46e6-b9c9-40f3-b515-5cbf8cdfb8a0%2F86874_Wxntn90YWGlrirNB8KUcuQ.jpg"", ""__typename"": ""Photo""}, {""full"": ""https://bina.azstatic.com/uploads/full/2026%2F07%2F27%2F17%2F26%2F05%2F86cef0e1-a923-4dd1-b0a0-82002660ba17%2F53218_qbMCV6-gR4QH66s79pQ7Cg.jpg"", ""f660x496"": ""https://bina.azstatic.com/uploads/f660x496/2026%2F07%2F27%2F17%2F26%2F05%2F86cef0e1-a923-4dd1-b0a0-82002660ba17%2F53218_qbMCV6-gR4QH66s79pQ7Cg.jpg"", ""thumbnail"": ""https://bina.azstatic.com/uploads/thumbnail/2026%2F07%2F27%2F17%2F26%2F05%2F86cef0e1-a923-4dd1-b0a0-82002660ba17%2F53218_qbMCV6-gR4QH66s79pQ7Cg.jpg"", ""__typename"": ""Photo""}, {""full"": ""https://bina.azstatic.com/uploads/full/2026%2F07%2F27%2F17%2F26%2F05%2Fa5428f3d-9b20-4fa5-bb7c-a18cde1a0ac6%2F86456_ZdwOtJCy2CAExA68ehEbiA.jpg"", ""f660x496"": ""https://bina.azstatic.com/uploads/f660x496/2026%2F07%2F27%2F17%2F26%2F05%2Fa5428f3d-9b20-4fa5-bb7c-a18cde1a0ac6%2F86456_ZdwOtJCy2CAExA68ehEbiA.jpg"", ""thumbnail"": ""https://bina.azstatic.com/uploads/thumbnail/2026%2F07%2F27%2F17%2F26%2F05%2Fa5428f3d-9b20-4fa5-bb7c-a18cde1a0ac6%2F86456_ZdwOtJCy2CAExA68ehEbiA.jpg"", ""__typename"": ""Photo""}, {""full"": ""https://bina.azstatic.com/uploads/full/2026%2F07%2F27%2F17%2F26%2F05%2F2f2a13d9-fb0a-4c22-a58b-dd9b5baf7cbf%2F53196_kGPKDxVltGc63_mI_AlxIQ.jpg"", ""f660x496"": ""https://bina.azstatic.com/uploads/f660x496/2026%2F07%2F27%2F17%2F26%2F05%2F2f2a13d9-fb0a-4c22-a58b-dd9b5baf7cbf%2F53196_kGPKDxVltGc63_mI_AlxIQ.jpg"", ""thumbnail"": ""https://bina.azstatic.com/uploads/thumbnail/2026%2F07%2F27%2F17%2F26%2F05%2F2f2a13d9-fb0a-4c22-a58b-dd9b5baf7cbf%2F53196_kGPKDxVltGc63_mI_AlxIQ.jpg"", ""__typename"": ""Photo""}, {""full"": ""https://bina.azstatic.com/uploads/full/2026%2F07%2F27%2F17%2F26%2F04%2F378d934b-7ec5-4dd9-8265-7014da91a412%2F77012_Aqxfhi8X16aDHX5XmNw-kg.jpg"", ""f660x496"": ""https://bina.azstatic.com/uploads/f660x496/2026%2F07%2F27%2F17%2F26%2F04%2F378d934b-7ec5-4dd9-8265-7014da91a412%2F77012_Aqxfhi8X16aDHX5XmNw-kg.jpg"", ""thumbnail"": ""https://bina.azstatic.com/uploads/thumbnail/2026%2F07%2F27%2F17%2F26%2F04%2F378d934b-7ec5-4dd9-8265-7014da91a412%2F77012_Aqxfhi8X16aDHX5XmNw-kg.jpg"", ""__typename"": ""Photo""}, {""full"": ""https://bina.azstatic.com/uploads/full/2026%2F07%2F27%2F17%2F26%2F04%2Fe8ec2378-f7a5-4158-956b-033ae47462d5%2F53188_aCfnlCqbyDdDFN5B77pnrA.jpg"", ""f660x496"": ""https://bina.azstatic.com/uploads/f660x496/2026%2F07%2F27%2F17%2F26%2F04%2Fe8ec2378-f7a5-4158-956b-033ae47462d5%2F53188_aCfnlCqbyDdDFN5B77pnrA.jpg"", ""thumbnail"": ""https://bina.azstatic.com/uploads/thumbnail/2026%2F07%2F27%2F17%2F26%2F04%2Fe8ec2378-f7a5-4158-956b-033ae47462d5%2F53188_aCfnlCqbyDdDFN5B77pnrA.jpg"", ""__typename"": ""Photo""}], ""address"": ""Qara Qarayev prospekti"", ""company"": {""id"": ""21443"", ""name"": ""Mustafa Kazımov"", ""__typename"": ""Company"", ""targetType"": ""AGENCY""}, ""business"": {""id"": ""367"", ""city"": {""name"": ""Bakı"", ""__typename"": ""City""}, ""name"": ""City House"", ""path"": ""/agentlikler/city-house"", ""logoUrl"": ""https://bina.azstatic.com/uploads/o450x450/2021%2F10%2F20%2F15%2F17%2F24%2Fa2602510-315e-4db4-9714-6875e812f224%2Fcityhouse.jpg"", ""latitude"": 40.41699219735978, ""schedule"": ""Hər gün: 10:00-19:00"", ""longitude"": 49.93324756622318, ""__typename"": ""Agency"", ""itemsCount"": 475, ""viewsCount"": 14455, ""contactAddress"": ""Nizami r., Əlif Hacıyev küç. 23a""}, ""category"": {""id"": ""2"", ""name"": ""Yeni tikili"", ""slug"": ""menziller/yeni-tikili"", ""title"": ""Mənzillər / Yeni tikililər"", ""hasFloor"": true, ""__typename"": ""Category"", ""pluralName"": ""Yeni tikililər"", ""hasLandArea"": false}, ""isLeased"": false, ""isVipped"": false, ""landArea"": null, ""location"": {""path"": ""/baki/xalqlar-dostlugu"", ""fullName"": ""Xalqlar Dostluğu m."", ""__typename"": ""Location""}, ""metaTags"": [{""name"": ""title"", ""content"": ""2 otaqlı yeni tikili — 66 m² — Xalqlar Dostluğu m., Bakı, Azərbaycan (6325834)"", ""__typename"": ""MetaTag""}, {""name"": ""description"", ""content"": ""Xalqlat Metrosunun Tam Çıxışında 2 otaqa düzəlmə MənzilinnSənədi Kupçadır  Tam Əşyalı Satılır Mənzilfə Kirayəçi..."", ""__typename"": ""MetaTag""}], ""expiresAt"": null, ""hasRepair"": true, ""updatedAt"": ""2026-07-27T17:28:53+04:00"", ""__typename"": ""Item"", ""isFeatured"": false, ""breadcrumbs"": [{""name"": ""Daşınmaz əmlak"", ""path"": ""/items/all"", ""__typename"": ""Breadcrumb""}, {""name"": ""Bakı"", ""path"": ""/baki"", ""__typename"": ""Breadcrumb""}, {""name"": ""Alqı-satqı"", ""path"": ""/alqi-satqi"", ""__typename"": ""Breadcrumb""}, {""name"": ""2 otaqlı yeni tikililər"", ""path"": ""/alqi-satqi/menziller/yeni-tikili/2-otaqli"", ""__typename"": ""Breadcrumb""}], ""contactName"": ""Mustafa Kazımov"", ""description"": ""Xalqlat Metrosunun Tam Çıxışında 2 otaqa düzəlmə MənzilinnSənədi Kupçadır  Tam Əşyalı Satılır Mənzilfə Kirayəçi Qalır\r\nOfis haqqı 1%"", ""hasMortgage"": false, ""isPaidDaily"": null, ""hasBillOfSale"": true, ""contactTypeName"": ""vasitəçi (agent)"", ""hasInternalLoan"": false, ""buildingTypeName"": null, ""nearestLocations"": [{""id"": ""11"", ""path"": ""/baki/nizami"", ""fullName"": ""Nizami r."", ""__typename"": ""Location""}, {""id"": ""54"", ""path"": ""/baki/xalqlar-dostlugu"", ""fullName"": ""Xalqlar Dostluğu m."", ""__typename"": ""Location""}, {""id"": ""378"", ""path"": ""/baki/lacin-ticaret-merkezi"", ""fullName"": ""Laçın Ticarət Mərkəzi "", ""__typename"": ""Location""}], ""isExpiredManually"": false}"
6325836,https://bina.az/items/6325836,sale,menziller/yeni-tikili,751500.00,AZN,,167.00,4,6,7,,temirsiz,t,f,Bakı,,,,,,,"Ag Sheherde Merkezi Bulvar kucesinde 7 mertebeli yasayis kompleksinin 6-ci mertebesinde umumi sahesi 167 kvm olan 4 otaqli temirsiz(podmayak) menzil satilir.Yelceken menzildir.Sened cixarisdir.Qiymet sondur!!!
Shirketin xidmet haqqi 1% teskil edir.",agent,Aynur xanim,146154,,2026-08-23 12:19:48.844723+00,2026-08-23 12:19:48.844723+00,,t,sitemap,"{""id"": ""6325836"", ""area"": {""units"": ""m²"", ""value"": 167, ""__typename"": ""Area""}, ""city"": {""id"": ""1"", ""name"": ""Bakı"", ""path"": ""/baki"", ""slug"": ""baki"", ""__typename"": ""City""}, ""path"": ""/items/6325836"", ""floor"": 6, ""price"": {""total"": 751500, ""perAre"": null, ""currency"": ""AZN"", ""__typename"": ""Price""}, ""rooms"": 4, ""state"": ""PUBLISHED"", ""views"": 235, ""floors"": 7, ""photos"": [{""full"": ""https://bina.azstatic.com/uploads/full/2026%2F07%2F27%2F17%2F19%2F21%2Ffb89cb42-50c1-453c-92c6-c00f8bdde05b%2F75687_FW75uWWx916zsc6OZkPBOQ.jpg"", ""f660x496"": ""https://bina.azstatic.com/uploads/f660x496/2026%2F07%2F27%2F17%2F19%2F21%2Ffb89cb42-50c1-453c-92c6-c00f8bdde05b%2F75687_FW75uWWx916zsc6OZkPBOQ.jpg"", ""thumbnail"": ""https://bina.azstatic.com/uploads/thumbnail/2026%2F07%2F27%2F17%2F19%2F21%2Ffb89cb42-50c1-453c-92c6-c00f8bdde05b%2F75687_FW75uWWx916zsc6OZkPBOQ.jpg"", ""__typename"": ""Photo""}, {""full"": ""https://bina.azstatic.com/uploads/full/2026%2F07%2F27%2F17%2F18%2F12%2F66ef61dd-f20e-4f0a-b49e-2b8ed64dd457%2F73246_6s-HFfk8Aif4Jh8SNkYMyQ.jpg"", ""f660x496"": ""https://bina.azstatic.com/uploads/f660x496/2026%2F07%2F27%2F17%2F18%2F12%2F66ef61dd-f20e-4f0a-b49e-2b8ed64dd457%2F73246_6s-HFfk8Aif4Jh8SNkYMyQ.jpg"", ""thumbnail"": ""https://bina.azstatic.com/uploads/thumbnail/2026%2F07%2F27%2F17%2F18%2F12%2F66ef61dd-f20e-4f0a-b49e-2b8ed64dd457%2F73246_6s-HFfk8Aif4Jh8SNkYMyQ.jpg"", ""__typename"": ""Photo""}, {""full"": ""https://bina.azstatic.com/uploads/full/2026%2F07%2F27%2F17%2F18%2F12%2Ff91d6b3e-8890-40a2-acee-e975358d1cc6%2F93362_1azRzSpM6VJwok-0gLV67Q.jpg"", ""f660x496"": ""https://bina.azstatic.com/uploads/f660x496/2026%2F07%2F27%2F17%2F18%2F12%2Ff91d6b3e-8890-40a2-acee-e975358d1cc6%2F93362_1azRzSpM6VJwok-0gLV67Q.jpg"", ""thumbnail"": ""https://bina.azstatic.com/uploads/thumbnail/2026%2F07%2F27%2F17%2F18%2F12%2Ff91d6b3e-8890-40a2-acee-e975358d1cc6%2F93362_1azRzSpM6VJwok-0gLV67Q.jpg"", ""__typename"": ""Photo""}, {""full"": ""https://bina.azstatic.com/uploads/full/2026%2F07%2F27%2F17%2F18%2F12%2F15bb3348-e57d-4f85-a5b6-5d606822de35%2F82379_0C5--VZWaxGOkAEng6YEfg.jpg"", ""f660x496"": ""https://bina.azstatic.com/uploads/f660x496/2026%2F07%2F27%2F17%2F18%2F12%2F15bb3348-e57d-4f85-a5b6-5d606822de35%2F82379_0C5--VZWaxGOkAEng6YEfg.jpg"", ""thumbnail"": ""https://bina.azstatic.com/uploads/thumbnail/2026%2F07%2F27%2F17%2F18%2F12%2F15bb3348-e57d-4f85-a5b6-5d606822de35%2F82379_0C5--VZWaxGOkAEng6YEfg.jpg"", ""__typename"": ""Photo""}, {""full"": ""https://bina.azstatic.com/uploads/full/2026%2F07%2F27%2F17%2F18%2F12%2F399d37e7-543d-40a6-8d37-d5e7712980b0%2F448_JSDORb-L3qbIWLF-jbqTGA.jpg"", ""f660x496"": ""https://bina.azstatic.com/uploads/f660x496/2026%2F07%2F27%2F17%2F18%2F12%2F399d37e7-543d-40a6-8d37-d5e7712980b0%2F448_JSDORb-L3qbIWLF-jbqTGA.jpg"", ""thumbnail"": ""https://bina.azstatic.com/uploads/thumbnail/2026%2F07%2F27%2F17%2F18%2F12%2F399d37e7-543d-40a6-8d37-d5e7712980b0%2F448_JSDORb-L3qbIWLF-jbqTGA.jpg"", ""__typename"": ""Photo""}, {""full"": ""https://bina.azstatic.com/uploads/full/2026%2F07%2F27%2F17%2F18%2F12%2F81bfe8e1-c38e-4094-bafd-f53d9acc47e3%2F36333_LgyPYqipWb-Hw8w0caz1KA.jpg"", ""f660x496"": ""https://bina.azstatic.com/uploads/f660x496/2026%2F07%2F27%2F17%2F18%2F12%2F81bfe8e1-c38e-4094-bafd-f53d9acc47e3%2F36333_LgyPYqipWb-Hw8w0caz1KA.jpg"", ""thumbnail"": ""https://bina.azstatic.com/uploads/thumbnail/2026%2F07%2F27%2F17%2F18%2F12%2F81bfe8e1-c38e-4094-bafd-f53d9acc47e3%2F36333_LgyPYqipWb-Hw8w0caz1KA.jpg"", ""__typename"": ""Photo""}, {""full"": ""https://bina.azstatic.com/uploads/full/2026%2F07%2F27%2F17%2F18%2F12%2F0c876236-0792-4fa8-9d9e-d3c17ae3f2fe%2F76231_GzDWx06jeAXkbPViRmyV1g.jpg"", ""f660x496"": ""https://bina.azstatic.com/uploads/f660x496/2026%2F07%2F27%2F17%2F18%2F12%2F0c876236-0792-4fa8-9d9e-d3c17ae3f2fe%2F76231_GzDWx06jeAXkbPViRmyV1g.jpg"", ""thumbnail"": ""https://bina.azstatic.com/uploads/thumbnail/2026%2F07%2F27%2F17%2F18%2F12%2F0c876236-0792-4fa8-9d9e-d3c17ae3f2fe%2F76231_GzDWx06jeAXkbPViRmyV1g.jpg"", ""__typename"": ""Photo""}, {""full"": ""https://bina.azstatic.com/uploads/full/2026%2F07%2F27%2F17%2F18%2F12%2F1fbc55d9-80b1-4a08-9fc7-512e4cf242a1%2F79932_XEiEhST7Vf2RPKvpEa6McA.jpg"", ""f660x496"": ""https://bina.azstatic.com/uploads/f660x496/2026%2F07%2F27%2F17%2F18%2F12%2F1fbc55d9-80b1-4a08-9fc7-512e4cf242a1%2F79932_XEiEhST7Vf2RPKvpEa6McA.jpg"", ""thumbnail"": ""https://bina.azstatic.com/uploads/thumbnail/2026%2F07%2F27%2F17%2F18%2F12%2F1fbc55d9-80b1-4a08-9fc7-512e4cf242a1%2F79932_XEiEhST7Vf2RPKvpEa6McA.jpg"", ""__typename"": ""Photo""}, {""full"": ""https://bina.azstatic.com/uploads/full/2026%2F07%2F27%2F17%2F18%2F12%2F6d14a789-5a8d-4a4b-a755-74ead2b12c68%2F70423_ByQgl1RSe3QSBi9-KaDLNQ.jpg"", ""f660x496"": ""https://bina.azstatic.com/uploads/f660x496/2026%2F07%2F27%2F17%2F18%2F12%2F6d14a789-5a8d-4a4b-a755-74ead2b12c68%2F70423_ByQgl1RSe3QSBi9-KaDLNQ.jpg"", ""thumbnail"": ""https://bina.azstatic.com/uploads/thumbnail/2026%2F07%2F27%2F17%2F18%2F12%2F6d14a789-5a8d-4a4b-a755-74ead2b12c68%2F70423_ByQgl1RSe3QSBi9-KaDLNQ.jpg"", ""__typename"": ""Photo""}, {""full"": ""https://bina.azstatic.com/uploads/full/2026%2F07%2F27%2F17%2F18%2F12%2Fe6054fe4-37fd-49ec-ac71-1df8980f46fa%2F11732_ZJILLV41qChu9qv3CG-jYw.jpg"", ""f660x496"": ""https://bina.azstatic.com/uploads/f660x496/2026%2F07%2F27%2F17%2F18%2F12%2Fe6054fe4-37fd-49ec-ac71-1df8980f46fa%2F11732_ZJILLV41qChu9qv3CG-jYw.jpg"", ""thumbnail"": ""https://bina.azstatic.com/uploads/thumbnail/2026%2F07%2F27%2F17%2F18%2F12%2Fe6054fe4-37fd-49ec-ac71-1df8980f46fa%2F11732_ZJILLV41qChu9qv3CG-jYw.jpg"", ""__typename"": ""Photo""}, {""full"": ""https://bina.azstatic.com/uploads/full/2026%2F07%2F27%2F17%2F18%2F12%2F1dd7598a-10bd-45e6-997b-e6b07a723fd8%2F80542_Shwv1bAvdTpvLY1lMNrVMA.jpg"", ""f660x496"": ""https://bina.azstatic.com/uploads/f660x496/2026%2F07%2F27%2F17%2F18%2F12%2F1dd7598a-10bd-45e6-997b-e6b07a723fd8%2F80542_Shwv1bAvdTpvLY1lMNrVMA.jpg"", ""thumbnail"": ""https://bina.azstatic.com/uploads/thumbnail/2026%2F07%2F27%2F17%2F18%2F12%2F1dd7598a-10bd-45e6-997b-e6b07a723fd8%2F80542_Shwv1bAvdTpvLY1lMNrVMA.jpg"", ""__typename"": ""Photo""}, {""full"": ""https://bina.azstatic.com/uploads/full/2026%2F07%2F27%2F17%2F18%2F12%2Fd1eba3ed-6fe2-45e3-80fc-3b592250a1c1%2F76783_dT-hM4Zt7XdF-vJt2U2BrQ.jpg"", ""f660x496"": ""https://bina.azstatic.com/uploads/f660x496/2026%2F07%2F27%2F17%2F18%2F12%2Fd1eba3ed-6fe2-45e3-80fc-3b592250a1c1%2F76783_dT-hM4Zt7XdF-vJt2U2BrQ.jpg"", ""thumbnail"": ""https://bina.azstatic.com/uploads/thumbnail/2026%2F07%2F27%2F17%2F18%2F12%2Fd1eba3ed-6fe2-45e3-80fc-3b592250a1c1%2F76783_dT-hM4Zt7XdF-vJt2U2BrQ.jpg"", ""__typename"": ""Photo""}, {""full"": ""https://bina.azstatic.com/uploads/full/2026%2F07%2F27%2F17%2F18%2F12%2Fdbc4f316-b476-409f-a8d0-e83b176ee0e1%2F73844_9Ux65ibvrY4bS2bFBkuh3g.jpg"", ""f660x496"": ""https://bina.azstatic.com/uploads/f660x496/2026%2F07%2F27%2F17%2F18%2F12%2Fdbc4f316-b476-409f-a8d0-e83b176ee0e1%2F73844_9Ux65ibvrY4bS2bFBkuh3g.jpg"", ""thumbnail"": ""https://bina.azstatic.com/uploads/thumbnail/2026%2F07%2F27%2F17%2F18%2F12%2Fdbc4f316-b476-409f-a8d0-e83b176ee0e1%2F73844_9Ux65ibvrY4bS2bFBkuh3g.jpg"", ""__typename"": ""Photo""}, {""full"": ""https://bina.azstatic.com/uploads/full/2026%2F07%2F27%2F17%2F18%2F12%2F5fcaa6d9-bc99-43eb-9648-7d120e9c2a7f%2F87015_ilFVc1CokFU-xMBqZzIZFg.jpg"", ""f660x496"": ""https://bina.azstatic.com/uploads/f660x496/2026%2F07%2F27%2F17%2F18%2F12%2F5fcaa6d9-bc99-43eb-9648-7d120e9c2a7f%2F87015_ilFVc1CokFU-xMBqZzIZFg.jpg"", ""thumbnail"": ""https://bina.azstatic.com/uploads/thumbnail/2026%2F07%2F27%2F17%2F18%2F12%2F5fcaa6d9-bc99-43eb-9648-7d120e9c2a7f%2F87015_ilFVc1CokFU-xMBqZzIZFg.jpg"", ""__typename"": ""Photo""}, {""full"": ""https://bina.azstatic.com/uploads/full/2026%2F07%2F27%2F17%2F18%2F12%2F10cf3849-29e5-4c2f-8488-0e0ff7e16699%2F82783_tDjtyWxzvAJLOQpsl5MiQA.jpg"", ""f660x496"": ""https://bina.azstatic.com/uploads/f660x496/2026%2F07%2F27%2F17%2F18%2F12%2F10cf3849-29e5-4c2f-8488-0e0ff7e16699%2F82783_tDjtyWxzvAJLOQpsl5MiQA.jpg"", ""thumbnail"": ""https://bina.azstatic.com/uploads/thumbnail/2026%2F07%2F27%2F17%2F18%2F12%2F10cf3849-29e5-4c2f-8488-0e0ff7e16699%2F82783_tDjtyWxzvAJLOQpsl5MiQA.jpg"", ""__typename"": ""Photo""}, {""full"": ""https://bina.azstatic.com/uploads/full/2026%2F07%2F27%2F17%2F18%2F12%2Fbbdaf0dc-6301-4584-836e-c34656da0d85%2F74202_RYjQIzroemgoVEkRnbwNag.jpg"", ""f660x496"": ""https://bina.azstatic.com/uploads/f660x496/2026%2F07%2F27%2F17%2F18%2F12%2Fbbdaf0dc-6301-4584-836e-c34656da0d85%2F74202_RYjQIzroemgoVEkRnbwNag.jpg"", ""thumbnail"": ""https://bina.azstatic.com/uploads/thumbnail/2026%2F07%2F27%2F17%2F18%2F12%2Fbbdaf0dc-6301-4584-836e-c34656da0d85%2F74202_RYjQIzroemgoVEkRnbwNag.jpg"", ""__typename"": ""Photo""}], ""address"": ""Merkəzi Bulvar küçəsi"", ""company"": {""id"": ""146154"", ""name"": ""Aynur xanim"", ""__typename"": ""Company"", ""targetType"": ""AGENCY""}, ""business"": {""id"": ""598"", ""city"": {""name"": ""Bakı"", ""__typename"": ""City""}, ""name"": ""Bakı Əmlak "", ""path"": ""/agentlikler/baki-emlak"", ""logoUrl"": ""https://bina.azstatic.com/uploads/o450x450/2024%2F08%2F09%2F09%2F25%2F29%2Ff7fb7994-a071-4186-ab1b-3d7f86effa95%2F11375_qXr7-N1ppBcS2a5TEaxWRQ.jpg"", ""latitude"": 40.37926015089273, ""schedule"": ""Hər gün: 10:00-20:00"", ""longitude"": 49.87554788589478, ""__typename"": ""Agency"", ""itemsCount"": 873, ""viewsCount"": 15404, ""contactAddress"": ""Xətai r., Ağ Şəhər, Mərkəzi Bulvar küç. 2""}, ""category"": {""id"": ""2"", ""name"": ""Yeni tikili"", ""slug"": ""menziller/yeni-tikili"", ""title"": ""Mənzillər / Yeni tikililər"", ""hasFloor"": true, ""__typename"": ""Category"", ""pluralName"": ""Yeni tikililər"", ""hasLandArea"": false}, ""isLeased"": false, ""isVipped"": false, ""landArea"": null, ""location"": {""path"": ""/baki/xetai/ag-sheher"", ""fullName"": ""Ağ şəhər q."", ""__typename"": ""Location""}, ""metaTags"": [{""name"": ""title"", ""content"": ""4 otaqlı yeni tikili — 167 m² — Ağ şəhər q., Bakı, Azərbaycan (6325836)"", ""__typename"": ""MetaTag""}, {""name"": ""description"", ""content"": ""Ag Sheherde Merkezi Bulvar kucesinde 7 mertebeli yasayis kompleksinin 6-ci mertebesinde umumi sahesi 167 kvm olan 4 otaqli..."", ""__typename"": ""MetaTag""}], ""expiresAt"": null, ""hasRepair"": false, ""updatedAt"": ""2026-07-27T17:29:16+04:00"", ""__typename"": ""Item"", ""isFeatured"": false, ""breadcrumbs"": [{""name"": ""Daşınmaz əmlak"", ""path"": ""/items/all"", ""__typename"": ""Breadcrumb""}, {""name"": ""Bakı"", ""path"": ""/baki"", ""__typename"": ""Breadcrumb""}, {""name"": ""Alqı-satqı"", ""path"": ""/alqi-satqi"", ""__typename"": ""Breadcrumb""}, {""name"": ""4 otaqlı yeni tikililər"", ""path"": ""/alqi-satqi/menziller/yeni-tikili/4-otaqli"", ""__typename"": ""Breadcrumb""}], ""contactName"": ""Aynur xanım"", ""description"": ""Ag Sheherde Merkezi Bulvar kucesinde 7 mertebeli yasayis kompleksinin 6-ci mertebesinde umumi sahesi 167 kvm olan 4 otaqli temirsiz(podmayak) menzil satilir.Yelceken menzildir.Sened cixarisdir.Qiymet sondur!!!\r\nShirketin xidmet haqqi 1% teskil edir."", ""hasMortgage"": false, ""isPaidDaily"": null, ""hasBillOfSale"": true, ""contactTypeName"": ""vasitəçi (agent)"", ""hasInternalLoan"": false, ""buildingTypeName"": null, ""nearestLocations"": [{""id"": ""16"", ""path"": ""/baki/xetai"", ""fullName"": ""Xətai r."", ""__typename"": ""Location""}, {""id"": ""314"", ""path"": ""/baki/xetai/ag-sheher"", ""fullName"": ""Ağ şəhər q."", ""__typename"": ""Location""}, {""id"": ""246"", ""path"": ""/baki/ag-seher"", ""fullName"": ""Ağ şəhər "", ""__typename"": ""Location""}], ""isExpiredManually"": false}"
6325838,https://bina.az/items/6325838,sale,menziller/yeni-tikili,115500.00,AZN,,83.00,3,15,17,,temirli,t,f,Xırdalan,,,Xırdalan,,,,"XIRDALAN TAM MƏRKƏZİNDƏ, GRANTMARTNAN ÜZ ÜZƏ İRŞADIN ÜSDÜ. YENİ TƏMİRLİ 3 OTAQLI MƏNZİL ÇIXARDIQ SATIŞA.. SƏNƏD MÜQAVİLƏ, KUPCANI ALAN ADAMIN ADINA ALMAQ MÜMKÜNDÜR.. BİNADA KUPCA VAR..ƏLAVƏ MƏLUMAT ÜÇÜN ƏLAQƏ SAXLAYA BİLƏRSİZ",agent,Kənan,250097,,2026-08-23 12:19:48.844723+00,2026-08-23 12:19:48.844723+00,,t,sitemap,"{""id"": ""6325838"", ""area"": {""units"": ""m²"", ""value"": 83, ""__typename"": ""Area""}, ""city"": {""id"": ""34"", ""name"": ""Xırdalan"", ""path"": ""/xirdalan"", ""slug"": ""xirdalan"", ""__typename"": ""City""}, ""path"": ""/items/6325838"", ""floor"": 15, ""price"": {""total"": 115500, ""perAre"": null, ""currency"": ""AZN"", ""__typename"": ""Price""}, ""rooms"": 3, ""state"": ""PUBLISHED"", ""views"": 227, ""floors"": 17, ""photos"": [{""full"": ""https://bina.azstatic.com/uploads/full/2026%2F07%2F27%2F17%2F26%2F27%2F555bc46b-e1f4-409d-8cc8-5798a72cab39%2F65474_rRlu0-lSENlQp7sw8VNsJg.jpg"", ""f660x496"": ""https://bina.azstatic.com/uploads/f660x496/2026%2F07%2F27%2F17%2F26%2F27%2F555bc46b-e1f4-409d-8cc8-5798a72cab39%2F65474_rRlu0-lSENlQp7sw8VNsJg.jpg"", ""thumbnail"": ""https://bina.azstatic.com/uploads/thumbnail/2026%2F07%2F27%2F17%2F26%2F27%2F555bc46b-e1f4-409d-8cc8-5798a72cab39%2F65474_rRlu0-lSENlQp7sw8VNsJg.jpg"", ""__typename"": ""Photo""}, {""full"": ""https://bina.azstatic.com/uploads/full/2026%2F07%2F27%2F17%2F26%2F28%2F13b7c10b-4960-4f60-8ab2-8877746823ab%2F65474_WzWLvQyQLIiN9QhYegZWoQ.jpg"", ""f660x496"": ""https://bina.azstatic.com/uploads/f660x496/2026%2F07%2F27%2F17%2F26%2F28%2F13b7c10b-4960-4f60-8ab2-8877746823ab%2F65474_WzWLvQyQLIiN9QhYegZWoQ.jpg"", ""thumbnail"": ""https://bina.azstatic.com/uploads/thumbnail/2026%2F07%2F27%2F17%2F26%2F28%2F13b7c10b-4960-4f60-8ab2-8877746823ab%2F65474_WzWLvQyQLIiN9QhYegZWoQ.jpg"", ""__typename"": ""Photo""}, {""full"": ""https://bina.azstatic.com/uploads/full/2026%2F07%2F27%2F17%2F26%2F30%2F2aa829ea-67db-49b1-a69c-e410b7ac7433%2F75199_An9mysHfeAGwiHpxJtydfA.jpg"", ""f660x496"": ""https://bina.azstatic.com/uploads/f660x496/2026%2F07%2F27%2F17%2F26%2F30%2F2aa829ea-67db-49b1-a69c-e410b7ac7433%2F75199_An9mysHfeAGwiHpxJtydfA.jpg"", ""thumbnail"": ""https://bina.azstatic.com/uploads/thumbnail/2026%2F07%2F27%2F17%2F26%2F30%2F2aa829ea-67db-49b1-a69c-e410b7ac7433%2F75199_An9mysHfeAGwiHpxJtydfA.jpg"", ""__typename"": ""Photo""}, {""full"": ""https://bina.azstatic.com/uploads/full/2026%2F07%2F27%2F17%2F26%2F27%2F653dc5a2-546d-49eb-9289-489ece6ac181%2F55361_K8mG_rrB1mX_JVL1E0xb7w.jpg"", ""f660x496"": ""https://bina.azstatic.com/uploads/f660x496/2026%2F07%2F27%2F17%2F26%2F27%2F653dc5a2-546d-49eb-9289-489ece6ac181%2F55361_K8mG_rrB1mX_JVL1E0xb7w.jpg"", ""thumbnail"": ""https://bina.azstatic.com/uploads/thumbnail/2026%2F07%2F27%2F17%2F26%2F27%2F653dc5a2-546d-49eb-9289-489ece6ac181%2F55361_K8mG_rrB1mX_JVL1E0xb7w.jpg"", ""__typename"": ""Photo""}, {""full"": ""https://bina.azstatic.com/uploads/full/2026%2F07%2F27%2F17%2F26%2F30%2F4694fb18-5381-46c4-800c-8a5e1073309a%2F55105_Tq5jqKluOQaynLBdln_v9A.jpg"", ""f660x496"": ""https://bina.azstatic.com/uploads/f660x496/2026%2F07%2F27%2F17%2F26%2F30%2F4694fb18-5381-46c4-800c-8a5e1073309a%2F55105_Tq5jqKluOQaynLBdln_v9A.jpg"", ""thumbnail"": ""https://bina.azstatic.com/uploads/thumbnail/2026%2F07%2F27%2F17%2F26%2F30%2F4694fb18-5381-46c4-800c-8a5e1073309a%2F55105_Tq5jqKluOQaynLBdln_v9A.jpg"", ""__typename"": ""Photo""}, {""full"": ""https://bina.azstatic.com/uploads/full/2026%2F07%2F27%2F17%2F26%2F26%2F57f1e203-ebbd-44b7-84be-ae9a869142d3%2F22804__AwsNoaZ4Td4CjYokc378Q.jpg"", ""f660x496"": ""https://bina.azstatic.com/uploads/f660x496/2026%2F07%2F27%2F17%2F26%2F26%2F57f1e203-ebbd-44b7-84be-ae9a869142d3%2F22804__AwsNoaZ4Td4CjYokc378Q.jpg"", ""thumbnail"": ""https://bina.azstatic.com/uploads/thumbnail/2026%2F07%2F27%2F17%2F26%2F26%2F57f1e203-ebbd-44b7-84be-ae9a869142d3%2F22804__AwsNoaZ4Td4CjYokc378Q.jpg"", ""__typename"": ""Photo""}, {""full"": ""https://bina.azstatic.com/uploads/full/2026%2F07%2F27%2F17%2F26%2F30%2F68368ea9-99e8-416c-8f85-1ed9135a6d36%2F30484_bIa4pL7Ua7gyAXUljbEU1g.jpg"", ""f660x496"": ""https://bina.azstatic.com/uploads/f660x496/2026%2F07%2F27%2F17%2F26%2F30%2F68368ea9-99e8-416c-8f85-1ed9135a6d36%2F30484_bIa4pL7Ua7gyAXUljbEU1g.jpg"", ""thumbnail"": ""https://bina.azstatic.com/uploads/thumbnail/2026%2F07%2F27%2F17%2F26%2F30%2F68368ea9-99e8-416c-8f85-1ed9135a6d36%2F30484_bIa4pL7Ua7gyAXUljbEU1g.jpg"", ""__typename"": ""Photo""}, {""full"": ""https://bina.azstatic.com/uploads/full/2026%2F07%2F27%2F17%2F26%2F32%2F847763a8-2b3b-49ab-8ae1-3936a0f3a750%2F53177_Gh8-dhGYsnPM71emNA7lLQ.jpg"", ""f660x496"": ""https://bina.azstatic.com/uploads/f660x496/2026%2F07%2F27%2F17%2F26%2F32%2F847763a8-2b3b-49ab-8ae1-3936a0f3a750%2F53177_Gh8-dhGYsnPM71emNA7lLQ.jpg"", ""thumbnail"": ""https://bina.azstatic.com/uploads/thumbnail/2026%2F07%2F27%2F17%2F26%2F32%2F847763a8-2b3b-49ab-8ae1-3936a0f3a750%2F53177_Gh8-dhGYsnPM71emNA7lLQ.jpg"", ""__typename"": ""Photo""}, {""full"": ""https://bina.azstatic.com/uploads/full/2026%2F07%2F27%2F17%2F26%2F32%2F0bcc830a-8b5b-403c-b57f-def17bd3f945%2F93225_L0pjL2y7D5k6VOefTzjPtA.jpg"", ""f660x496"": ""https://bina.azstatic.com/uploads/f660x496/2026%2F07%2F27%2F17%2F26%2F32%2F0bcc830a-8b5b-403c-b57f-def17bd3f945%2F93225_L0pjL2y7D5k6VOefTzjPtA.jpg"", ""thumbnail"": ""https://bina.azstatic.com/uploads/thumbnail/2026%2F07%2F27%2F17%2F26%2F32%2F0bcc830a-8b5b-403c-b57f-def17bd3f945%2F93225_L0pjL2y7D5k6VOefTzjPtA.jpg"", ""__typename"": ""Photo""}], ""address"": ""Heydər Əliyev prospekti"", ""company"": {""id"": ""250097"", ""name"": ""Kənan"", ""__typename"": ""Company"", ""targetType"": ""AGENCY""}, ""business"": {""id"": ""1312"", ""city"": {""name"": ""Bakı"", ""__typename"": ""City""}, ""name"": ""Yuvıx Real Estate"", ""path"": ""/agentlikler/yuvix-real-estate"", ""logoUrl"": ""https://bina.azstatic.com/uploads/o450x450/2026%2F07%2F21%2F14%2F15%2F33%2Ffa108b5a-750a-448d-a6e7-9689a61bcd8e%2F55078_tTQwPddg-PCXchrKkfSkTQ.jpg"", ""latitude"": 40.38370732991579, ""schedule"": ""Hər gün: 09:00 - 22:00"", ""longitude"": 49.83326994555074, ""__typename"": ""Agency"", ""itemsCount"": 144, ""viewsCount"": 686, ""contactAddress"": ""Nəsimi r., Sübhi Salayev küç.""}, ""category"": {""id"": ""2"", ""name"": ""Yeni tikili"", ""slug"": ""menziller/yeni-tikili"", ""title"": ""Mənzillər / Yeni tikililər"", ""hasFloor"": true, ""__typename"": ""Category"", ""pluralName"": ""Yeni tikililər"", ""hasLandArea"": false}, ""isLeased"": false, ""isVipped"": false, ""landArea"": null, ""location"": null, ""metaTags"": [{""name"": ""title"", ""content"": ""3 otaqlı yeni tikili — 83 m² — Xırdalan, Azərbaycan (6325838)"", ""__typename"": ""MetaTag""}, {""name"": ""description"", ""content"": ""XIRDALAN TAM MƏRKƏZİNDƏ, GRANTMARTNAN ÜZ ÜZƏ İRŞADIN ÜSDÜ. YENİ TƏMİRLİ 3 OTAQLI MƏNZİL ÇIXARDIQ SATIŞA.. SƏNƏD MÜQAVİLƏ,..."", ""__typename"": ""MetaTag""}], ""expiresAt"": null, ""hasRepair"": true, ""updatedAt"": ""2026-08-23T08:36:12+04:00"", ""__typename"": ""Item"", ""isFeatured"": false, ""breadcrumbs"": [{""name"": ""Daşınmaz əmlak"", ""path"": ""/items/all"", ""__typename"": ""Breadcrumb""}, {""name"": ""Xırdalan"", ""path"": ""/xirdalan"", ""__typename"": ""Breadcrumb""}, {""name"": ""Alqı-satqı"", ""path"": ""/alqi-satqi"", ""__typename"": ""Breadcrumb""}, {""name"": ""3 otaqlı yeni tikililər"", ""path"": ""/alqi-satqi/menziller/yeni-tikili/3-otaqli"", ""__typename"": ""Breadcrumb""}], ""contactName"": ""Kənan"", ""description"": ""XIRDALAN TAM MƏRKƏZİNDƏ, GRANTMARTNAN ÜZ ÜZƏ İRŞADIN ÜSDÜ. YENİ TƏMİRLİ 3 OTAQLI MƏNZİL ÇIXARDIQ SATIŞA.. SƏNƏD MÜQAVİLƏ, KUPCANI ALAN ADAMIN ADINA ALMAQ MÜMKÜNDÜR.. BİNADA KUPCA VAR..ƏLAVƏ MƏLUMAT ÜÇÜN ƏLAQƏ SAXLAYA BİLƏRSİZ"", ""hasMortgage"": false, ""isPaidDaily"": null, ""hasBillOfSale"": true, ""contactTypeName"": ""vasitəçi (agent)"", ""hasInternalLoan"": false, ""buildingTypeName"": null, ""nearestLocations"": [{""id"": ""34"", ""name"": ""Xırdalan"", ""path"": ""/xirdalan"", ""__typename"": ""City""}], ""isExpiredManually"": false}"
5489014,https://bina.az/items/5489014,sale,menziller/yeni-tikili,380000.00,AZN,,119.00,3,15,16,,temirli,t,t,Bakı,,,,,,,"🏡 **Nəsimi bazarının arxasında – şəhər və göl mənzərəli möhtəşəm mənzil satılır!**

📍 **Ünvan:** Nəsimi bazarının arxası, yeni açılmış parkın yanı
🏢 **Mərtəbə:** 15/16
📐 **Otaqlar:** Qanuni 3 otaq
✨ **Təmiri:** Super təmirli, tam əşyalı və səliqəli
🛋 **Satış:** Əşyalarla birlikdə
📜 **Sənəd:** Kupçalı

🌆 **Üstünlüklər:**

* Şəhər mərkəzinə doğru açılan geniş panorama və birbaşa **göl mənzərəsi**
* Metroya, parka, məktəbə, aptekə yaxın əlverişli ünvan
* **Parking**, mühafizə və rahat infrastruktur
* Şəxsi komfortlu yaşayış və ya **icarəyə vermək üçün ideal seçim**

💰 **Qiymət:** Real alıcıya endirim olunacaq!",agent,Cəmil Cabbarzadə,12076,,2026-08-23 12:19:48.844723+00,2026-08-23 12:19:48.844723+00,,t,sitemap,"{""id"": ""5489014"", ""area"": {""units"": ""m²"", ""value"": 119, ""__typename"": ""Area""}, ""city"": {""id"": ""1"", ""name"": ""Bakı"", ""path"": ""/baki"", ""slug"": ""baki"", ""__typename"": ""City""}, ""path"": ""/items/5489014"", ""floor"": 15, ""price"": {""total"": 380000, ""perAre"": null, ""currency"": ""AZN"", ""__typename"": ""Price""}, ""rooms"": 3, ""state"": ""PUBLISHED"", ""views"": 1067, ""floors"": 16, ""photos"": [{""full"": ""https://bina.azstatic.com/uploads/full/2025%2F09%2F06%2F14%2F07%2F20%2F71e315da-315d-49aa-89cb-15e39776f2f2%2F4513_SdFmiiX51JZHxZnCDO0xMg.jpg"", ""f660x496"": ""https://bina.azstatic.com/uploads/f660x496/2025%2F09%2F06%2F14%2F07%2F20%2F71e315da-315d-49aa-89cb-15e39776f2f2%2F4513_SdFmiiX51JZHxZnCDO0xMg.jpg"", ""thumbnail"": ""https://bina.azstatic.com/uploads/thumbnail/2025%2F09%2F06%2F14%2F07%2F20%2F71e315da-315d-49aa-89cb-15e39776f2f2%2F4513_SdFmiiX51JZHxZnCDO0xMg.jpg"", ""__typename"": ""Photo""}, {""full"": ""https://bina.azstatic.com/uploads/full/2025%2F09%2F06%2F14%2F07%2F20%2F15bc931b-537b-4857-83bb-1fd2aa626077%2F4513_SdFmiiX51JZHxZnCDO0xMg.jpg"", ""f660x496"": ""https://bina.azstatic.com/uploads/f660x496/2025%2F09%2F06%2F14%2F07%2F20%2F15bc931b-537b-4857-83bb-1fd2aa626077%2F4513_SdFmiiX51JZHxZnCDO0xMg.jpg"", ""thumbnail"": ""https://bina.azstatic.com/uploads/thumbnail/2025%2F09%2F06%2F14%2F07%2F20%2F15bc931b-537b-4857-83bb-1fd2aa626077%2F4513_SdFmiiX51JZHxZnCDO0xMg.jpg"", ""__typename"": ""Photo""}, {""full"": ""https://bina.azstatic.com/uploads/full/2025%2F09%2F06%2F14%2F07%2F20%2Fb553825b-b1c7-40ed-b39f-eb3b593a804c%2F4513_SdFmiiX51JZHxZnCDO0xMg.jpg"", ""f660x496"": ""https://bina.azstatic.com/uploads/f660x496/2025%2F09%2F06%2F14%2F07%2F20%2Fb553825b-b1c7-40ed-b39f-eb3b593a804c%2F4513_SdFmiiX51JZHxZnCDO0xMg.jpg"", ""thumbnail"": ""https://bina.azstatic.com/uploads/thumbnail/2025%2F09%2F06%2F14%2F07%2F20%2Fb553825b-b1c7-40ed-b39f-eb3b593a804c%2F4513_SdFmiiX51JZHxZnCDO0xMg.jpg"", ""__typename"": ""Photo""}, {""full"": ""https://bina.azstatic.com/uploads/full/2025%2F09%2F06%2F14%2F07%2F20%2Fc7b3ccee-82aa-4b22-87da-cc2a826e8273%2F4513_SdFmiiX51JZHxZnCDO0xMg.jpg"", ""f660x496"": ""https://bina.azstatic.com/uploads/f660x496/2025%2F09%2F06%2F14%2F07%2F20%2Fc7b3ccee-82aa-4b22-87da-cc2a826e8273%2F4513_SdFmiiX51JZHxZnCDO0xMg.jpg"", ""thumbnail"": ""https://bina.azstatic.com/uploads/thumbnail/2025%2F09%2F06%2F14%2F07%2F20%2Fc7b3ccee-82aa-4b22-87da-cc2a826e8273%2F4513_SdFmiiX51JZHxZnCDO0xMg.jpg"", ""__typename"": ""Photo""}, {""full"": ""https://bina.azstatic.com/uploads/full/2025%2F09%2F06%2F14%2F07%2F20%2F901fec84-1ac1-4652-8725-e7b3fcde2b86%2F4513_SdFmiiX51JZHxZnCDO0xMg.jpg"", ""f660x496"": ""https://bina.azstatic.com/uploads/f660x496/2025%2F09%2F06%2F14%2F07%2F20%2F901fec84-1ac1-4652-8725-e7b3fcde2b86%2F4513_SdFmiiX51JZHxZnCDO0xMg.jpg"", ""thumbnail"": ""https://bina.azstatic.com/uploads/thumbnail/2025%2F09%2F06%2F14%2F07%2F20%2F901fec84-1ac1-4652-8725-e7b3fcde2b86%2F4513_SdFmiiX51JZHxZnCDO0xMg.jpg"", ""__typename"": ""Photo""}, {""full"": ""https://bina.azstatic.com/uploads/full/2025%2F09%2F06%2F14%2F07%2F20%2F54e28067-3430-44af-91f5-c63c7a604ff7%2F4513_SdFmiiX51JZHxZnCDO0xMg.jpg"", ""f660x496"": ""https://bina.azstatic.com/uploads/f660x496/2025%2F09%2F06%2F14%2F07%2F20%2F54e28067-3430-44af-91f5-c63c7a604ff7%2F4513_SdFmiiX51JZHxZnCDO0xMg.jpg"", ""thumbnail"": ""https://bina.azstatic.com/uploads/thumbnail/2025%2F09%2F06%2F14%2F07%2F20%2F54e28067-3430-44af-91f5-c63c7a604ff7%2F4513_SdFmiiX51JZHxZnCDO0xMg.jpg"", ""__typename"": ""Photo""}, {""full"": ""https://bina.azstatic.com/uploads/full/2025%2F09%2F06%2F14%2F07%2F20%2F29e3b7fb-0d30-463c-a3a6-ae69c49a8757%2F4513_SdFmiiX51JZHxZnCDO0xMg.jpg"", ""f660x496"": ""https://bina.azstatic.com/uploads/f660x496/2025%2F09%2F06%2F14%2F07%2F20%2F29e3b7fb-0d30-463c-a3a6-ae69c49a8757%2F4513_SdFmiiX51JZHxZnCDO0xMg.jpg"", ""thumbnail"": ""https://bina.azstatic.com/uploads/thumbnail/2025%2F09%2F06%2F14%2F07%2F20%2F29e3b7fb-0d30-463c-a3a6-ae69c49a8757%2F4513_SdFmiiX51JZHxZnCDO0xMg.jpg"", ""__typename"": ""Photo""}, {""full"": ""https://bina.azstatic.com/uploads/full/2025%2F09%2F06%2F14%2F07%2F20%2Fcf89fd0e-4287-4e52-a3e1-6fdfc85bc378%2F4513_SdFmiiX51JZHxZnCDO0xMg.jpg"", ""f660x496"": ""https://bina.azstatic.com/uploads/f660x496/2025%2F09%2F06%2F14%2F07%2F20%2Fcf89fd0e-4287-4e52-a3e1-6fdfc85bc378%2F4513_SdFmiiX51JZHxZnCDO0xMg.jpg"", ""thumbnail"": ""https://bina.azstatic.com/uploads/thumbnail/2025%2F09%2F06%2F14%2F07%2F20%2Fcf89fd0e-4287-4e52-a3e1-6fdfc85bc378%2F4513_SdFmiiX51JZHxZnCDO0xMg.jpg"", ""__typename"": ""Photo""}, {""full"": ""https://bina.azstatic.com/uploads/full/2025%2F09%2F06%2F14%2F07%2F20%2F4d2ab29a-ce9d-4d61-9cf0-59cf116a4a5e%2F4513_SdFmiiX51JZHxZnCDO0xMg.jpg"", ""f660x496"": ""https://bina.azstatic.com/uploads/f660x496/2025%2F09%2F06%2F14%2F07%2F20%2F4d2ab29a-ce9d-4d61-9cf0-59cf116a4a5e%2F4513_SdFmiiX51JZHxZnCDO0xMg.jpg"", ""thumbnail"": ""https://bina.azstatic.com/uploads/thumbnail/2025%2F09%2F06%2F14%2F07%2F20%2F4d2ab29a-ce9d-4d61-9cf0-59cf116a4a5e%2F4513_SdFmiiX51JZHxZnCDO0xMg.jpg"", ""__typename"": ""Photo""}, {""full"": ""https://bina.azstatic.com/uploads/full/2025%2F09%2F06%2F14%2F07%2F20%2F917b4a35-aeaa-4bf9-9e6a-447049a2bfc0%2F4513_SdFmiiX51JZHxZnCDO0xMg.jpg"", ""f660x496"": ""https://bina.azstatic.com/uploads/f660x496/2025%2F09%2F06%2F14%2F07%2F20%2F917b4a35-aeaa-4bf9-9e6a-447049a2bfc0%2F4513_SdFmiiX51JZHxZnCDO0xMg.jpg"", ""thumbnail"": ""https://bina.azstatic.com/uploads/thumbnail/2025%2F09%2F06%2F14%2F07%2F20%2F917b4a35-aeaa-4bf9-9e6a-447049a2bfc0%2F4513_SdFmiiX51JZHxZnCDO0xMg.jpg"", ""__typename"": ""Photo""}, {""full"": ""https://bina.azstatic.com/uploads/full/2025%2F09%2F06%2F14%2F07%2F20%2Fdcf7a85b-4950-4abc-911b-c2b91ef3ffd8%2F4513_SdFmiiX51JZHxZnCDO0xMg.jpg"", ""f660x496"": ""https://bina.azstatic.com/uploads/f660x496/2025%2F09%2F06%2F14%2F07%2F20%2Fdcf7a85b-4950-4abc-911b-c2b91ef3ffd8%2F4513_SdFmiiX51JZHxZnCDO0xMg.jpg"", ""thumbnail"": ""https://bina.azstatic.com/uploads/thumbnail/2025%2F09%2F06%2F14%2F07%2F20%2Fdcf7a85b-4950-4abc-911b-c2b91ef3ffd8%2F4513_SdFmiiX51JZHxZnCDO0xMg.jpg"", ""__typename"": ""Photo""}, {""full"": ""https://bina.azstatic.com/uploads/full/2025%2F09%2F06%2F14%2F07%2F20%2Fd567051b-d307-4d4f-8d84-4da29d183459%2F4513_SdFmiiX51JZHxZnCDO0xMg.jpg"", ""f660x496"": ""https://bina.azstatic.com/uploads/f660x496/2025%2F09%2F06%2F14%2F07%2F20%2Fd567051b-d307-4d4f-8d84-4da29d183459%2F4513_SdFmiiX51JZHxZnCDO0xMg.jpg"", ""thumbnail"": ""https://bina.azstatic.com/uploads/thumbnail/2025%2F09%2F06%2F14%2F07%2F20%2Fd567051b-d307-4d4f-8d84-4da29d183459%2F4513_SdFmiiX51JZHxZnCDO0xMg.jpg"", ""__typename"": ""Photo""}, {""full"": ""https://bina.azstatic.com/uploads/full/2025%2F09%2F06%2F14%2F07%2F20%2F7aa8093d-a0d5-4696-98ac-3364a4026435%2F4513_SdFmiiX51JZHxZnCDO0xMg.jpg"", ""f660x496"": ""https://bina.azstatic.com/uploads/f660x496/2025%2F09%2F06%2F14%2F07%2F20%2F7aa8093d-a0d5-4696-98ac-3364a4026435%2F4513_SdFmiiX51JZHxZnCDO0xMg.jpg"", ""thumbnail"": ""https://bina.azstatic.com/uploads/thumbnail/2025%2F09%2F06%2F14%2F07%2F20%2F7aa8093d-a0d5-4696-98ac-3364a4026435%2F4513_SdFmiiX51JZHxZnCDO0xMg.jpg"", ""__typename"": ""Photo""}, {""full"": ""https://bina.azstatic.com/uploads/full/2025%2F09%2F06%2F14%2F07%2F20%2F759679ae-3585-457c-8990-2a6634b3ce4d%2F4513_SdFmiiX51JZHxZnCDO0xMg.jpg"", ""f660x496"": ""https://bina.azstatic.com/uploads/f660x496/2025%2F09%2F06%2F14%2F07%2F20%2F759679ae-3585-457c-8990-2a6634b3ce4d%2F4513_SdFmiiX51JZHxZnCDO0xMg.jpg"", ""thumbnail"": ""https://bina.azstatic.com/uploads/thumbnail/2025%2F09%2F06%2F14%2F07%2F20%2F759679ae-3585-457c-8990-2a6634b3ce4d%2F4513_SdFmiiX51JZHxZnCDO0xMg.jpg"", ""__typename"": ""Photo""}, {""full"": ""https://bina.azstatic.com/uploads/full/2025%2F09%2F06%2F14%2F07%2F20%2F29f6090e-25a7-4845-9014-f45e1e8f8bab%2F4513_SdFmiiX51JZHxZnCDO0xMg.jpg"", ""f660x496"": ""https://bina.azstatic.com/uploads/f660x496/2025%2F09%2F06%2F14%2F07%2F20%2F29f6090e-25a7-4845-9014-f45e1e8f8bab%2F4513_SdFmiiX51JZHxZnCDO0xMg.jpg"", ""thumbnail"": ""https://bina.azstatic.com/uploads/thumbnail/2025%2F09%2F06%2F14%2F07%2F20%2F29f6090e-25a7-4845-9014-f45e1e8f8bab%2F4513_SdFmiiX51JZHxZnCDO0xMg.jpg"", ""__typename"": ""Photo""}, {""full"": ""https://bina.azstatic.com/uploads/full/2025%2F09%2F06%2F14%2F07%2F20%2F1c95a54c-4f1d-457c-9de2-8dff6eb5fd0a%2F4513_SdFmiiX51JZHxZnCDO0xMg.jpg"", ""f660x496"": ""https://bina.azstatic.com/uploads/f660x496/2025%2F09%2F06%2F14%2F07%2F20%2F1c95a54c-4f1d-457c-9de2-8dff6eb5fd0a%2F4513_SdFmiiX51JZHxZnCDO0xMg.jpg"", ""thumbnail"": ""https://bina.azstatic.com/uploads/thumbnail/2025%2F09%2F06%2F14%2F07%2F20%2F1c95a54c-4f1d-457c-9de2-8dff6eb5fd0a%2F4513_SdFmiiX51JZHxZnCDO0xMg.jpg"", ""__typename"": ""Photo""}, {""full"": ""https://bina.azstatic.com/uploads/full/2025%2F09%2F06%2F14%2F07%2F20%2F284e7002-db73-4a55-8a92-cae687828c25%2F4513_SdFmiiX51JZHxZnCDO0xMg.jpg"", ""f660x496"": ""https://bina.azstatic.com/uploads/f660x496/2025%2F09%2F06%2F14%2F07%2F20%2F284e7002-db73-4a55-8a92-cae687828c25%2F4513_SdFmiiX51JZHxZnCDO0xMg.jpg"", ""thumbnail"": ""https://bina.azstatic.com/uploads/thumbnail/2025%2F09%2F06%2F14%2F07%2F20%2F284e7002-db73-4a55-8a92-cae687828c25%2F4513_SdFmiiX51JZHxZnCDO0xMg.jpg"", ""__typename"": ""Photo""}, {""full"": ""https://bina.azstatic.com/uploads/full/2025%2F09%2F06%2F14%2F07%2F20%2F827f0645-d683-43af-a6e3-9e56cb24ac4c%2F4513_SdFmiiX51JZHxZnCDO0xMg.jpg"", ""f660x496"": ""https://bina.azstatic.com/uploads/f660x496/2025%2F09%2F06%2F14%2F07%2F20%2F827f0645-d683-43af-a6e3-9e56cb24ac4c%2F4513_SdFmiiX51JZHxZnCDO0xMg.jpg"", ""thumbnail"": ""https://bina.azstatic.com/uploads/thumbnail/2025%2F09%2F06%2F14%2F07%2F20%2F827f0645-d683-43af-a6e3-9e56cb24ac4c%2F4513_SdFmiiX51JZHxZnCDO0xMg.jpg"", ""__typename"": ""Photo""}], ""address"": ""Atatürk prospekti."", ""company"": {""id"": ""12076"", ""name"": ""Cəmil Cabbarzadə"", ""__typename"": ""Company"", ""targetType"": ""AGENCY""}, ""business"": {""id"": ""130"", ""city"": {""name"": ""Bakı"", ""__typename"": ""City""}, ""name"": ""Bakı Əmlak Qarayev"", ""path"": ""/agentlikler/baki-emlak-qarayev"", ""logoUrl"": ""https://bina.azstatic.com/uploads/o450x450/2024%2F08%2F09%2F09%2F43%2F30%2F81fa0e84-83ed-4cfa-8b21-7cd4599fbab9%2F26954_DWgEQQqRrb1W5yDQKFgsVA.jpg"", ""latitude"": 40.41932422288878, ""schedule"": ""Hər gün: 10:00 – 20:00"", ""longitude"": 49.92522239685059, ""__typename"": ""Agency"", ""itemsCount"": 680, ""viewsCount"": 34456, ""contactAddress"": ""Nizami r., Qara Qarayev pr. 77""}, ""category"": {""id"": ""2"", ""name"": ""Yeni tikili"", ""slug"": ""menziller/yeni-tikili"", ""title"": ""Mənzillər / Yeni tikililər"", ""hasFloor"": true, ""__typename"": ""Category"", ""pluralName"": ""Yeni tikililər"", ""hasLandArea"": false}, ""isLeased"": false, ""isVipped"": false, ""landArea"": null, ""location"": {""path"": ""/baki/genclik"", ""fullName"": ""Gənclik m."", ""__typename"": ""Location""}, ""metaTags"": [{""name"": ""title"", ""content"": ""3 otaqlı yeni tikili — 119 m² — Gənclik m., Bakı, Azərbaycan (5489014)"", ""__typename"": ""MetaTag""}, {""name"": ""description"", ""content"": ""🏡 **Nəsimi bazarının arxasında – şəhər və göl mənzərəli möhtəşəm mənzil satılır!**\r\n\r\n📍 **Ünvan:** Nəsimi bazarının..."", ""__typename"": ""MetaTag""}], ""expiresAt"": null, ""hasRepair"": true, ""updatedAt"": ""2026-07-27T17:29:26+04:00"", ""__typename"": ""Item"", ""isFeatured"": false, ""breadcrumbs"": [{""name"": ""Daşınmaz əmlak"", ""path"": ""/items/all"", ""__typename"": ""Breadcrumb""}, {""name"": ""Bakı"", ""path"": ""/baki"", ""__typename"": ""Breadcrumb""}, {""name"": ""Alqı-satqı"", ""path"": ""/alqi-satqi"", ""__typename"": ""Breadcrumb""}, {""name"": ""3 otaqlı yeni tikililər"", ""path"": ""/alqi-satqi/menziller/yeni-tikili/3-otaqli"", ""__typename"": ""Breadcrumb""}], ""contactName"": ""Cəmil Cabbarzadə"", ""description"": ""🏡 **Nəsimi bazarının arxasında – şəhər və göl mənzərəli möhtəşəm mənzil satılır!**\r\n\r\n📍 **Ünvan:** Nəsimi bazarının arxası, yeni açılmış parkın yanı\r\n🏢 **Mərtəbə:** 15/16\r\n📐 **Otaqlar:** Qanuni 3 otaq\r\n✨ **Təmiri:** Super təmirli, tam əşyalı və səliqəli\r\n🛋 **Satış:** Əşyalarla birlikdə\r\n📜 **Sənəd:** Kupçalı\r\n\r\n🌆 **Üstünlüklər:**\r\n\r\n* Şəhər mərkəzinə doğru açılan geniş panorama və birbaşa **göl mənzərəsi**\r\n* Metroya, parka, məktəbə, aptekə yaxın əlverişli ünvan\r\n* **Parking**, mühafizə və rahat infrastruktur\r\n* Şəxsi komfortlu yaşayış və ya **icarəyə vermək üçün ideal seçim**\r\n\r\n💰 **Qiymət:** Real alıcıya endirim olunacaq!"", ""hasMortgage"": true, ""isPaidDaily"": null, ""hasBillOfSale"": true, ""contactTypeName"": ""vasitəçi (agent)"", ""hasInternalLoan"": false, ""buildingTypeName"": null, ""nearestLocations"": [{""id"": ""190"", ""path"": ""/baki/nesimi"", ""fullName"": ""Nəsimi r."", ""__typename"": ""Location""}, {""id"": ""2"", ""path"": ""/baki/genclik"", ""fullName"": ""Gənclik m."", ""__typename"": ""Location""}, {""id"": ""136"", ""path"": ""/baki/zoopark"", ""fullName"": ""Zoopark "", ""__typename"": ""Location""}], ""isExpiredManually"": false}"
6325847,https://bina.az/items/6325847,sale,menziller/yeni-tikili,165000.00,AZN,,66.00,2,7,16,,temirsiz,t,f,Bakı,,,,,,," Mənzil Amal 2015 MTK-da yerləşir.Binanın altında təhsil,tibb mərkəzi,şirniyyat mağazası,Supermarket və s. iaşə obyektləri mövcuddur.Mənzil çox əlverişli yerdə yerləşir.Yaxında məktəb,baxça və Heydər Parkı var. Binada Qaz, Su, İşıq daimidir. İstilik sistemi kombidir. Mənzil 3 otaq studio tipli mənzil etmək mümkündür.Sənədi – Küpça. Ofis haqqı 1% təşkil edir",agent,Çinarə Xanım,1230,,2026-08-23 12:19:48.844723+00,2026-08-23 12:19:48.844723+00,,t,sitemap,"{""id"": ""6325847"", ""area"": {""units"": ""m²"", ""value"": 66, ""__typename"": ""Area""}, ""city"": {""id"": ""1"", ""name"": ""Bakı"", ""path"": ""/baki"", ""slug"": ""baki"", ""__typename"": ""City""}, ""path"": ""/items/6325847"", ""floor"": 7, ""price"": {""total"": 165000, ""perAre"": null, ""currency"": ""AZN"", ""__typename"": ""Price""}, ""rooms"": 2, ""state"": ""PUBLISHED"", ""views"": 361, ""floors"": 16, ""photos"": [{""full"": ""https://bina.azstatic.com/uploads/full/2026%2F07%2F27%2F17%2F24%2F15%2Fcbf6ee7f-2468-45f8-a6ba-d41eda27fb32%2F55538_Z_aT0yzWiu0vqp8u4T33LQ.jpg"", ""f660x496"": ""https://bina.azstatic.com/uploads/f660x496/2026%2F07%2F27%2F17%2F24%2F15%2Fcbf6ee7f-2468-45f8-a6ba-d41eda27fb32%2F55538_Z_aT0yzWiu0vqp8u4T33LQ.jpg"", ""thumbnail"": ""https://bina.azstatic.com/uploads/thumbnail/2026%2F07%2F27%2F17%2F24%2F15%2Fcbf6ee7f-2468-45f8-a6ba-d41eda27fb32%2F55538_Z_aT0yzWiu0vqp8u4T33LQ.jpg"", ""__typename"": ""Photo""}, {""full"": ""https://bina.azstatic.com/uploads/full/2026%2F07%2F27%2F17%2F24%2F15%2Fc6ed2cc8-ee2b-439d-9b38-cf48db31f072%2F30484_atzL2O-OWcS4TCOVmoAl2A.jpg"", ""f660x496"": ""https://bina.azstatic.com/uploads/f660x496/2026%2F07%2F27%2F17%2F24%2F15%2Fc6ed2cc8-ee2b-439d-9b38-cf48db31f072%2F30484_atzL2O-OWcS4TCOVmoAl2A.jpg"", ""thumbnail"": ""https://bina.azstatic.com/uploads/thumbnail/2026%2F07%2F27%2F17%2F24%2F15%2Fc6ed2cc8-ee2b-439d-9b38-cf48db31f072%2F30484_atzL2O-OWcS4TCOVmoAl2A.jpg"", ""__typename"": ""Photo""}, {""full"": ""https://bina.azstatic.com/uploads/full/2026%2F07%2F27%2F17%2F24%2F15%2F72bc722d-dbb7-4ab6-b16d-f0005f83dc10%2F66767_qX6_UIwt9QnN5HfTDgtBVw.jpg"", ""f660x496"": ""https://bina.azstatic.com/uploads/f660x496/2026%2F07%2F27%2F17%2F24%2F15%2F72bc722d-dbb7-4ab6-b16d-f0005f83dc10%2F66767_qX6_UIwt9QnN5HfTDgtBVw.jpg"", ""thumbnail"": ""https://bina.azstatic.com/uploads/thumbnail/2026%2F07%2F27%2F17%2F24%2F15%2F72bc722d-dbb7-4ab6-b16d-f0005f83dc10%2F66767_qX6_UIwt9QnN5HfTDgtBVw.jpg"", ""__typename"": ""Photo""}, {""full"": ""https://bina.azstatic.com/uploads/full/2026%2F07%2F27%2F17%2F25%2F01%2F0c4cdc24-df2e-448a-9cda-5ed56fa8e913%2F53186_7YLbQ6xUS9F-VvrORq55Hw.jpg"", ""f660x496"": ""https://bina.azstatic.com/uploads/f660x496/2026%2F07%2F27%2F17%2F25%2F01%2F0c4cdc24-df2e-448a-9cda-5ed56fa8e913%2F53186_7YLbQ6xUS9F-VvrORq55Hw.jpg"", ""thumbnail"": ""https://bina.azstatic.com/uploads/thumbnail/2026%2F07%2F27%2F17%2F25%2F01%2F0c4cdc24-df2e-448a-9cda-5ed56fa8e913%2F53186_7YLbQ6xUS9F-VvrORq55Hw.jpg"", ""__typename"": ""Photo""}, {""full"": ""https://bina.azstatic.com/uploads/full/2026%2F07%2F27%2F17%2F24%2F15%2F3e0aa09a-87e7-4d85-8bb6-09381f09bb1a%2F55105_BPxvNgDiZBhtVOKUmfmP1g.jpg"", ""f660x496"": ""https://bina.azstatic.com/uploads/f660x496/2026%2F07%2F27%2F17%2F24%2F15%2F3e0aa09a-87e7-4d85-8bb6-09381f09bb1a%2F55105_BPxvNgDiZBhtVOKUmfmP1g.jpg"", ""thumbnail"": ""https://bina.azstatic.com/uploads/thumbnail/2026%2F07%2F27%2F17%2F24%2F15%2F3e0aa09a-87e7-4d85-8bb6-09381f09bb1a%2F55105_BPxvNgDiZBhtVOKUmfmP1g.jpg"", ""__typename"": ""Photo""}, {""full"": ""https://bina.azstatic.com/uploads/full/2026%2F07%2F27%2F17%2F25%2F01%2F5e13a8c3-cb13-4117-a651-196505756fc1%2F80310_rrdC9P1VvXLF8Tl1SjN77w.jpg"", ""f660x496"": ""https://bina.azstatic.com/uploads/f660x496/2026%2F07%2F27%2F17%2F25%2F01%2F5e13a8c3-cb13-4117-a651-196505756fc1%2F80310_rrdC9P1VvXLF8Tl1SjN77w.jpg"", ""thumbnail"": ""https://bina.azstatic.com/uploads/thumbnail/2026%2F07%2F27%2F17%2F25%2F01%2F5e13a8c3-cb13-4117-a651-196505756fc1%2F80310_rrdC9P1VvXLF8Tl1SjN77w.jpg"", ""__typename"": ""Photo""}, {""full"": ""https://bina.azstatic.com/uploads/full/2026%2F07%2F27%2F17%2F25%2F01%2Fd76c8f87-17ec-46c6-a469-499a10070997%2F1437_Yd4-9PIC-dyaC_dwtNf5bA.jpg"", ""f660x496"": ""https://bina.azstatic.com/uploads/f660x496/2026%2F07%2F27%2F17%2F25%2F01%2Fd76c8f87-17ec-46c6-a469-499a10070997%2F1437_Yd4-9PIC-dyaC_dwtNf5bA.jpg"", ""thumbnail"": ""https://bina.azstatic.com/uploads/thumbnail/2026%2F07%2F27%2F17%2F25%2F01%2Fd76c8f87-17ec-46c6-a469-499a10070997%2F1437_Yd4-9PIC-dyaC_dwtNf5bA.jpg"", ""__typename"": ""Photo""}, {""full"": ""https://bina.azstatic.com/uploads/full/2026%2F07%2F27%2F17%2F25%2F01%2F06283e4f-10c5-4c4b-a910-4a67ce0ed970%2F53209_o7euAJPTR3BQzzPng_k39w.jpg"", ""f660x496"": ""https://bina.azstatic.com/uploads/f660x496/2026%2F07%2F27%2F17%2F25%2F01%2F06283e4f-10c5-4c4b-a910-4a67ce0ed970%2F53209_o7euAJPTR3BQzzPng_k39w.jpg"", ""thumbnail"": ""https://bina.azstatic.com/uploads/thumbnail/2026%2F07%2F27%2F17%2F25%2F01%2F06283e4f-10c5-4c4b-a910-4a67ce0ed970%2F53209_o7euAJPTR3BQzzPng_k39w.jpg"", ""__typename"": ""Photo""}, {""full"": ""https://bina.azstatic.com/uploads/full/2026%2F07%2F27%2F17%2F25%2F01%2F82f40998-b474-4080-ad58-0aa518ab7472%2F86874_AW2SocIAx40_VA55XUG7lQ.jpg"", ""f660x496"": ""https://bina.azstatic.com/uploads/f660x496/2026%2F07%2F27%2F17%2F25%2F01%2F82f40998-b474-4080-ad58-0aa518ab7472%2F86874_AW2SocIAx40_VA55XUG7lQ.jpg"", ""thumbnail"": ""https://bina.azstatic.com/uploads/thumbnail/2026%2F07%2F27%2F17%2F25%2F01%2F82f40998-b474-4080-ad58-0aa518ab7472%2F86874_AW2SocIAx40_VA55XUG7lQ.jpg"", ""__typename"": ""Photo""}, {""full"": ""https://bina.azstatic.com/uploads/full/2026%2F07%2F27%2F17%2F25%2F01%2F9e967d80-c608-40a3-9a32-0cf13def6167%2F53184_vp5zjDUrLk51u7KXMUTRew.jpg"", ""f660x496"": ""https://bina.azstatic.com/uploads/f660x496/2026%2F07%2F27%2F17%2F25%2F01%2F9e967d80-c608-40a3-9a32-0cf13def6167%2F53184_vp5zjDUrLk51u7KXMUTRew.jpg"", ""thumbnail"": ""https://bina.azstatic.com/uploads/thumbnail/2026%2F07%2F27%2F17%2F25%2F01%2F9e967d80-c608-40a3-9a32-0cf13def6167%2F53184_vp5zjDUrLk51u7KXMUTRew.jpg"", ""__typename"": ""Photo""}, {""full"": ""https://bina.azstatic.com/uploads/full/2026%2F07%2F27%2F17%2F25%2F01%2Fd7181b99-b28c-4485-8bb4-48dc28a48cf6%2F45519_lB_lgtObvsdcnNLGtxlnsQ.jpg"", ""f660x496"": ""https://bina.azstatic.com/uploads/f660x496/2026%2F07%2F27%2F17%2F25%2F01%2Fd7181b99-b28c-4485-8bb4-48dc28a48cf6%2F45519_lB_lgtObvsdcnNLGtxlnsQ.jpg"", ""thumbnail"": ""https://bina.azstatic.com/uploads/thumbnail/2026%2F07%2F27%2F17%2F25%2F01%2Fd7181b99-b28c-4485-8bb4-48dc28a48cf6%2F45519_lB_lgtObvsdcnNLGtxlnsQ.jpg"", ""__typename"": ""Photo""}, {""full"": ""https://bina.azstatic.com/uploads/full/2026%2F07%2F27%2F17%2F25%2F01%2Fa42450e1-b7d7-4e6f-baa6-a698c8c948d2%2F80310_r79RpXoTSgtUa1MjEvtHiA.jpg"", ""f660x496"": ""https://bina.azstatic.com/uploads/f660x496/2026%2F07%2F27%2F17%2F25%2F01%2Fa42450e1-b7d7-4e6f-baa6-a698c8c948d2%2F80310_r79RpXoTSgtUa1MjEvtHiA.jpg"", ""thumbnail"": ""https://bina.azstatic.com/uploads/thumbnail/2026%2F07%2F27%2F17%2F25%2F01%2Fa42450e1-b7d7-4e6f-baa6-a698c8c948d2%2F80310_r79RpXoTSgtUa1MjEvtHiA.jpg"", ""__typename"": ""Photo""}, {""full"": ""https://bina.azstatic.com/uploads/full/2026%2F07%2F27%2F17%2F25%2F01%2F46f1f59a-22d5-44b3-9a5d-cfbab90e58b8%2F5808_WNHoJtPdwgCCDaUFH1VnqQ.jpg"", ""f660x496"": ""https://bina.azstatic.com/uploads/f660x496/2026%2F07%2F27%2F17%2F25%2F01%2F46f1f59a-22d5-44b3-9a5d-cfbab90e58b8%2F5808_WNHoJtPdwgCCDaUFH1VnqQ.jpg"", ""thumbnail"": ""https://bina.azstatic.com/uploads/thumbnail/2026%2F07%2F27%2F17%2F25%2F01%2F46f1f59a-22d5-44b3-9a5d-cfbab90e58b8%2F5808_WNHoJtPdwgCCDaUFH1VnqQ.jpg"", ""__typename"": ""Photo""}, {""full"": ""https://bina.azstatic.com/uploads/full/2026%2F07%2F27%2F17%2F25%2F01%2Fdc2b5e98-2da3-4480-a8b8-39288e4a8bd5%2F54304_ZMpz76_clKn9EbV43LMbjA.jpg"", ""f660x496"": ""https://bina.azstatic.com/uploads/f660x496/2026%2F07%2F27%2F17%2F25%2F01%2Fdc2b5e98-2da3-4480-a8b8-39288e4a8bd5%2F54304_ZMpz76_clKn9EbV43LMbjA.jpg"", ""thumbnail"": ""https://bina.azstatic.com/uploads/thumbnail/2026%2F07%2F27%2F17%2F25%2F01%2Fdc2b5e98-2da3-4480-a8b8-39288e4a8bd5%2F54304_ZMpz76_clKn9EbV43LMbjA.jpg"", ""__typename"": ""Photo""}], ""address"": ""Məhəmməd Hadi küç."", ""company"": {""id"": ""1230"", ""name"": ""Çinarə Xanım"", ""__typename"": ""Company"", ""targetType"": ""AGENCY""}, ""business"": {""id"": ""130"", ""city"": {""name"": ""Bakı"", ""__typename"": ""City""}, ""name"": ""Bakı Əmlak Qarayev"", ""path"": ""/agentlikler/baki-emlak-qarayev"", ""logoUrl"": ""https://bina.azstatic.com/uploads/o450x450/2024%2F08%2F09%2F09%2F43%2F30%2F81fa0e84-83ed-4cfa-8b21-7cd4599fbab9%2F26954_DWgEQQqRrb1W5yDQKFgsVA.jpg"", ""latitude"": 40.41932422288878, ""schedule"": ""Hər gün: 10:00 – 20:00"", ""longitude"": 49.92522239685059, ""__typename"": ""Agency"", ""itemsCount"": 680, ""viewsCount"": 34456, ""contactAddress"": ""Nizami r., Qara Qarayev pr. 77""}, ""category"": {""id"": ""2"", ""name"": ""Yeni tikili"", ""slug"": ""menziller/yeni-tikili"", ""title"": ""Mənzillər / Yeni tikililər"", ""hasFloor"": true, ""__typename"": ""Category"", ""pluralName"": ""Yeni tikililər"", ""hasLandArea"": false}, ""isLeased"": false, ""isVipped"": false, ""landArea"": null, ""location"": {""path"": ""/baki/ehmedli"", ""fullName"": ""Əhmədli m."", ""__typename"": ""Location""}, ""metaTags"": [{""name"": ""title"", ""content"": ""2 otaqlı yeni tikili — 66 m² — Əhmədli m., Bakı, Azərbaycan (6325847)"", ""__typename"": ""MetaTag""}, {""name"": ""description"", ""content"": "" Mənzil Amal 2015 MTK-da yerləşir.Binanın altında təhsil,tibb mərkəzi,şirniyyat mağazası,Supermarket və s. iaşə obyektləri..."", ""__typename"": ""MetaTag""}], ""expiresAt"": null, ""hasRepair"": false, ""updatedAt"": ""2026-07-27T17:30:40+04:00"", ""__typename"": ""Item"", ""isFeatured"": false, ""breadcrumbs"": [{""name"": ""Daşınmaz əmlak"", ""path"": ""/items/all"", ""__typename"": ""Breadcrumb""}, {""name"": ""Bakı"", ""path"": ""/baki"", ""__typename"": ""Breadcrumb""}, {""name"": ""Alqı-satqı"", ""path"": ""/alqi-satqi"", ""__typename"": ""Breadcrumb""}, {""name"": ""2 otaqlı yeni tikililər"", ""path"": ""/alqi-satqi/menziller/yeni-tikili/2-otaqli"", ""__typename"": ""Breadcrumb""}], ""contactName"": ""Çinarə Xanım"", ""description"": "" Mənzil Amal 2015 MTK-da yerləşir.Binanın altında təhsil,tibb mərkəzi,şirniyyat mağazası,Supermarket və s. iaşə obyektləri mövcuddur.Mənzil çox əlverişli yerdə yerləşir.Yaxında məktəb,baxça və Heydər Parkı var. Binada Qaz, Su, İşıq daimidir. İstilik sistemi kombidir. Mənzil 3 otaq studio tipli mənzil etmək mümkündür.Sənədi – Küpça. Ofis haqqı 1% təşkil edir"", ""hasMortgage"": false, ""isPaidDaily"": null, ""hasBillOfSale"": true, ""contactTypeName"": ""vasitəçi (agent)"", ""hasInternalLoan"": false, ""buildingTypeName"": null, ""nearestLocations"": [{""id"": ""16"", ""path"": ""/baki/xetai"", ""fullName"": ""Xətai r."", ""__typename"": ""Location""}, {""id"": ""51"", ""path"": ""/baki/ehmedli"", ""fullName"": ""Əhmədli m."", ""__typename"": ""Location""}, {""id"": ""100"", ""path"": ""/baki/xetai/ehmedli-qesebesi"", ""fullName"": ""Əhmədli q."", ""__typename"": ""Location""}], ""isExpiredManually"": false}"
